2026-01-03 02:04:13,989	INFO worker.py:1771 -- Connecting to existing Ray cluster at address: node1:23467...
2026-01-03 02:04:14,000	INFO worker.py:1942 -- Connected to Ray cluster. View the dashboard at [1m[32mhttp://127.0.0.1:8265 [39m[22m
[36m(pid=245980)[0m W0103 02:04:20.262000 245980 torch/utils/cpp_extension.py:118] No CUDA runtime is found, using CUDA_HOME='/usr/local/cuda'
ray init kwargs: {'num_cpus': None, 'runtime_env': {'env_vars': {'TOKENIZERS_PARALLELISM': 'true', 'NCCL_DEBUG': 'WARN', 'VLLM_LOGGING_LEVEL': 'WARN', 'VLLM_ALLOW_RUNTIME_LORA_UPDATING': 'true', 'NCCL_CUMEM_ENABLE': '0'}, 'working_dir': None}}
[36m(TaskRunner pid=245980)[0m TaskRunner hostname: VM-0-11-tencentos, PID: 245980
[36m(TaskRunner pid=245980)[0m {'actor_rollout_ref': {'actor': {'_target_': 'verl.workers.config.McoreActorConfig',
[36m(TaskRunner pid=245980)[0m                                  'calculate_entropy': False,
[36m(TaskRunner pid=245980)[0m                                  'checkpoint': {'_target_': 'verl.trainer.config.CheckpointConfig',
[36m(TaskRunner pid=245980)[0m                                                 'async_save': False,
[36m(TaskRunner pid=245980)[0m                                                 'load_contents': ['model',
[36m(TaskRunner pid=245980)[0m                                                                   'optimizer',
[36m(TaskRunner pid=245980)[0m                                                                   'extra'],
[36m(TaskRunner pid=245980)[0m                                                 'save_contents': ['model',
[36m(TaskRunner pid=245980)[0m                                                                   'optimizer',
[36m(TaskRunner pid=245980)[0m                                                                   'extra']},
[36m(TaskRunner pid=245980)[0m                                  'clip_ratio': 0.2,
[36m(TaskRunner pid=245980)[0m                                  'clip_ratio_c': 3.0,
[36m(TaskRunner pid=245980)[0m                                  'clip_ratio_high': 0.2,
[36m(TaskRunner pid=245980)[0m                                  'clip_ratio_low': 0.2,
[36m(TaskRunner pid=245980)[0m                                  'data_loader_seed': 42,
[36m(TaskRunner pid=245980)[0m                                  'entropy_coeff': 0,
[36m(TaskRunner pid=245980)[0m                                  'freeze_vision_tower': False,
[36m(TaskRunner pid=245980)[0m                                  'kl_loss_coef': 0.01,
[36m(TaskRunner pid=245980)[0m                                  'kl_loss_type': 'low_var_kl',
[36m(TaskRunner pid=245980)[0m                                  'load_weight': True,
[36m(TaskRunner pid=245980)[0m                                  'loss_agg_mode': 'token-mean',
[36m(TaskRunner pid=245980)[0m                                  'loss_scale_factor': None,
[36m(TaskRunner pid=245980)[0m                                  'megatron': {'_target_': 'verl.workers.config.McoreEngineConfig',
[36m(TaskRunner pid=245980)[0m                                               'context_parallel_size': 2,
[36m(TaskRunner pid=245980)[0m                                               'dist_checkpointing_path': None,
[36m(TaskRunner pid=245980)[0m                                               'dist_checkpointing_prefix': '',
[36m(TaskRunner pid=245980)[0m                                               'dtype': 'bfloat16',
[36m(TaskRunner pid=245980)[0m                                               'expert_model_parallel_size': 1,
[36m(TaskRunner pid=245980)[0m                                               'expert_tensor_parallel_size': None,
[36m(TaskRunner pid=245980)[0m                                               'forward_only': False,
[36m(TaskRunner pid=245980)[0m                                               'grad_offload': True,
[36m(TaskRunner pid=245980)[0m                                               'optimizer_offload': True,
[36m(TaskRunner pid=245980)[0m                                               'override_ddp_config': {},
[36m(TaskRunner pid=245980)[0m                                               'override_mcore_model_config': {},
[36m(TaskRunner pid=245980)[0m                                               'override_transformer_config': {'account_for_embedding_in_pipeline_split': True,
[36m(TaskRunner pid=245980)[0m                                                                               'account_for_loss_in_pipeline_split': True,
[36m(TaskRunner pid=245980)[0m                                                                               'attention_backend': 'flash',
[36m(TaskRunner pid=245980)[0m                                                                               'gradient_accumulation_fusion': True,
[36m(TaskRunner pid=245980)[0m                                                                               'moe_enable_deepep': True,
[36m(TaskRunner pid=245980)[0m                                                                               'moe_permute_fusion': True,
[36m(TaskRunner pid=245980)[0m                                                                               'moe_router_dtype': 'fp32',
[36m(TaskRunner pid=245980)[0m                                                                               'moe_token_dispatcher_type': 'flex',
[36m(TaskRunner pid=245980)[0m                                                                               'recompute_granularity': 'full',
[36m(TaskRunner pid=245980)[0m                                                                               'recompute_method': 'uniform',
[36m(TaskRunner pid=245980)[0m                                                                               'recompute_modules': ['core_attn'],
[36m(TaskRunner pid=245980)[0m                                                                               'recompute_num_layers': 1},
[36m(TaskRunner pid=245980)[0m                                               'param_offload': True,
[36m(TaskRunner pid=245980)[0m                                               'pipeline_model_parallel_size': 2,
[36m(TaskRunner pid=245980)[0m                                               'seed': 42,
[36m(TaskRunner pid=245980)[0m                                               'sequence_parallel': True,
[36m(TaskRunner pid=245980)[0m                                               'tensor_model_parallel_size': 2,
[36m(TaskRunner pid=245980)[0m                                               'use_dist_checkpointing': False,
[36m(TaskRunner pid=245980)[0m                                               'use_distributed_optimizer': True,
[36m(TaskRunner pid=245980)[0m                                               'use_mbridge': True,
[36m(TaskRunner pid=245980)[0m                                               'use_remove_padding': True,
[36m(TaskRunner pid=245980)[0m                                               'vanilla_mbridge': True,
[36m(TaskRunner pid=245980)[0m                                               'virtual_pipeline_model_parallel_size': None},
[36m(TaskRunner pid=245980)[0m                                  'optim': {'_target_': 'verl.workers.config.McoreOptimizerConfig',
[36m(TaskRunner pid=245980)[0m                                            'betas': [0.9, 0.999],
[36m(TaskRunner pid=245980)[0m                                            'clip_grad': 1.0,
[36m(TaskRunner pid=245980)[0m                                            'lr': 1e-06,
[36m(TaskRunner pid=245980)[0m                                            'lr_decay_steps': None,
[36m(TaskRunner pid=245980)[0m                                            'lr_decay_style': 'constant',
[36m(TaskRunner pid=245980)[0m                                            'lr_warmup_init': 0.0,
[36m(TaskRunner pid=245980)[0m                                            'lr_warmup_steps': -1,
[36m(TaskRunner pid=245980)[0m                                            'lr_warmup_steps_ratio': 0.0,
[36m(TaskRunner pid=245980)[0m                                            'lr_wsd_decay_steps': None,
[36m(TaskRunner pid=245980)[0m                                            'lr_wsd_decay_style': 'exponential',
[36m(TaskRunner pid=245980)[0m                                            'min_lr': 0.0,
[36m(TaskRunner pid=245980)[0m                                            'optimizer': 'adam',
[36m(TaskRunner pid=245980)[0m                                            'override_optimizer_config': {'optimizer_cpu_offload': True,
[36m(TaskRunner pid=245980)[0m                                                                          'optimizer_offload_fraction': 1,
[36m(TaskRunner pid=245980)[0m                                                                          'overlap_cpu_optimizer_d2h_h2d': True,
[36m(TaskRunner pid=245980)[0m                                                                          'use_precision_aware_optimizer': True},
[36m(TaskRunner pid=245980)[0m                                            'total_training_steps': -1,
[36m(TaskRunner pid=245980)[0m                                            'use_checkpoint_opt_param_scheduler': False,
[36m(TaskRunner pid=245980)[0m                                            'weight_decay': 0.01,
[36m(TaskRunner pid=245980)[0m                                            'weight_decay_incr_style': 'constant'},
[36m(TaskRunner pid=245980)[0m                                  'policy_loss': {'_target_': 'verl.workers.config.PolicyLossConfig',
[36m(TaskRunner pid=245980)[0m                                                  'clip_cov_lb': 1.0,
[36m(TaskRunner pid=245980)[0m                                                  'clip_cov_ratio': 0.0002,
[36m(TaskRunner pid=245980)[0m                                                  'clip_cov_ub': 5.0,
[36m(TaskRunner pid=245980)[0m                                                  'kl_cov_ratio': 0.0002,
[36m(TaskRunner pid=245980)[0m                                                  'loss_mode': 'vanilla',
[36m(TaskRunner pid=245980)[0m                                                  'ppo_kl_coef': 0.1},
[36m(TaskRunner pid=245980)[0m                                  'ppo_epochs': 1,
[36m(TaskRunner pid=245980)[0m                                  'ppo_max_token_len_per_gpu': 4096,
[36m(TaskRunner pid=245980)[0m                                  'ppo_micro_batch_size': None,
[36m(TaskRunner pid=245980)[0m                                  'ppo_micro_batch_size_per_gpu': 1,
[36m(TaskRunner pid=245980)[0m                                  'ppo_mini_batch_size': 256,
[36m(TaskRunner pid=245980)[0m                                  'profiler': {'_target_': 'verl.utils.profiler.ProfilerConfig',
[36m(TaskRunner pid=245980)[0m                                               'all_ranks': False,
[36m(TaskRunner pid=245980)[0m                                               'enable': False,
[36m(TaskRunner pid=245980)[0m                                               'ranks': [],
[36m(TaskRunner pid=245980)[0m                                               'save_path': 'outputs/profile',
[36m(TaskRunner pid=245980)[0m                                               'tool': None,
[36m(TaskRunner pid=245980)[0m                                               'tool_config': {'npu': {'_target_': 'verl.utils.profiler.config.NPUToolConfig',
[36m(TaskRunner pid=245980)[0m                                                                       'analysis': True,
[36m(TaskRunner pid=245980)[0m                                                                       'contents': [],
[36m(TaskRunner pid=245980)[0m                                                                       'discrete': False,
[36m(TaskRunner pid=245980)[0m                                                                       'level': 'level0'},
[36m(TaskRunner pid=245980)[0m                                                               'nsys': {'_target_': 'verl.utils.profiler.config.NsightToolConfig',
[36m(TaskRunner pid=245980)[0m                                                                        'discrete': False},
[36m(TaskRunner pid=245980)[0m                                                               'torch': {'_target_': 'verl.utils.profiler.config.TorchProfilerToolConfig',
[36m(TaskRunner pid=245980)[0m                                                                         'step_end': None,
[36m(TaskRunner pid=245980)[0m                                                                         'step_start': 0},
[36m(TaskRunner pid=245980)[0m                                                               'torch_memory': {'_target_': 'verl.utils.profiler.config.TorchMemoryToolConfig',
[36m(TaskRunner pid=245980)[0m                                                                                'stack_depth': 32,
[36m(TaskRunner pid=245980)[0m                                                                                'trace_alloc_max_entries': 100000}}},
[36m(TaskRunner pid=245980)[0m                                  'rollout_n': 5,
[36m(TaskRunner pid=245980)[0m                                  'router_replay': {'_target_': 'verl.workers.config.RouterReplayConfig',
[36m(TaskRunner pid=245980)[0m                                                    'mode': 'disabled',
[36m(TaskRunner pid=245980)[0m                                                    'record_file': None,
[36m(TaskRunner pid=245980)[0m                                                    'replay_file': None},
[36m(TaskRunner pid=245980)[0m                                  'shuffle': False,
[36m(TaskRunner pid=245980)[0m                                  'strategy': 'megatron',
[36m(TaskRunner pid=245980)[0m                                  'tau_neg': 1.05,
[36m(TaskRunner pid=245980)[0m                                  'tau_pos': 1.0,
[36m(TaskRunner pid=245980)[0m                                  'use_dynamic_bsz': True,
[36m(TaskRunner pid=245980)[0m                                  'use_fused_kernels': False,
[36m(TaskRunner pid=245980)[0m                                  'use_kl_loss': True,
[36m(TaskRunner pid=245980)[0m                                  'use_torch_compile': True},
[36m(TaskRunner pid=245980)[0m                        'hybrid_engine': True,
[36m(TaskRunner pid=245980)[0m                        'model': {'_target_': 'verl.workers.config.HFModelConfig',
[36m(TaskRunner pid=245980)[0m                                  'custom_chat_template': None,
[36m(TaskRunner pid=245980)[0m                                  'enable_activation_offload': False,
[36m(TaskRunner pid=245980)[0m                                  'enable_gradient_checkpointing': True,
[36m(TaskRunner pid=245980)[0m                                  'exclude_modules': None,
[36m(TaskRunner pid=245980)[0m                                  'external_lib': None,
[36m(TaskRunner pid=245980)[0m                                  'fused_kernel_options': {'impl_backend': 'torch'},
[36m(TaskRunner pid=245980)[0m                                  'hf_config_path': None,
[36m(TaskRunner pid=245980)[0m                                  'lora': {'a2a_experimental': False,
[36m(TaskRunner pid=245980)[0m                                           'adapter_path': None,
[36m(TaskRunner pid=245980)[0m                                           'alpha': 32,
[36m(TaskRunner pid=245980)[0m                                           'dropout': 0.0,
[36m(TaskRunner pid=245980)[0m                                           'dropout_position': 'pre',
[36m(TaskRunner pid=245980)[0m                                           'dtype': None,
[36m(TaskRunner pid=245980)[0m                                           'exclude_modules': [],
[36m(TaskRunner pid=245980)[0m                                           'freeze_language_model': True,
[36m(TaskRunner pid=245980)[0m                                           'freeze_vision_model': True,
[36m(TaskRunner pid=245980)[0m                                           'freeze_vision_projection': True,
[36m(TaskRunner pid=245980)[0m                                           'lora_A_init_method': 'xavier',
[36m(TaskRunner pid=245980)[0m                                           'lora_B_init_method': 'zero',
[36m(TaskRunner pid=245980)[0m                                           'rank': 0,
[36m(TaskRunner pid=245980)[0m                                           'target_modules': ['linear_qkv',
[36m(TaskRunner pid=245980)[0m                                                              'linear_proj',
[36m(TaskRunner pid=245980)[0m                                                              'linear_fc1',
[36m(TaskRunner pid=245980)[0m                                                              'linear_fc2'],
[36m(TaskRunner pid=245980)[0m                                           'type': 'lora'},
[36m(TaskRunner pid=245980)[0m                                  'lora_adapter_path': None,
[36m(TaskRunner pid=245980)[0m                                  'lora_alpha': 16,
[36m(TaskRunner pid=245980)[0m                                  'lora_rank': 0,
[36m(TaskRunner pid=245980)[0m                                  'override_config': {'model_config': {},
[36m(TaskRunner pid=245980)[0m                                                      'moe_config': {'freeze_moe_router': False}},
[36m(TaskRunner pid=245980)[0m                                  'path': '/mnt/cfs/tilearn/pretrain_models/Qwen/Qwen3-VL-8B-Instruct',
[36m(TaskRunner pid=245980)[0m                                  'target_modules': 'all-linear',
[36m(TaskRunner pid=245980)[0m                                  'tokenizer_path': None,
[36m(TaskRunner pid=245980)[0m                                  'trust_remote_code': False,
[36m(TaskRunner pid=245980)[0m                                  'use_fused_kernels': False,
[36m(TaskRunner pid=245980)[0m                                  'use_liger': False,
[36m(TaskRunner pid=245980)[0m                                  'use_remove_padding': False,
[36m(TaskRunner pid=245980)[0m                                  'use_shm': False},
[36m(TaskRunner pid=245980)[0m                        'nccl_timeout': 600,
[36m(TaskRunner pid=245980)[0m                        'ref': {'_target_': 'verl.workers.config.McoreActorConfig',
[36m(TaskRunner pid=245980)[0m                                'load_weight': True,
[36m(TaskRunner pid=245980)[0m                                'log_prob_max_token_len_per_gpu': 4096,
[36m(TaskRunner pid=245980)[0m                                'log_prob_micro_batch_size': None,
[36m(TaskRunner pid=245980)[0m                                'log_prob_micro_batch_size_per_gpu': 1,
[36m(TaskRunner pid=245980)[0m                                'log_prob_use_dynamic_bsz': True,
[36m(TaskRunner pid=245980)[0m                                'megatron': {'_target_': 'verl.workers.config.McoreEngineConfig',
[36m(TaskRunner pid=245980)[0m                                             'context_parallel_size': 2,
[36m(TaskRunner pid=245980)[0m                                             'dist_checkpointing_path': None,
[36m(TaskRunner pid=245980)[0m                                             'dist_checkpointing_prefix': '',
[36m(TaskRunner pid=245980)[0m                                             'dtype': 'bfloat16',
[36m(TaskRunner pid=245980)[0m                                             'expert_model_parallel_size': 1,
[36m(TaskRunner pid=245980)[0m                                             'expert_tensor_parallel_size': None,
[36m(TaskRunner pid=245980)[0m                                             'forward_only': True,
[36m(TaskRunner pid=245980)[0m                                             'grad_offload': False,
[36m(TaskRunner pid=245980)[0m                                             'optimizer_offload': False,
[36m(TaskRunner pid=245980)[0m                                             'override_ddp_config': {},
[36m(TaskRunner pid=245980)[0m                                             'override_mcore_model_config': {},
[36m(TaskRunner pid=245980)[0m                                             'override_transformer_config': {'account_for_embedding_in_pipeline_split': True,
[36m(TaskRunner pid=245980)[0m                                                                             'account_for_loss_in_pipeline_split': True,
[36m(TaskRunner pid=245980)[0m                                                                             'attention_backend': 'flash',
[36m(TaskRunner pid=245980)[0m                                                                             'gradient_accumulation_fusion': True,
[36m(TaskRunner pid=245980)[0m                                                                             'moe_enable_deepep': True,
[36m(TaskRunner pid=245980)[0m                                                                             'moe_permute_fusion': True,
[36m(TaskRunner pid=245980)[0m                                                                             'moe_router_dtype': 'fp32',
[36m(TaskRunner pid=245980)[0m                                                                             'moe_token_dispatcher_type': 'flex',
[36m(TaskRunner pid=245980)[0m                                                                             'recompute_granularity': 'full',
[36m(TaskRunner pid=245980)[0m                                                                             'recompute_method': 'uniform',
[36m(TaskRunner pid=245980)[0m                                                                             'recompute_modules': ['core_attn'],
[36m(TaskRunner pid=245980)[0m                                                                             'recompute_num_layers': 1},
[36m(TaskRunner pid=245980)[0m                                             'param_offload': True,
[36m(TaskRunner pid=245980)[0m                                             'pipeline_model_parallel_size': 2,
[36m(TaskRunner pid=245980)[0m                                             'seed': 42,
[36m(TaskRunner pid=245980)[0m                                             'sequence_parallel': True,
[36m(TaskRunner pid=245980)[0m                                             'tensor_model_parallel_size': 2,
[36m(TaskRunner pid=245980)[0m                                             'use_dist_checkpointing': False,
[36m(TaskRunner pid=245980)[0m                                             'use_distributed_optimizer': True,
[36m(TaskRunner pid=245980)[0m                                             'use_mbridge': True,
[36m(TaskRunner pid=245980)[0m                                             'use_remove_padding': True,
[36m(TaskRunner pid=245980)[0m                                             'vanilla_mbridge': True,
[36m(TaskRunner pid=245980)[0m                                             'virtual_pipeline_model_parallel_size': None},
[36m(TaskRunner pid=245980)[0m                                'profiler': {'_target_': 'verl.utils.profiler.ProfilerConfig',
[36m(TaskRunner pid=245980)[0m                                             'all_ranks': False,
[36m(TaskRunner pid=245980)[0m                                             'enable': False,
[36m(TaskRunner pid=245980)[0m                                             'ranks': [],
[36m(TaskRunner pid=245980)[0m                                             'save_path': 'outputs/profile',
[36m(TaskRunner pid=245980)[0m                                             'tool': None,
[36m(TaskRunner pid=245980)[0m                                             'tool_config': {'npu': {'_target_': 'verl.utils.profiler.config.NPUToolConfig',
[36m(TaskRunner pid=245980)[0m                                                                     'analysis': True,
[36m(TaskRunner pid=245980)[0m                                                                     'contents': [],
[36m(TaskRunner pid=245980)[0m                                                                     'discrete': False,
[36m(TaskRunner pid=245980)[0m                                                                     'level': 'level0'},
[36m(TaskRunner pid=245980)[0m                                                             'nsys': {'_target_': 'verl.utils.profiler.config.NsightToolConfig',
[36m(TaskRunner pid=245980)[0m                                                                      'discrete': False},
[36m(TaskRunner pid=245980)[0m                                                             'torch': {'_target_': 'verl.utils.profiler.config.TorchProfilerToolConfig',
[36m(TaskRunner pid=245980)[0m                                                                       'step_end': None,
[36m(TaskRunner pid=245980)[0m                                                                       'step_start': 0},
[36m(TaskRunner pid=245980)[0m                                                             'torch_memory': {'_target_': 'verl.utils.profiler.config.TorchMemoryToolConfig',
[36m(TaskRunner pid=245980)[0m                                                                              'stack_depth': 32,
[36m(TaskRunner pid=245980)[0m                                                                              'trace_alloc_max_entries': 100000}}},
[36m(TaskRunner pid=245980)[0m                                'rollout_n': 5,
[36m(TaskRunner pid=245980)[0m                                'router_replay': {'_target_': 'verl.workers.config.RouterReplayConfig',
[36m(TaskRunner pid=245980)[0m                                                  'mode': 'disabled',
[36m(TaskRunner pid=245980)[0m                                                  'record_file': None,
[36m(TaskRunner pid=245980)[0m                                                  'replay_file': None},
[36m(TaskRunner pid=245980)[0m                                'strategy': 'megatron',
[36m(TaskRunner pid=245980)[0m                                'use_torch_compile': True},
[36m(TaskRunner pid=245980)[0m                        'rollout': {'_target_': 'verl.workers.config.RolloutConfig',
[36m(TaskRunner pid=245980)[0m                                    'agent': {'_target_': 'verl.workers.config.AgentLoopConfig',
[36m(TaskRunner pid=245980)[0m                                              'agent_loop_config_path': None,
[36m(TaskRunner pid=245980)[0m                                              'custom_async_server': {'_target_': 'verl.workers.config.CustomAsyncServerConfig',
[36m(TaskRunner pid=245980)[0m                                                                      'name': None,
[36m(TaskRunner pid=245980)[0m                                                                      'path': None},
[36m(TaskRunner pid=245980)[0m                                              'default_agent_loop': 'single_turn_agent',
[36m(TaskRunner pid=245980)[0m                                              'num_workers': 8},
[36m(TaskRunner pid=245980)[0m                                    'calculate_log_probs': False,
[36m(TaskRunner pid=245980)[0m                                    'cudagraph_capture_sizes': None,
[36m(TaskRunner pid=245980)[0m                                    'data_parallel_size': 1,
[36m(TaskRunner pid=245980)[0m                                    'disable_log_stats': True,
[36m(TaskRunner pid=245980)[0m                                    'do_sample': True,
[36m(TaskRunner pid=245980)[0m                                    'dtype': 'bfloat16',
[36m(TaskRunner pid=245980)[0m                                    'enable_chunked_prefill': True,
[36m(TaskRunner pid=245980)[0m                                    'enable_prefix_caching': True,
[36m(TaskRunner pid=245980)[0m                                    'enable_rollout_routing_replay': False,
[36m(TaskRunner pid=245980)[0m                                    'enforce_eager': False,
[36m(TaskRunner pid=245980)[0m                                    'engine_kwargs': {'sglang': {},
[36m(TaskRunner pid=245980)[0m                                                      'vllm': {'disable_mm_preprocessor_cache': True}},
[36m(TaskRunner pid=245980)[0m                                    'expert_parallel_size': 1,
[36m(TaskRunner pid=245980)[0m                                    'free_cache_engine': True,
[36m(TaskRunner pid=245980)[0m                                    'gpu_memory_utilization': 0.7,
[36m(TaskRunner pid=245980)[0m                                    'ignore_eos': False,
[36m(TaskRunner pid=245980)[0m                                    'layer_name_map': {'gate_proj_layer_name': 'gate_up',
[36m(TaskRunner pid=245980)[0m                                                       'qkv_layer_name': 'qkv'},
[36m(TaskRunner pid=245980)[0m                                    'load_format': 'safetensors',
[36m(TaskRunner pid=245980)[0m                                    'log_prob_max_token_len_per_gpu': 4096,
[36m(TaskRunner pid=245980)[0m                                    'log_prob_micro_batch_size': None,
[36m(TaskRunner pid=245980)[0m                                    'log_prob_micro_batch_size_per_gpu': 1,
[36m(TaskRunner pid=245980)[0m                                    'log_prob_use_dynamic_bsz': True,
[36m(TaskRunner pid=245980)[0m                                    'max_model_len': None,
[36m(TaskRunner pid=245980)[0m                                    'max_num_batched_tokens': 8192,
[36m(TaskRunner pid=245980)[0m                                    'max_num_seqs': 1024,
[36m(TaskRunner pid=245980)[0m                                    'mode': 'async',
[36m(TaskRunner pid=245980)[0m                                    'multi_stage_wake_up': False,
[36m(TaskRunner pid=245980)[0m                                    'multi_turn': {'_target_': 'verl.workers.config.MultiTurnConfig',
[36m(TaskRunner pid=245980)[0m                                                   'enable': False,
[36m(TaskRunner pid=245980)[0m                                                   'format': 'hermes',
[36m(TaskRunner pid=245980)[0m                                                   'interaction_config_path': None,
[36m(TaskRunner pid=245980)[0m                                                   'max_assistant_turns': None,
[36m(TaskRunner pid=245980)[0m                                                   'max_parallel_calls': 1,
[36m(TaskRunner pid=245980)[0m                                                   'max_tool_response_length': 256,
[36m(TaskRunner pid=245980)[0m                                                   'max_user_turns': None,
[36m(TaskRunner pid=245980)[0m                                                   'num_repeat_rollouts': None,
[36m(TaskRunner pid=245980)[0m                                                   'tokenization_sanity_check_mode': 'strict',
[36m(TaskRunner pid=245980)[0m                                                   'tool_config_path': None,
[36m(TaskRunner pid=245980)[0m                                                   'tool_response_truncate_side': 'middle',
[36m(TaskRunner pid=245980)[0m                                                   'use_inference_chat_template': False},
[36m(TaskRunner pid=245980)[0m                                    'n': 5,
[36m(TaskRunner pid=245980)[0m                                    'name': 'vllm',
[36m(TaskRunner pid=245980)[0m                                    'over_sample_rate': 0,
[36m(TaskRunner pid=245980)[0m                                    'pipeline_model_parallel_size': 1,
[36m(TaskRunner pid=245980)[0m                                    'profiler': {'_target_': 'verl.utils.profiler.ProfilerConfig',
[36m(TaskRunner pid=245980)[0m                                                 'all_ranks': False,
[36m(TaskRunner pid=245980)[0m                                                 'enable': False,
[36m(TaskRunner pid=245980)[0m                                                 'ranks': [],
[36m(TaskRunner pid=245980)[0m                                                 'save_path': 'outputs/profile',
[36m(TaskRunner pid=245980)[0m                                                 'tool': None,
[36m(TaskRunner pid=245980)[0m                                                 'tool_config': {'npu': {'_target_': 'verl.utils.profiler.config.NPUToolConfig',
[36m(TaskRunner pid=245980)[0m                                                                         'analysis': True,
[36m(TaskRunner pid=245980)[0m                                                                         'contents': [],
[36m(TaskRunner pid=245980)[0m                                                                         'discrete': False,
[36m(TaskRunner pid=245980)[0m                                                                         'level': 'level0'},
[36m(TaskRunner pid=245980)[0m                                                                 'nsys': {'_target_': 'verl.utils.profiler.config.NsightToolConfig',
[36m(TaskRunner pid=245980)[0m                                                                          'discrete': False},
[36m(TaskRunner pid=245980)[0m                                                                 'torch': {'_target_': 'verl.utils.profiler.config.TorchProfilerToolConfig',
[36m(TaskRunner pid=245980)[0m                                                                           'step_end': None,
[36m(TaskRunner pid=245980)[0m                                                                           'step_start': 0},
[36m(TaskRunner pid=245980)[0m                                                                 'torch_memory': {'_target_': 'verl.utils.profiler.config.TorchMemoryToolConfig',
[36m(TaskRunner pid=245980)[0m                                                                                  'stack_depth': 32,
[36m(TaskRunner pid=245980)[0m                                                                                  'trace_alloc_max_entries': 100000}}},
[36m(TaskRunner pid=245980)[0m                                    'prometheus': {'_target_': 'verl.workers.config.PrometheusConfig',
[36m(TaskRunner pid=245980)[0m                                                   'enable': False,
[36m(TaskRunner pid=245980)[0m                                                   'file': '/tmp/ray/session_latest/metrics/prometheus/prometheus.yml',
[36m(TaskRunner pid=245980)[0m                                                   'port': 9090,
[36m(TaskRunner pid=245980)[0m                                                   'served_model_name': '/mnt/cfs/tilearn/pretrain_models/Qwen/Qwen3-VL-8B-Instruct'},
[36m(TaskRunner pid=245980)[0m                                    'prompt_length': 1024,
[36m(TaskRunner pid=245980)[0m                                    'quantization': None,
[36m(TaskRunner pid=245980)[0m                                    'quantization_config_file': None,
[36m(TaskRunner pid=245980)[0m                                    'response_length': 2048,
[36m(TaskRunner pid=245980)[0m                                    'skip_dump_dir': '/tmp/rollout_dump',
[36m(TaskRunner pid=245980)[0m                                    'skip_rollout': False,
[36m(TaskRunner pid=245980)[0m                                    'skip_tokenizer_init': True,
[36m(TaskRunner pid=245980)[0m                                    'temperature': 1.0,
[36m(TaskRunner pid=245980)[0m                                    'tensor_model_parallel_size': 1,
[36m(TaskRunner pid=245980)[0m                                    'top_k': -1,
[36m(TaskRunner pid=245980)[0m                                    'top_p': 1,
[36m(TaskRunner pid=245980)[0m                                    'trace': {'_target_': 'verl.workers.config.TraceConfig',
[36m(TaskRunner pid=245980)[0m                                              'backend': None,
[36m(TaskRunner pid=245980)[0m                                              'max_samples_per_step_per_worker': None,
[36m(TaskRunner pid=245980)[0m                                              'token2text': False},
[36m(TaskRunner pid=245980)[0m                                    'update_weights_bucket_megabytes': 512,
[36m(TaskRunner pid=245980)[0m                                    'val_kwargs': {'_target_': 'verl.workers.config.SamplingConfig',
[36m(TaskRunner pid=245980)[0m                                                   'do_sample': False,
[36m(TaskRunner pid=245980)[0m                                                   'n': 1,
[36m(TaskRunner pid=245980)[0m                                                   'temperature': 0,
[36m(TaskRunner pid=245980)[0m                                                   'top_k': -1,
[36m(TaskRunner pid=245980)[0m                                                   'top_p': 1.0}}},
[36m(TaskRunner pid=245980)[0m  'algorithm': {'_target_': 'verl.trainer.config.AlgoConfig',
[36m(TaskRunner pid=245980)[0m                'adv_estimator': 'grpo',
[36m(TaskRunner pid=245980)[0m                'gamma': 1.0,
[36m(TaskRunner pid=245980)[0m                'kl_ctrl': {'_target_': 'verl.trainer.config.KLControlConfig',
[36m(TaskRunner pid=245980)[0m                            'horizon': 10000,
[36m(TaskRunner pid=245980)[0m                            'kl_coef': 0.001,
[36m(TaskRunner pid=245980)[0m                            'target_kl': 0.1,
[36m(TaskRunner pid=245980)[0m                            'type': 'fixed'},
[36m(TaskRunner pid=245980)[0m                'kl_penalty': 'kl',
[36m(TaskRunner pid=245980)[0m                'lam': 1.0,
[36m(TaskRunner pid=245980)[0m                'norm_adv_by_std_in_grpo': True,
[36m(TaskRunner pid=245980)[0m                'pf_ppo': {'reweight_method': 'pow', 'weight_pow': 2.0},
[36m(TaskRunner pid=245980)[0m                'rollout_correction': {'bypass_mode': False,
[36m(TaskRunner pid=245980)[0m                                       'loss_type': 'ppo_clip',
[36m(TaskRunner pid=245980)[0m                                       'rollout_is': None,
[36m(TaskRunner pid=245980)[0m                                       'rollout_is_batch_normalize': False,
[36m(TaskRunner pid=245980)[0m                                       'rollout_is_threshold': 2.0,
[36m(TaskRunner pid=245980)[0m                                       'rollout_rs': None,
[36m(TaskRunner pid=245980)[0m                                       'rollout_rs_threshold': None,
[36m(TaskRunner pid=245980)[0m                                       'rollout_rs_threshold_lower': None,
[36m(TaskRunner pid=245980)[0m                                       'rollout_token_veto_threshold': None},
[36m(TaskRunner pid=245980)[0m                'use_kl_in_reward': False,
[36m(TaskRunner pid=245980)[0m                'use_pf_ppo': False},
[36m(TaskRunner pid=245980)[0m  'critic': {'_target_': 'verl.workers.config.McoreCriticConfig',
[36m(TaskRunner pid=245980)[0m             'checkpoint': {'_target_': 'verl.trainer.config.CheckpointConfig',
[36m(TaskRunner pid=245980)[0m                            'async_save': False,
[36m(TaskRunner pid=245980)[0m                            'load_contents': ['model', 'optimizer', 'extra'],
[36m(TaskRunner pid=245980)[0m                            'save_contents': ['model', 'optimizer', 'extra']},
[36m(TaskRunner pid=245980)[0m             'cliprange_value': 0.5,
[36m(TaskRunner pid=245980)[0m             'data_loader_seed': 42,
[36m(TaskRunner pid=245980)[0m             'enable': None,
[36m(TaskRunner pid=245980)[0m             'forward_max_token_len_per_gpu': 32768,
[36m(TaskRunner pid=245980)[0m             'load_weight': True,
[36m(TaskRunner pid=245980)[0m             'loss_agg_mode': 'token-mean',
[36m(TaskRunner pid=245980)[0m             'megatron': {'_target_': 'verl.workers.config.McoreEngineConfig',
[36m(TaskRunner pid=245980)[0m                          'context_parallel_size': 1,
[36m(TaskRunner pid=245980)[0m                          'dist_checkpointing_path': None,
[36m(TaskRunner pid=245980)[0m                          'dist_checkpointing_prefix': '',
[36m(TaskRunner pid=245980)[0m                          'dtype': 'bfloat16',
[36m(TaskRunner pid=245980)[0m                          'expert_model_parallel_size': 1,
[36m(TaskRunner pid=245980)[0m                          'expert_tensor_parallel_size': None,
[36m(TaskRunner pid=245980)[0m                          'forward_only': False,
[36m(TaskRunner pid=245980)[0m                          'grad_offload': False,
[36m(TaskRunner pid=245980)[0m                          'optimizer_offload': False,
[36m(TaskRunner pid=245980)[0m                          'override_ddp_config': {},
[36m(TaskRunner pid=245980)[0m                          'override_mcore_model_config': {},
[36m(TaskRunner pid=245980)[0m                          'override_transformer_config': {'attention_backend': 'flash',
[36m(TaskRunner pid=245980)[0m                                                          'recompute_granularity': None,
[36m(TaskRunner pid=245980)[0m                                                          'recompute_method': None,
[36m(TaskRunner pid=245980)[0m                                                          'recompute_modules': ['core_attn'],
[36m(TaskRunner pid=245980)[0m                                                          'recompute_num_layers': None},
[36m(TaskRunner pid=245980)[0m                          'param_offload': False,
[36m(TaskRunner pid=245980)[0m                          'pipeline_model_parallel_size': 1,
[36m(TaskRunner pid=245980)[0m                          'seed': 42,
[36m(TaskRunner pid=245980)[0m                          'sequence_parallel': True,
[36m(TaskRunner pid=245980)[0m                          'tensor_model_parallel_size': 1,
[36m(TaskRunner pid=245980)[0m                          'use_dist_checkpointing': False,
[36m(TaskRunner pid=245980)[0m                          'use_distributed_optimizer': True,
[36m(TaskRunner pid=245980)[0m                          'use_mbridge': True,
[36m(TaskRunner pid=245980)[0m                          'use_remove_padding': True,
[36m(TaskRunner pid=245980)[0m                          'vanilla_mbridge': True,
[36m(TaskRunner pid=245980)[0m                          'virtual_pipeline_model_parallel_size': None},
[36m(TaskRunner pid=245980)[0m             'model': {'_target_': 'verl.trainer.config.BaseModelConfig',
[36m(TaskRunner pid=245980)[0m                       'external_lib': None,
[36m(TaskRunner pid=245980)[0m                       'lora': {'a2a_experimental': False,
[36m(TaskRunner pid=245980)[0m                                'adapter_path': None,
[36m(TaskRunner pid=245980)[0m                                'alpha': 32,
[36m(TaskRunner pid=245980)[0m                                'dropout': 0.0,
[36m(TaskRunner pid=245980)[0m                                'dropout_position': 'pre',
[36m(TaskRunner pid=245980)[0m                                'dtype': None,
[36m(TaskRunner pid=245980)[0m                                'exclude_modules': [],
[36m(TaskRunner pid=245980)[0m                                'freeze_language_model': True,
[36m(TaskRunner pid=245980)[0m                                'freeze_vision_model': True,
[36m(TaskRunner pid=245980)[0m                                'freeze_vision_projection': True,
[36m(TaskRunner pid=245980)[0m                                'lora_A_init_method': 'xavier',
[36m(TaskRunner pid=245980)[0m                                'lora_B_init_method': 'zero',
[36m(TaskRunner pid=245980)[0m                                'rank': 0,
[36m(TaskRunner pid=245980)[0m                                'target_modules': ['linear_qkv',
[36m(TaskRunner pid=245980)[0m                                                   'linear_proj',
[36m(TaskRunner pid=245980)[0m                                                   'linear_fc1',
[36m(TaskRunner pid=245980)[0m                                                   'linear_fc2'],
[36m(TaskRunner pid=245980)[0m                                'type': 'lora'},
[36m(TaskRunner pid=245980)[0m                       'override_config': {'model_config': {},
[36m(TaskRunner pid=245980)[0m                                           'moe_config': {'freeze_moe_router': False}},
[36m(TaskRunner pid=245980)[0m                       'path': '~/models/deepseek-llm-7b-chat',
[36m(TaskRunner pid=245980)[0m                       'tokenizer_path': '/mnt/cfs/tilearn/pretrain_models/Qwen/Qwen3-VL-8B-Instruct',
[36m(TaskRunner pid=245980)[0m                       'trust_remote_code': False},
[36m(TaskRunner pid=245980)[0m             'nccl_timeout': 600,
[36m(TaskRunner pid=245980)[0m             'optim': {'_target_': 'verl.workers.config.McoreOptimizerConfig',
[36m(TaskRunner pid=245980)[0m                       'betas': [0.9, 0.999],
[36m(TaskRunner pid=245980)[0m                       'clip_grad': 1.0,
[36m(TaskRunner pid=245980)[0m                       'lr': 1e-05,
[36m(TaskRunner pid=245980)[0m                       'lr_decay_steps': None,
[36m(TaskRunner pid=245980)[0m                       'lr_decay_style': 'constant',
[36m(TaskRunner pid=245980)[0m                       'lr_warmup_init': 0.0,
[36m(TaskRunner pid=245980)[0m                       'lr_warmup_steps': -1,
[36m(TaskRunner pid=245980)[0m                       'lr_warmup_steps_ratio': 0.0,
[36m(TaskRunner pid=245980)[0m                       'lr_wsd_decay_steps': None,
[36m(TaskRunner pid=245980)[0m                       'lr_wsd_decay_style': 'exponential',
[36m(TaskRunner pid=245980)[0m                       'min_lr': 0.0,
[36m(TaskRunner pid=245980)[0m                       'optimizer': 'adam',
[36m(TaskRunner pid=245980)[0m                       'override_optimizer_config': {},
[36m(TaskRunner pid=245980)[0m                       'total_training_steps': -1,
[36m(TaskRunner pid=245980)[0m                       'use_checkpoint_opt_param_scheduler': False,
[36m(TaskRunner pid=245980)[0m                       'weight_decay': 0.01,
[36m(TaskRunner pid=245980)[0m                       'weight_decay_incr_style': 'constant'},
[36m(TaskRunner pid=245980)[0m             'ppo_epochs': 1,
[36m(TaskRunner pid=245980)[0m             'ppo_max_token_len_per_gpu': 32768,
[36m(TaskRunner pid=245980)[0m             'ppo_micro_batch_size': None,
[36m(TaskRunner pid=245980)[0m             'ppo_micro_batch_size_per_gpu': None,
[36m(TaskRunner pid=245980)[0m             'ppo_mini_batch_size': 256,
[36m(TaskRunner pid=245980)[0m             'profiler': {'_target_': 'verl.utils.profiler.ProfilerConfig',
[36m(TaskRunner pid=245980)[0m                          'all_ranks': False,
[36m(TaskRunner pid=245980)[0m                          'enable': False,
[36m(TaskRunner pid=245980)[0m                          'ranks': [],
[36m(TaskRunner pid=245980)[0m                          'save_path': 'outputs/profile',
[36m(TaskRunner pid=245980)[0m                          'tool': None,
[36m(TaskRunner pid=245980)[0m                          'tool_config': {'npu': {'_target_': 'verl.utils.profiler.config.NPUToolConfig',
[36m(TaskRunner pid=245980)[0m                                                  'analysis': True,
[36m(TaskRunner pid=245980)[0m                                                  'contents': [],
[36m(TaskRunner pid=245980)[0m                                                  'discrete': False,
[36m(TaskRunner pid=245980)[0m                                                  'level': 'level0'},
[36m(TaskRunner pid=245980)[0m                                          'nsys': {'_target_': 'verl.utils.profiler.config.NsightToolConfig',
[36m(TaskRunner pid=245980)[0m                                                   'discrete': False},
[36m(TaskRunner pid=245980)[0m                                          'torch': {'_target_': 'verl.utils.profiler.config.TorchProfilerToolConfig',
[36m(TaskRunner pid=245980)[0m                                                    'step_end': None,
[36m(TaskRunner pid=245980)[0m                                                    'step_start': 0},
[36m(TaskRunner pid=245980)[0m                                          'torch_memory': {'_target_': 'verl.utils.profiler.config.TorchMemoryToolConfig',
[36m(TaskRunner pid=245980)[0m                                                           'stack_depth': 32,
[36m(TaskRunner pid=245980)[0m                                                           'trace_alloc_max_entries': 100000}}},
[36m(TaskRunner pid=245980)[0m             'rollout_n': 5,
[36m(TaskRunner pid=245980)[0m             'shuffle': False,
[36m(TaskRunner pid=245980)[0m             'strategy': 'megatron',
[36m(TaskRunner pid=245980)[0m             'use_dynamic_bsz': True},
[36m(TaskRunner pid=245980)[0m  'custom_reward_function': {'name': 'compute_score', 'path': None},
[36m(TaskRunner pid=245980)[0m  'data': {'apply_chat_template_kwargs': {},
[36m(TaskRunner pid=245980)[0m           'custom_cls': {'name': None, 'path': None},
[36m(TaskRunner pid=245980)[0m           'datagen': {'name': None, 'path': None},
[36m(TaskRunner pid=245980)[0m           'dataloader_num_workers': 8,
[36m(TaskRunner pid=245980)[0m           'filter_overlong_prompts': True,
[36m(TaskRunner pid=245980)[0m           'filter_overlong_prompts_workers': 1,
[36m(TaskRunner pid=245980)[0m           'image_key': 'images',
[36m(TaskRunner pid=245980)[0m           'image_patch_size': 14,
[36m(TaskRunner pid=245980)[0m           'max_prompt_length': 1024,
[36m(TaskRunner pid=245980)[0m           'max_response_length': 2048,
[36m(TaskRunner pid=245980)[0m           'prompt_key': 'prompt',
[36m(TaskRunner pid=245980)[0m           'return_full_prompt': False,
[36m(TaskRunner pid=245980)[0m           'return_multi_modal_inputs': True,
[36m(TaskRunner pid=245980)[0m           'return_raw_chat': True,
[36m(TaskRunner pid=245980)[0m           'return_raw_input_ids': False,
[36m(TaskRunner pid=245980)[0m           'reward_fn_key': 'data_source',
[36m(TaskRunner pid=245980)[0m           'sampler': {'class_name': None, 'class_path': None},
[36m(TaskRunner pid=245980)[0m           'seed': None,
[36m(TaskRunner pid=245980)[0m           'shuffle': True,
[36m(TaskRunner pid=245980)[0m           'tokenizer': None,
[36m(TaskRunner pid=245980)[0m           'tool_config_path': None,
[36m(TaskRunner pid=245980)[0m           'train_batch_size': 512,
[36m(TaskRunner pid=245980)[0m           'train_files': '/mnt/cfs/chenyangguo/geo3k/train.parquet',
[36m(TaskRunner pid=245980)[0m           'train_max_samples': -1,
[36m(TaskRunner pid=245980)[0m           'truncation': 'error',
[36m(TaskRunner pid=245980)[0m           'trust_remote_code': False,
[36m(TaskRunner pid=245980)[0m           'use_shm': False,
[36m(TaskRunner pid=245980)[0m           'val_batch_size': None,
[36m(TaskRunner pid=245980)[0m           'val_files': '/mnt/cfs/chenyangguo/geo3k/test.parquet',
[36m(TaskRunner pid=245980)[0m           'val_max_samples': -1,
[36m(TaskRunner pid=245980)[0m           'validation_shuffle': False,
[36m(TaskRunner pid=245980)[0m           'video_key': 'videos'},
[36m(TaskRunner pid=245980)[0m  'global_profiler': {'_target_': 'verl.utils.profiler.ProfilerConfig',
[36m(TaskRunner pid=245980)[0m                      'global_tool_config': {'nsys': {'controller_nsight_options': {'cuda-graph-trace': 'graph',
[36m(TaskRunner pid=245980)[0m                                                                                    'cuda-memory-usage': 'true',
[36m(TaskRunner pid=245980)[0m                                                                                    'trace': 'cuda,nvtx,cublas,ucx'},
[36m(TaskRunner pid=245980)[0m                                                      'discrete': False,
[36m(TaskRunner pid=245980)[0m                                                      'worker_nsight_options': {'capture-range': 'cudaProfilerApi',
[36m(TaskRunner pid=245980)[0m                                                                                'capture-range-end': None,
[36m(TaskRunner pid=245980)[0m                                                                                'cuda-graph-trace': 'graph',
[36m(TaskRunner pid=245980)[0m                                                                                'cuda-memory-usage': 'true',
[36m(TaskRunner pid=245980)[0m                                                                                'kill': 'none',
[36m(TaskRunner pid=245980)[0m                                                                                'trace': 'cuda,nvtx,cublas,ucx'}},
[36m(TaskRunner pid=245980)[0m                                             'torch_memory': {'context': 'all',
[36m(TaskRunner pid=245980)[0m                                                              'kw_args': {},
[36m(TaskRunner pid=245980)[0m                                                              'stack_depth': 32,
[36m(TaskRunner pid=245980)[0m                                                              'stacks': 'all',
[36m(TaskRunner pid=245980)[0m                                                              'trace_alloc_max_entries': 100000}},
[36m(TaskRunner pid=245980)[0m                      'profile_continuous_steps': False,
[36m(TaskRunner pid=245980)[0m                      'save_path': 'outputs/profile',
[36m(TaskRunner pid=245980)[0m                      'steps': None,
[36m(TaskRunner pid=245980)[0m                      'tool': None},
[36m(TaskRunner pid=245980)[0m  'ray_kwargs': {'ray_init': {'num_cpus': None}, 'timeline_json_file': None},
[36m(TaskRunner pid=245980)[0m  'reward_manager': {'_target_': 'verl.trainer.config.config.RewardManagerConfig',
[36m(TaskRunner pid=245980)[0m                     'module': {'_target_': 'verl.trainer.config.config.ModuleConfig',
[36m(TaskRunner pid=245980)[0m                                'name': 'custom_reward_manager',
[36m(TaskRunner pid=245980)[0m                                'path': None},
[36m(TaskRunner pid=245980)[0m                     'name': 'naive',
[36m(TaskRunner pid=245980)[0m                     'source': 'register'},
[36m(TaskRunner pid=245980)[0m  'reward_model': {'enable': False,
[36m(TaskRunner pid=245980)[0m                   'enable_resource_pool': False,
[36m(TaskRunner pid=245980)[0m                   'forward_max_token_len_per_gpu': 32768,
[36m(TaskRunner pid=245980)[0m                   'launch_reward_fn_async': False,
[36m(TaskRunner pid=245980)[0m                   'load_weight': True,
[36m(TaskRunner pid=245980)[0m                   'max_length': None,
[36m(TaskRunner pid=245980)[0m                   'megatron': {'_target_': 'verl.workers.config.MegatronEngineConfig',
[36m(TaskRunner pid=245980)[0m                                'context_parallel_size': 1,
[36m(TaskRunner pid=245980)[0m                                'dist_checkpointing_path': None,
[36m(TaskRunner pid=245980)[0m                                'dist_checkpointing_prefix': '',
[36m(TaskRunner pid=245980)[0m                                'dtype': 'bfloat16',
[36m(TaskRunner pid=245980)[0m                                'expert_model_parallel_size': 1,
[36m(TaskRunner pid=245980)[0m                                'expert_tensor_parallel_size': None,
[36m(TaskRunner pid=245980)[0m                                'override_transformer_config': {'account_for_embedding_in_pipeline_split': True,
[36m(TaskRunner pid=245980)[0m                                                                'account_for_loss_in_pipeline_split': True,
[36m(TaskRunner pid=245980)[0m                                                                'attention_backend': 'flash',
[36m(TaskRunner pid=245980)[0m                                                                'gradient_accumulation_fusion': True,
[36m(TaskRunner pid=245980)[0m                                                                'moe_enable_deepep': True,
[36m(TaskRunner pid=245980)[0m                                                                'moe_permute_fusion': True,
[36m(TaskRunner pid=245980)[0m                                                                'moe_router_dtype': 'fp32',
[36m(TaskRunner pid=245980)[0m                                                                'moe_token_dispatcher_type': 'flex',
[36m(TaskRunner pid=245980)[0m                                                                'recompute_granularity': 'full',
[36m(TaskRunner pid=245980)[0m                                                                'recompute_method': 'uniform',
[36m(TaskRunner pid=245980)[0m                                                                'recompute_modules': ['core_attn'],
[36m(TaskRunner pid=245980)[0m                                                                'recompute_num_layers': 1},
[36m(TaskRunner pid=245980)[0m                                'param_offload': False,
[36m(TaskRunner pid=245980)[0m                                'pipeline_model_parallel_size': 1,
[36m(TaskRunner pid=245980)[0m                                'seed': 42,
[36m(TaskRunner pid=245980)[0m                                'sequence_parallel': True,
[36m(TaskRunner pid=245980)[0m                                'tensor_model_parallel_size': 1,
[36m(TaskRunner pid=245980)[0m                                'use_dist_checkpointing': False,
[36m(TaskRunner pid=245980)[0m                                'use_distributed_optimizer': False,
[36m(TaskRunner pid=245980)[0m                                'use_mbridge': True,
[36m(TaskRunner pid=245980)[0m                                'use_remove_padding': True,
[36m(TaskRunner pid=245980)[0m                                'vanilla_mbridge': True,
[36m(TaskRunner pid=245980)[0m                                'virtual_pipeline_model_parallel_size': None},
[36m(TaskRunner pid=245980)[0m                   'micro_batch_size': None,
[36m(TaskRunner pid=245980)[0m                   'micro_batch_size_per_gpu': None,
[36m(TaskRunner pid=245980)[0m                   'model': {'external_lib': None,
[36m(TaskRunner pid=245980)[0m                             'input_tokenizer': '/mnt/cfs/tilearn/pretrain_models/Qwen/Qwen3-VL-8B-Instruct',
[36m(TaskRunner pid=245980)[0m                             'override_config': {},
[36m(TaskRunner pid=245980)[0m                             'path': '~/models/FsfairX-LLaMA3-RM-v0.1',
[36m(TaskRunner pid=245980)[0m                             'trust_remote_code': False},
[36m(TaskRunner pid=245980)[0m                   'n_gpus_per_node': 8,
[36m(TaskRunner pid=245980)[0m                   'nccl_timeout': 600,
[36m(TaskRunner pid=245980)[0m                   'nnodes': 0,
[36m(TaskRunner pid=245980)[0m                   'num_workers': 1,
[36m(TaskRunner pid=245980)[0m                   'profiler': {'_target_': 'verl.utils.profiler.ProfilerConfig',
[36m(TaskRunner pid=245980)[0m                                'all_ranks': False,
[36m(TaskRunner pid=245980)[0m                                'enable': False,
[36m(TaskRunner pid=245980)[0m                                'ranks': [],
[36m(TaskRunner pid=245980)[0m                                'save_path': 'outputs/profile',
[36m(TaskRunner pid=245980)[0m                                'tool': None,
[36m(TaskRunner pid=245980)[0m                                'tool_config': {'npu': {'_target_': 'verl.utils.profiler.config.NPUToolConfig',
[36m(TaskRunner pid=245980)[0m                                                        'analysis': True,
[36m(TaskRunner pid=245980)[0m                                                        'contents': [],
[36m(TaskRunner pid=245980)[0m                                                        'discrete': False,
[36m(TaskRunner pid=245980)[0m                                                        'level': 'level0'},
[36m(TaskRunner pid=245980)[0m                                                'nsys': {'_target_': 'verl.utils.profiler.config.NsightToolConfig',
[36m(TaskRunner pid=245980)[0m                                                         'discrete': False},
[36m(TaskRunner pid=245980)[0m                                                'torch': {'_target_': 'verl.utils.profiler.config.TorchProfilerToolConfig',
[36m(TaskRunner pid=245980)[0m                                                          'step_end': None,
[36m(TaskRunner pid=245980)[0m                                                          'step_start': 0},
[36m(TaskRunner pid=245980)[0m                                                'torch_memory': {'_target_': 'verl.utils.profiler.config.TorchMemoryToolConfig',
[36m(TaskRunner pid=245980)[0m                                                                 'stack_depth': 32,
[36m(TaskRunner pid=245980)[0m                                                                 'trace_alloc_max_entries': 100000}}},
[36m(TaskRunner pid=245980)[0m                   'reward_loop_class_name': None,
[36m(TaskRunner pid=245980)[0m                   'reward_loop_module_path': None,
[36m(TaskRunner pid=245980)[0m                   'reward_loop_source': 'register',
[36m(TaskRunner pid=245980)[0m                   'reward_manager': 'naive',
[36m(TaskRunner pid=245980)[0m                   'rollout': {'_target_': 'verl.workers.config.RolloutConfig',
[36m(TaskRunner pid=245980)[0m                               'cudagraph_capture_sizes': None,
[36m(TaskRunner pid=245980)[0m                               'data_parallel_size': 1,
[36m(TaskRunner pid=245980)[0m                               'disable_log_stats': True,
[36m(TaskRunner pid=245980)[0m                               'dtype': 'bfloat16',
[36m(TaskRunner pid=245980)[0m                               'enable_chunked_prefill': True,
[36m(TaskRunner pid=245980)[0m                               'enable_prefix_caching': True,
[36m(TaskRunner pid=245980)[0m                               'enforce_eager': True,
[36m(TaskRunner pid=245980)[0m                               'engine_kwargs': {},
[36m(TaskRunner pid=245980)[0m                               'expert_parallel_size': 1,
[36m(TaskRunner pid=245980)[0m                               'free_cache_engine': True,
[36m(TaskRunner pid=245980)[0m                               'gpu_memory_utilization': 0.5,
[36m(TaskRunner pid=245980)[0m                               'limit_images': None,
[36m(TaskRunner pid=245980)[0m                               'load_format': 'auto',
[36m(TaskRunner pid=245980)[0m                               'max_model_len': None,
[36m(TaskRunner pid=245980)[0m                               'max_num_batched_tokens': 8192,
[36m(TaskRunner pid=245980)[0m                               'max_num_seqs': 1024,
[36m(TaskRunner pid=245980)[0m                               'name': '???',
[36m(TaskRunner pid=245980)[0m                               'prompt_length': 2048,
[36m(TaskRunner pid=245980)[0m                               'response_length': 2048,
[36m(TaskRunner pid=245980)[0m                               'skip_tokenizer_init': False,
[36m(TaskRunner pid=245980)[0m                               'tensor_model_parallel_size': 2},
[36m(TaskRunner pid=245980)[0m                   'sandbox_fusion': {'max_concurrent': 64,
[36m(TaskRunner pid=245980)[0m                                      'memory_limit_mb': 1024,
[36m(TaskRunner pid=245980)[0m                                      'url': None},
[36m(TaskRunner pid=245980)[0m                   'strategy': 'megatron',
[36m(TaskRunner pid=245980)[0m                   'use_dynamic_bsz': True,
[36m(TaskRunner pid=245980)[0m                   'use_reward_loop': True},
[36m(TaskRunner pid=245980)[0m  'trainer': {'balance_batch': True,
[36m(TaskRunner pid=245980)[0m              'critic_warmup': 0,
[36m(TaskRunner pid=245980)[0m              'default_hdfs_dir': None,
[36m(TaskRunner pid=245980)[0m              'default_local_dir': '/mnt/cfs/danerli/workspace/test_benchmark/TestBenchmarkWithTrainingCard/recipe/exp/checkpoint/qwen3_vl_8b_megatron_mutil_node',
[36m(TaskRunner pid=245980)[0m              'del_local_ckpt_after_load': False,
[36m(TaskRunner pid=245980)[0m              'device': 'cuda',
[36m(TaskRunner pid=245980)[0m              'esi_redundant_time': 0,
[36m(TaskRunner pid=245980)[0m              'experiment_name': 'qwen3_vl_8b_megatron_mutil_node',
[36m(TaskRunner pid=245980)[0m              'log_val_generations': 0,
[36m(TaskRunner pid=245980)[0m              'logger': ['console', 'wandb'],
[36m(TaskRunner pid=245980)[0m              'max_actor_ckpt_to_keep': None,
[36m(TaskRunner pid=245980)[0m              'max_critic_ckpt_to_keep': None,
[36m(TaskRunner pid=245980)[0m              'n_gpus_per_node': 8,
[36m(TaskRunner pid=245980)[0m              'nnodes': 2,
[36m(TaskRunner pid=245980)[0m              'project_name': 'verl_rl_demo',
[36m(TaskRunner pid=245980)[0m              'ray_wait_register_center_timeout': 300,
[36m(TaskRunner pid=245980)[0m              'resume_from_path': None,
[36m(TaskRunner pid=245980)[0m              'resume_mode': 'auto',
[36m(TaskRunner pid=245980)[0m              'rollout_data_dir': None,
[36m(TaskRunner pid=245980)[0m              'save_freq': 20,
[36m(TaskRunner pid=245980)[0m              'test_freq': 5,
[36m(TaskRunner pid=245980)[0m              'total_epochs': 30,
[36m(TaskRunner pid=245980)[0m              'total_training_steps': None,
[36m(TaskRunner pid=245980)[0m              'use_legacy_worker_impl': 'auto',[36m(TaskRunner pid=245980)[0m /mnt/cfs/danerli/workspace/test_benchmark/TestBenchmarkWithTrainingCard/verl/verl/trainer/main_ppo.py:295: UserWarning: Disabled critic as algorithm.adv_estimator != gae. If it is not intended, please set critic.enable=True
[36m(TaskRunner pid=245980)[0m   use_critic=need_critic(config),
[36m(TaskRunner pid=245980)[0m /mnt/cfs/danerli/workspace/test_benchmark/TestBenchmarkWithTrainingCard/verl/verl/utils/profiler/config.py:49: UserWarning: Torch profiler tool config is not fully supported now.
[36m(TaskRunner pid=245980)[0m   warnings.warn("Torch profiler tool config is not fully supported now.", stacklevel=1)
[36m(TaskRunner pid=245980)[0m Setting TOKENIZERS_PARALLELISM=false for forked processes.
[36m(TaskRunner pid=245980)[0m WARNING:2026-01-03 02:04:23,147:Setting TOKENIZERS_PARALLELISM=false for forked processes.
[36m(TaskRunner pid=245980)[0m 
Filtering prompts longer than 1024 tokens (num_proc=1):   0%|          | 0/2101 [00:00<?, ? examples/s]
[36m(TaskRunner pid=245980)[0m 
Filtering prompts longer than 1024 tokens (num_proc=1):  48%|████▊     | 1000/2101 [00:07<00:07, 140.37 examples/s]
[36m(TaskRunner pid=245980)[0m 
Filtering prompts longer than 1024 tokens (num_proc=1):  95%|█████████▌| 2000/2101 [00:12<00:00, 159.00 examples/s]
[36m(TaskRunner pid=245980)[0m 
Filtering prompts longer than 1024 tokens (num_proc=1): 100%|██████████| 2101/2101 [00:13<00:00, 160.74 examples/s]
[36m(TaskRunner pid=245980)[0m 
Filtering prompts longer than 1024 tokens (num_proc=1): 100%|██████████| 2101/2101 [00:13<00:00, 155.67 examples/s]
[36m(TaskRunner pid=245980)[0m Setting TOKENIZERS_PARALLELISM=false for forked processes.
[36m(TaskRunner pid=245980)[0m WARNING:2026-01-03 02:04:39,499:Setting TOKENIZERS_PARALLELISM=false for forked processes.
[36m(TaskRunner pid=245980)[0m 
Filtering prompts longer than 1024 tokens (num_proc=1):   0%|          | 0/601 [00:00<?, ? examples/s]
[36m(TaskRunner pid=245980)[0m 
Filtering prompts longer than 1024 tokens (num_proc=1): 100%|██████████| 601/601 [00:04<00:00, 135.95 examples/s]
[36m(TaskRunner pid=245980)[0m 
Filtering prompts longer than 1024 tokens (num_proc=1): 100%|██████████| 601/601 [00:04<00:00, 132.50 examples/s]
[36m(TaskRunner pid=245980)[0m /mnt/cfs/danerli/workspace/test_benchmark/TestBenchmarkWithTrainingCard/verl/verl/trainer/ppo/ray_trainer.py:335: UserWarning: Disabled critic as algorithm.adv_estimator != gae. If it is not intended, please set critic.enable=True
[36m(TaskRunner pid=245980)[0m   self.use_critic = need_critic(self.config)
[36m(WorkerDict pid=246542)[0m WARNING:2026-01-03 02:04:57,908:Qwen3VL model is under development and may be missing features.
[36m(WorkerDict pid=246542)[0m /usr/local/lib/python3.12/dist-packages/transformer_engine/pytorch/cpu_offload.py:695: DeprecationWarning: Offloading weights is deprecated. Using offload_weights=True does not have any effect.
[36m(WorkerDict pid=246542)[0m   warnings.warn(
[36m(WorkerDict pid=246542)[0m /usr/local/lib/python3.12/dist-packages/transformer_engine/pytorch/module/base.py:1125: UserWarning: To guarantee overlapping TP and SP collectives with the backwardGEMMs, set environment variable CUDA_DEVICE_MAX_CONNECTIONS = 1
[36m(WorkerDict pid=246542)[0m   warnings.warn(

[36m(TaskRunner pid=245980)[0m              'val_before_train': True},
[36m(TaskRunner pid=245980)[0m  'transfer_queue': {'enable': False}}
[36m(TaskRunner pid=245980)[0m [validate_config] All configuration checks passed successfully!
[36m(TaskRunner pid=245980)[0m Using dataset class: RLHFDataset
[36m(TaskRunner pid=245980)[0m dataset len: 2101
[36m(TaskRunner pid=245980)[0m filter dataset len: 2101
[36m(TaskRunner pid=245980)[0m Using dataset class: RLHFDataset
[36m(TaskRunner pid=245980)[0m dataset len: 601
[36m(TaskRunner pid=245980)[0m filter dataset len: 601
[36m(TaskRunner pid=245980)[0m Size of train dataloader: 4, Size of val dataloader: 1
[36m(TaskRunner pid=245980)[0m Total training steps: 120
[36m(TaskRunner pid=245980)[0m colocated worker base class <class 'verl.workers.megatron_workers.MegatronWorker'>
[36m(TaskRunner pid=245980)[0m bind role actor_rollout method chat_completion to class <class 'verl.single_controller.ray.base.create_colocated_worker_cls.<locals>.WorkerDict'>
[36m(TaskRunner pid=245980)[0m bind role actor_rollout method generate to class <class 'verl.single_controller.ray.base.create_colocated_worker_cls.<locals>.WorkerDict'>
[36m(TaskRunner pid=245980)[0m bind role actor_rollout method get_zeromq_address to class <class 'verl.single_controller.ray.base.create_colocated_worker_cls.<locals>.WorkerDict'>
[36m(TaskRunner pid=245980)[0m bind role actor_rollout method sleep to class <class 'verl.single_controller.ray.base.create_colocated_worker_cls.<locals>.WorkerDict'>
[36m(TaskRunner pid=245980)[0m bind role actor_rollout method wake_up to class <class 'verl.single_controller.ray.base.create_colocated_worker_cls.<locals>.WorkerDict'>
[36m(WorkerDict pid=246541)[0m Warning: Failed to set NUMA affinity: libnuma.so: cannot open shared object file: No such file or directory
[36m(WorkerDict pid=246542)[0m [Gloo] Rank 0 is connected to 3 peer ranks. Expected number of connected peer ranks is : 3
[36m(WorkerDict pid=246542)[0m  > number of parameters on (tensor, pipeline) model parallel rank (1, 0): 2338281912
[36m(WorkerDict pid=246542)[0m load ref weight start
[36m(WorkerDict pid=71414, ip=node2)[0m Warning: Failed to set NUMA affinity: libnuma.so: cannot open shared object file: No such file or directory[32m [repeated 14x across cluster] (Ray deduplicates logs by default. Set RAY_DEDUP_LOGS=0 to disable log deduplication, or see https://docs.ray.io/en/master/ray-observability/user-guides/configure-logging.html#log-deduplication for more options.)[0m
[36m(WorkerDict pid=246541)[0m Model config after override: Qwen3VLConfig {
[36m(WorkerDict pid=246541)[0m   "architectures": [
[36m(WorkerDict pid=246541)[0m     "Qwen3VLForConditionalGeneration"
[36m(WorkerDict pid=246541)[0m   ],
[36m(WorkerDict pid=246541)[0m   "eos_token_id": 151645,
[36m(WorkerDict pid=246541)[0m   "image_token_id": 151655,
[36m(WorkerDict pid=246541)[0m   "model_type": "qwen3_vl",
[36m(WorkerDict pid=246541)[0m   "pad_token_id": 151643,
[36m(WorkerDict pid=246541)[0m   "text_config": {
[36m(WorkerDict pid=246541)[0m     "attention_bias": false,
[36m(WorkerDict pid=246541)[0m     "attention_dropout": 0.0,
[36m(WorkerDict pid=246541)[0m     "bos_token_id": 151643,
[36m(WorkerDict pid=246541)[0m     "dtype": "bfloat16",
[36m(WorkerDict pid=246541)[0m     "eos_token_id": 151645,
[36m(WorkerDict pid=246541)[0m     "head_dim": 128,
[36m(WorkerDict pid=246541)[0m     "hidden_act": "silu",
[36m(WorkerDict pid=246541)[0m     "hidden_size": 4096,
[36m(WorkerDict pid=246541)[0m     "initializer_range": 0.02,
[36m(WorkerDict pid=246541)[0m     "intermediate_size": 12288,
[36m(WorkerDict pid=246541)[0m     "max_position_embeddings": 262144,
[36m(WorkerDict pid=246541)[0m     "model_type": "qwen3_vl_text",
[36m(WorkerDict pid=246541)[0m     "num_attention_heads": 32,
[36m(WorkerDict pid=246541)[0m     "num_hidden_layers": 36,
[36m(WorkerDict pid=246541)[0m     "num_key_value_heads": 8,
[36m(WorkerDict pid=246541)[0m     "rms_norm_eps": 1e-06,
[36m(WorkerDict pid=246541)[0m     "rope_scaling": {
[36m(WorkerDict pid=246541)[0m       "mrope_interleaved": true,
[36m(WorkerDict pid=246541)[0m       "mrope_section": [
[36m(WorkerDict pid=246541)[0m         24,
[36m(WorkerDict pid=246541)[0m         20,
[36m(WorkerDict pid=246541)[0m         20
[36m(WorkerDict pid=246541)[0m       ],
[36m(WorkerDict pid=246541)[0m       "rope_type": "default"
[36m(WorkerDict pid=246541)[0m     },
[36m(WorkerDict pid=246541)[0m     "rope_theta": 5000000,
[36m(WorkerDict pid=246541)[0m     "use_cache": true,
[36m(WorkerDict pid=246541)[0m     "vocab_size": 151936
[36m(WorkerDict pid=246541)[0m   },
[36m(WorkerDict pid=246541)[0m   "tie_word_embeddings": false,
[36m(WorkerDict pid=246541)[0m   "transformers_version": "4.57.1",
[36m(WorkerDict pid=246541)[0m   "video_token_id": 151656,
[36m(WorkerDict pid=246541)[0m   "vision_config": {
[36m(WorkerDict pid=246541)[0m     "deepstack_visual_indexes": [
[36m(WorkerDict pid=246541)[0m       8,
[36m(WorkerDict pid=246541)[0m       16,
[36m(WorkerDict pid=246541)[0m       24
[36m(WorkerDict pid=246541)[0m     ],
[36m(WorkerDict pid=246541)[0m     "depth": 27,
[36m(WorkerDict pid=246541)[0m     "hidden_act": "gelu_pytorch_tanh",
[36m(WorkerDict pid=246541)[0m     "hidden_size": 1152,
[36m(WorkerDict pid=246541)[0m     "in_channels": 3,
[36m(WorkerDict pid=246541)[0m     "initializer_range": 0.02,
[36m(WorkerDict pid=246541)[0m     "intermediate_size": 4304,
[36m(WorkerDict pid=246541)[0m     "model_type": "qwen3_vl",
[36m(WorkerDict pid=246541)[0m     "num_heads": 16,
[36m(WorkerDict pid=246541)[0m     "num_position_embeddings": 2304,
[36m(WorkerDict pid=246541)[0m     "out_hidden_size": 4096,
[36m(WorkerDict pid=246541)[0m     "patch_size": 16,
[36m(WorkerDict pid=246541)[0m     "spatial_merge_size": 2,
[36m(WorkerDict pid=246541)[0m     "temporal_patch_size": 2
[36m(WorkerDict pid=246541)[0m   },
[36m(WorkerDict pid=246541)[0m   "vision_end_token_id": 151653,
[36m(WorkerDict pid=246541)[0m   "vision_start_token_id": 151652
[36m(WorkerDict pid=246541)[0m }
[36m(WorkerDict pid=246541)[0m 
[36m(WorkerDict pid=246541)[0m TF config: Qwen3VLTransformerConfig(tensor_model_parallel_size=2, pipeline_model_parallel_comm_backend=None, pipeline_model_parallel_size=2, virtual_pipeline_model_parallel_size=None, sequence_parallel=True, context_parallel_size=2, hierarchical_context_parallel_sizes=None, expert_model_parallel_size=1, expert_tensor_parallel_size=2, moe_extended_tp=False, perform_initialization=True, use_cpu_initialization=False, fp16=False, bf16=True, params_dtype=torch.bfloat16, timers=None, finalize_model_grads_func=None, grad_scale_func=None, no_sync_func=None, grad_sync_func=None, param_sync_func=None, deterministic_mode=False, enable_autocast=False, autocast_dtype=torch.bfloat16, num_microbatches_with_partial_activation_checkpoints=None, gradient_accumulation_fusion=True, async_tensor_model_parallel_allreduce=True, use_te_rng_tracker=False, tp_comm_overlap=False, tp_comm_bulk_wgrad=True, tp_comm_bulk_dgrad=True, tp_comm_overlap_ag=True, tp_comm_overlap_rs=True, tp_comm_overlap_rs_dgrad=False, tp_comm_split_ag=True, tp_comm_atomic_ag=False, tp_comm_split_rs=True, tp_comm_atomic_rs=False, cross_entropy_loss_fusion=False, cross_entropy_fusion_impl='native', tp_comm_overlap_disable_qkv=False, tp_comm_overlap_disable_fc1=False, tp_comm_bootstrap_backend='nccl', overlap_moe_expert_parallel_comm=False, delay_wgrad_compute=False, pipeline_dtype=torch.bfloat16, variable_seq_lengths=True, overlap_p2p_comm=False, batch_p2p_comm=False, batch_p2p_sync=True, use_ring_exchange_p2p=False, deallocate_pipeline_outputs=True, defer_embedding_wgrad_compute=False, wgrad_deferral_limit=0, overlap_p2p_comm_warmup_flush=False, microbatch_group_size_per_vp_stage=2, cpu_offloading=False, cpu_offloading_num_layers=0, _cpu_offloading_context=None, cpu_offloading_activations=True, cpu_offloading_weights=True, barrier_with_L1_time=True, num_layers=36, mtp_num_layers=None, mtp_loss_scaling_factor=None, num_layers_in_first_pipeline_stage=None, num_layers_in_last_pipeline_stage=None, pipeline_model_parallel_layout=None, account_for_embedding_in_pipeline_split=True, account_for_loss_in_pipeline_split=True, hidden_size=4096, num_attention_heads=32, attention_backend=<AttnBackend.flash: 1>, softmax_scale=None, num_query_groups=8, ffn_hidden_size=12288, kv_channels=128, hidden_dropout=0.0, attention_dropout=0.0, fp32_residual_connection=False, apply_residual_connection_post_layernorm=False, layernorm_epsilon=1e-06, layernorm_zero_centered_gamma=False, add_bias_linear=False, add_qkv_bias=False, gated_linear_unit=True, activation_func=<function silu at 0x7f37d04f5800>, activation_func_fp8_input_store=False, num_moe_experts=None, rotary_interleaved=False, window_size=None, normalization='RMSNorm', qk_layernorm=True, test_mode=False, calculate_per_token_loss=False, multi_latent_attention=False, no_rope_freq=None, moe_deepep_num_sms=20, init_method=functools.partial(<function normal_ at 0x7f37d037a160>, mean=0.0, std=0.02), output_layer_init_method=functools.partial(<function normal_ at 0x7f37d037a160>, mean=0.0, std=0.0023570226039551587), init_method_std=0.02, embedding_init_method=functools.partial(<function normal_ at 0x7f37d037a160>, mean=0.0, std=0.02), embedding_init_method_std=0.02, init_model_with_meta_device=False, apply_query_key_layer_scaling=False, attention_softmax_in_fp32=True, disable_bf16_reduced_precision_matmul=False, bias_activation_fusion=True, masked_softmax_fusion=False, persist_layer_norm=True, memory_efficient_layer_norm=False, bias_dropout_fusion=True, apply_rope_fusion=False, use_fused_weighted_squared_relu=False, recompute_granularity='full', recompute_method='uniform', recompute_num_layers=1, distribute_saved_activations=False, recompute_modules=['core_attn'], fp8=None, fp8_recipe='delayed', fp8_param=False, fp8_margin=0, fp8_interval=1, fp8_amax_history_len=1, fp8_amax_compute_algo='most_recent', fp8_wgrad=True, fp8_dot_product_attention=False, fp8_multi_head_attention=False, tp_only_amax_red=False, first_last_layers_bf16=False, num_layers_at_start_in_bf16=1, num_layers_at_end_in_bf16=1, use_kitchen=False, moe_shared_expert_intermediate_size=None, moe_shared_expert_overlap=False, moe_layer_freq=1, moe_ffn_hidden_size=None, moe_router_load_balancing_type='aux_loss', moe_router_topk=2, moe_router_topk_limited_devices=None, moe_router_padding_for_fp8=False, moe_router_num_groups=None, moe_router_group_topk=None, moe_router_pre_softmax=False, moe_router_topk_scaling_factor=None, moe_router_score_function='softmax', moe_router_dtype='fp32', moe_router_enable_expert_bias=False, moe_router_bias_update_rate=0.001, moe_router_force_load_balancing=False, moe_grouped_gemm=False, moe_use_legacy_grouped_gemm=False, moe_aux_loss_coeff=0.0, moe_z_loss_coeff=None, moe_input_jitter_eps=None, moe_token_dropping=False, moe_token_dispatcher_type='flex', moe_enable_deepep=True, moe_per_layer_logging=False, moe_expert_capacity_factor=None, moe_pad_expert_input_to_capacity=False, moe_token_drop_policy='probs', moe_layer_recompute=False, moe_permute_fusion=True, moe_router_fusion=False, moe_apply_probs_on_input=False, cp_comm_type='p2p', enable_cuda_graph=False, cuda_graph_use_single_mempool=False, cuda_graph_retain_backward_graph=False, cuda_graph_warmup_steps=3, external_cuda_graph=False, cuda_graph_scope='full', clone_scatter_output_in_embedding=True, disable_parameter_transpose_cache=False, config_logger_dir='', flash_decode=False, inference_rng_tracker=False, symmetric_ar_type=None, mrope_section=[24, 20, 20], is_hybrid_model=False, mamba_state_dim=128, mamba_head_dim=64, mamba_num_groups=8, mamba_num_heads=None, use_mamba_mem_eff_path=True, mlp_chunks_for_prefill=1, heterogeneous_block_specs=False, hetereogenous_dist_checkpoint=False, quant_recipe=None, transformer_impl='transformer_engine', patch_size=16, temporal_patch_size=2, in_channels=3, spatial_merge_size=2, num_position_embeddings=2304, out_hidden_size=4096, apply_rotary_pos_emb_in_fp32=False, deepstack_visual_indexes=[8, 16, 24])
[36m(WorkerDict pid=246548)[0m NCCL version 2.27.3+cuda12.9
[36m(WorkerDict pid=71406, ip=node2)[0m Qwen3VLTransformerConfig(tensor_model_parallel_size=2, pipeline_model_parallel_comm_backend=None, pipeline_model_parallel_size=2, virtual_pipeline_model_parallel_size=None, sequence_parallel=True, context_parallel_size=2, hierarchical_context_parallel_sizes=None, expert_model_parallel_size=1, expert_tensor_parallel_size=2, moe_extended_tp=False, perform_initialization=True, use_cpu_initialization=False, fp16=False, bf16=True, params_dtype=torch.bfloat16, timers=None, finalize_model_grads_func=None, grad_scale_func=None, no_sync_func=None, grad_sync_func=None, param_sync_func=None, deterministic_mode=False, enable_autocast=False, autocast_dtype=torch.bfloat16, num_microbatches_with_partial_activation_checkpoints=None, gradient_accumulation_fusion=True, async_tensor_model_parallel_allreduce=True, use_te_rng_tracker=False, tp_comm_overlap=False, tp_comm_bulk_wgrad=True, tp_comm_bulk_dgrad=True, tp_comm_overlap_ag=True, tp_comm_overlap_rs=True, tp_comm_overlap_rs_dgrad=False, tp_comm_split_ag=True, tp_comm_atomic_ag=False, tp_comm_split_rs=True, tp_comm_atomic_rs=False, cross_entropy_loss_fusion=False, cross_entropy_fusion_impl='native', tp_comm_overlap_disable_qkv=False, tp_comm_overlap_disable_fc1=False, tp_comm_bootstrap_backend='nccl', overlap_moe_expert_parallel_comm=False, delay_wgrad_compute=False, pipeline_dtype=torch.bfloat16, variable_seq_lengths=True, overlap_p2p_comm=False, batch_p2p_comm=False, batch_p2p_sync=True, use_ring_exchange_p2p=False, deallocate_pipeline_outputs=True, defer_embedding_wgrad_compute=False, wgrad_deferral_limit=0, overlap_p2p_comm_warmup_flush=False, microbatch_group_size_per_vp_stage=2, cpu_offloading=False, cpu_offloading_num_layers=0, _cpu_offloading_context=None, cpu_offloading_activations=True, cpu_offloading_weights=True, barrier_with_L1_time=True, num_layers=36, mtp_num_layers=None, mtp_loss_scaling_factor=None, num_layers_in_first_pipeline_stage=None, num_layers_in_last_pipeline_stage=None, pipeline_model_parallel_layout=None, account_for_embedding_in_pipeline_split=True, account_for_loss_in_pipeline_split=True, hidden_size=4096, num_attention_heads=32, attention_backend=<AttnBackend.flash: 1>, softmax_scale=None, num_query_groups=8, ffn_hidden_size=12288, kv_channels=128, hidden_dropout=0.0, attention_dropout=0.0, fp32_residual_connection=False, apply_residual_connection_post_layernorm=False, layernorm_epsilon=1e-06, layernorm_zero_centered_gamma=False, add_bias_linear=False, add_qkv_bias=False, gated_linear_unit=True, activation_func=<function silu at 0x7fc8aabb9800>, activation_func_fp8_input_store=False, num_moe_experts=None, rotary_interleaved=False, window_size=None, normalization='RMSNorm', qk_layernorm=True, test_mode=False, calculate_per_token_loss=False, multi_latent_attention=False, no_rope_freq=None, moe_deepep_num_sms=20, init_method=functools.partial(<function normal_ at 0x7fc891f3a160>, mean=0.0, std=0.02), output_layer_init_method=functools.partial(<function normal_ at 0x7fc891f3a160>, mean=0.0, std=0.0023570226039551587), init_method_std=0.02, embedding_init_method=functools.partial(<function normal_ at 0x7fc891f3a160>, mean=0.0, std=0.02), embedding_init_method_std=0.02, init_model_with_meta_device=False, apply_query_key_layer_scaling=False, attention_softmax_in_fp32=True, disable_bf16_reduced_precision_matmul=False, bias_activation_fusion=True, masked_softmax_fusion=False, persist_layer_norm=True, memory_efficient_layer_norm=False, bias_dropout_fusion=True, apply_rope_fusion=False, use_fused_weighted_squared_relu=False, recompute_granularity='full', recompute_method='uniform', recompute_num_layers=1, distribute_saved_activations=False, recompute_modules=['core_attn'], fp8=None, fp8_recipe='delayed', fp8_param=False, fp8_margin=0, fp8_interval=1, fp8_amax_history_len=1, fp8_amax_compute_algo='most_recent', fp8_wgrad=True, fp8_dot_product_attention=False, fp8_multi_head_attention=False, tp_only_amax_red=False, first_last_layers_bf16=False, num_layers_at_start_in_bf16=1, num_layers_at_end_in_bf16=1, use_kitchen=False, moe_shared_expert_intermediate_size=None, moe_shared_expert_overlap=False, moe_layer_freq=1, moe_ffn_hidden_size=None, moe_router_load_balancing_type='aux_loss', moe_router_topk=2, moe_router_topk_limited_devices=None, moe_router_padding_for_fp8=False, moe_router_num_groups=None, moe_router_group_topk=None, moe_router_pre_softmax=False, moe_router_topk_scaling_factor=None, moe_router_score_function='softmax', moe_router_dtype='fp32', moe_router_enable_expert_bias=False, moe_router_bias_update_rate=0.001, moe_router_force_load_balancing=False, moe_grouped_gemm=False, moe_use_legacy_grouped_gemm=False, moe_aux_loss_coeff=0.0, moe_z_loss_coeff=None, moe_input_jitter_eps=None, moe_token_dropping=False, moe_token_dispatcher_type='flex', moe_enable_deepep=True, moe_per_layer_logging=False, moe_expert_capacity_factor=None, moe_pad_expert_input_to_capacity=False, moe_token_drop_policy='probs', moe_layer_recompute=False, moe_permute_fusion=True, moe_router_fusion=False, moe_apply_probs_on_input=False, cp_comm_type='p2p', enable_cuda_graph=False, cuda_graph_use_single_mempool=False, cuda_graph_retain_backward_graph=False, cuda_graph_warmup_steps=3, external_cuda_graph=False, cuda_graph_scope='full', clone_scatter_output_in_embedding=True, disable_parameter_transpose_cache=False, config_logger_dir='', flash_decode=False, inference_rng_tracker=False, symmetric_ar_type=None, mrope_section=[24, 20, 20], is_hybrid_model=False, mamba_state_dim=128, mamba_head_dim=64, mamba_num_groups=8, mamba_num_heads=None, use_mamba_mem_eff_path=True, mlp_chunks_for_prefill=1, heterogeneous_block_specs=False, hetereogenous_dist_checkpoint=False, quant_recipe=None, transformer_impl='transformer_engine', patch_size=16, temporal_patch_size=2, in_channels=3, spatial_merge_size=2, num_position_embeddings=2304, out_hidden_size=4096, apply_rotary_pos_emb_in_fp32=False, deepstack_visual_indexes=[8, 16, 24])
[36m(WorkerDict pid=71422, ip=node2)[0m [Gloo] Rank 2 is connected to 3 peer ranks. Expected number of connected peer ranks is : 3[32m [repeated 47x across cluster][0m
[36m(WorkerDict pid=71408, ip=node2)[0m  > number of parameters on (tensor, pipeline) model parallel rank (1, 1): 2047762944[32m [repeated 7x across cluster][0m
[36m(WorkerDict pid=71422, ip=node2)[0m load ref weight start[32m [repeated 15x across cluster][0m
[36m(WorkerDict pid=71422, ip=node2)[0m Warning: Failed to set NUMA affinity: libnuma.so: cannot open shared object file: No such file or directory
[36m(WorkerDict pid=246556)[0m NCCL version 2.27.3+cuda12.9[32m [repeated 3x across cluster][0m
[36m(WorkerDict pid=246541)[0m Model config after override: Qwen3VLConfig {
[36m(WorkerDict pid=246541)[0m   "architectures": [
[36m(WorkerDict pid=246541)[0m     "Qwen3VLForConditionalGeneration"
[36m(WorkerDict pid=246541)[0m   ],
[36m(WorkerDict pid=246541)[0m   "eos_token_id": 151645,
[36m(WorkerDict pid=246541)[0m   "image_token_id": 151655,
[36m(WorkerDict pid=246541)[0m   "model_type": "qwen3_vl",
[36m(WorkerDict pid=246541)[0m   "pad_token_id": 151643,
[36m(WorkerDict pid=246541)[0m   "text_config": {
[36m(WorkerDict pid=246541)[0m     "attention_bias": false,
[36m(WorkerDict pid=246541)[0m     "attention_dropout": 0.0,
[36m(WorkerDict pid=246541)[0m     "bos_token_id": 151643,
[36m(WorkerDict pid=246541)[0m     "dtype": "bfloat16",
[36m(WorkerDict pid=246541)[0m     "eos_token_id": 151645,
[36m(WorkerDict pid=246541)[0m     "head_dim": 128,
[36m(WorkerDict pid=246541)[0m     "hidden_act": "silu",
[36m(WorkerDict pid=246541)[0m     "hidden_size": 4096,
[36m(WorkerDict pid=246541)[0m     "initializer_range": 0.02,
[36m(WorkerDict pid=246541)[0m     "intermediate_size": 12288,
[36m(WorkerDict pid=246541)[0m     "max_position_embeddings": 262144,
[36m(WorkerDict pid=246541)[0m     "model_type": "qwen3_vl_text",
[36m(WorkerDict pid=246541)[0m     "num_attention_heads": 32,
[36m(WorkerDict pid=246541)[0m     "num_hidden_layers": 36,
[36m(WorkerDict pid=246541)[0m     "num_key_value_heads": 8,
[36m(WorkerDict pid=246541)[0m     "rms_norm_eps": 1e-06,
[36m(WorkerDict pid=246541)[0m     "rope_scaling": {
[36m(WorkerDict pid=246541)[0m       "mrope_interleaved": true,
[36m(WorkerDict pid=246541)[0m       "mrope_section": [
[36m(WorkerDict pid=246541)[0m         24,
[36m(WorkerDict pid=246541)[0m         20,
[36m(WorkerDict pid=246541)[0m         20
[36m(WorkerDict pid=246541)[0m       ],
[36m(WorkerDict pid=246541)[0m       "rope_type": "default"
[36m(WorkerDict pid=246541)[0m     },
[36m(WorkerDict pid=246541)[0m     "rope_theta": 5000000,
[36m(WorkerDict pid=246541)[0m     "use_cache": true,
[36m(WorkerDict pid=246541)[0m     "vocab_size": 151936
[36m(WorkerDict pid=246541)[0m   },
[36m(WorkerDict pid=246541)[0m   "tie_word_embeddings": false,
[36m(WorkerDict pid=246541)[0m   "transformers_version": "4.57.1",
[36m(WorkerDict pid=246541)[0m   "video_token_id": 151656,
[36m(WorkerDict pid=246541)[0m   "vision_config": {
[36m(WorkerDict pid=246541)[0m     "deepstack_visual_indexes": [
[36m(WorkerDict pid=246541)[0m       8,
[36m(WorkerDict pid=246541)[0m       16,
[36m(WorkerDict pid=246541)[0m       24
[36m(WorkerDict pid=246541)[0m     ],
[36m(WorkerDict pid=246541)[0m     "depth": 27,
[36m(WorkerDict pid=246541)[0m     "hidden_act": "gelu_pytorch_tanh",
[36m(WorkerDict pid=246541)[0m     "hidden_size": 1152,
[36m(WorkerDict pid=246541)[0m     "in_channels": 3,
[36m(WorkerDict pid=246541)[0m     "initializer_range": 0.02,
[36m(WorkerDict pid=246541)[0m     "intermediate_size": 4304,
[36m(WorkerDict pid=246541)[0m     "model_type": "qwen3_vl",
[36m(WorkerDict pid=246541)[0m     "num_heads": 16,
[36m(WorkerDict pid=246541)[0m     "num_position_embeddings": 2304,
[36m(WorkerDict pid=246541)[0m     "out_hidden_size": 4096,
[36m(WorkerDict pid=246541)[0m     "patch_size": 16,
[36m(WorkerDict pid=246541)[0m     "spatial_merge_size": 2,
[36m(WorkerDict pid=246541)[0m     "temporal_patch_size": 2
[36m(WorkerDict pid=246541)[0m   },
[36m(WorkerDict pid=246541)[0m   "vision_end_token_id": 151653,
[36m(WorkerDict pid=246541)[0m   "vision_start_token_id": 151652
[36m(WorkerDict pid=246541)[0m }
[36m(WorkerDict pid=246541)[0m 
[36m(WorkerDict pid=246541)[0m TF config: Qwen3VLTransformerConfig(tensor_model_parallel_size=2, pipeline_model_parallel_comm_backend=None, pipeline_model_parallel_size=2, virtual_pipeline_model_parallel_size=None, sequence_parallel=True, context_parallel_size=2, hierarchical_context_parallel_sizes=None, expert_model_parallel_size=1, expert_tensor_parallel_size=2, moe_extended_tp=False, perform_initialization=True, use_cpu_initialization=False, fp16=False, bf16=True, params_dtype=torch.bfloat16, timers=None, finalize_model_grads_func=None, grad_scale_func=None, no_sync_func=None, grad_sync_func=None, param_sync_func=None, deterministic_mode=False, enable_autocast=False, autocast_dtype=torch.bfloat16, num_microbatches_with_partial_activation_checkpoints=None, gradient_accumulation_fusion=True, async_tensor_model_parallel_allreduce=True, use_te_rng_tracker=False, tp_comm_overlap=False, tp_comm_bulk_wgrad=True, tp_comm_bulk_dgrad=True, tp_comm_overlap_ag=True, tp_comm_overlap_rs=True, tp_comm_overlap_rs_dgrad=False, tp_comm_split_ag=True, tp_comm_atomic_ag=False, tp_comm_split_rs=True, tp_comm_atomic_rs=False, cross_entropy_loss_fusion=False, cross_entropy_fusion_impl='native', tp_comm_overlap_disable_qkv=False, tp_comm_overlap_disable_fc1=False, tp_comm_bootstrap_backend='nccl', overlap_moe_expert_parallel_comm=False, delay_wgrad_compute=False, pipeline_dtype=torch.bfloat16, variable_seq_lengths=True, overlap_p2p_comm=False, batch_p2p_comm=False, batch_p2p_sync=True, use_ring_exchange_p2p=False, deallocate_pipeline_outputs=True, defer_embedding_wgrad_compute=False, wgrad_deferral_limit=0, overlap_p2p_comm_warmup_flush=False, microbatch_group_size_per_vp_stage=2, cpu_offloading=False, cpu_offloading_num_layers=0, _cpu_offloading_context=None, cpu_offloading_activations=True, cpu_offloading_weights=True, barrier_with_L1_time=True, num_layers=36, mtp_num_layers=None, mtp_loss_scaling_factor=None, num_layers_in_first_pipeline_stage=None, num_layers_in_last_pipeline_stage=None, pipeline_model_parallel_layout=None, account_for_embedding_in_pipeline_split=True, account_for_loss_in_pipeline_split=True, hidden_size=4096, num_attention_heads=32, attention_backend=<AttnBackend.flash: 1>, softmax_scale=None, num_query_groups=8, ffn_hidden_size=12288, kv_channels=128, hidden_dropout=0.0, attention_dropout=0.0, fp32_residual_connection=False, apply_residual_connection_post_layernorm=False, layernorm_epsilon=1e-06, layernorm_zero_centered_gamma=False, add_bias_linear=False, add_qkv_bias=False, gated_linear_unit=True, activation_func=<function silu at 0x7f37d04f5800>, activation_func_fp8_input_store=False, num_moe_experts=None, rotary_interleaved=False, window_size=None, normalization='RMSNorm', qk_layernorm=True, test_mode=False, calculate_per_token_loss=False, multi_latent_attention=False, no_rope_freq=None, moe_deepep_num_sms=20, init_method=functools.partial(<function normal_ at 0x7f37d037a160>, mean=0.0, std=0.02), output_layer_init_method=functools.partial(<function normal_ at 0x7f37d037a160>, mean=0.0, std=0.0023570226039551587), init_method_std=0.02, embedding_init_method=functools.partial(<function normal_ at 0x7f37d037a160>, mean=0.0, std=0.02), embedding_init_method_std=0.02, init_model_with_meta_device=False, apply_query_key_layer_scaling=False, attention_softmax_in_fp32=True, disable_bf16_reduced_precision_matmul=False, bias_activation_fusion=True, masked_softmax_fusion=False, persist_layer_norm=True, memory_efficient_layer_norm=False, bias_dropout_fusion=True, apply_rope_fusion=False, use_fused_weighted_squared_relu=False, recompute_granularity='full', recompute_method='uniform', recompute_num_layers=1, distribute_saved_activations=False, recompute_modules=['core_attn'], fp8=None, fp8_recipe='delayed', fp8_param=False, fp8_margin=0, fp8_interval=1, fp8_amax_history_len=1, fp8_amax_compute_algo='most_recent', fp8_wgrad=True, fp8_dot_product_attention=False, fp8_multi_head_attention=False, tp_only_amax_red=False, first_last_layers_bf16=False, num_layers_at_start_in_bf16=1, num_layers_at_end_in_bf16=1, use_kitchen=False, moe_shared_expert_intermediate_size=None, moe_shared_expert_overlap=False, moe_layer_freq=1, moe_ffn_hidden_size=None, moe_router_load_balancing_type='aux_loss', moe_router_topk=2, moe_router_topk_limited_devices=None, moe_router_padding_for_fp8=False, moe_router_num_groups=None, moe_router_group_topk=None, moe_router_pre_softmax=False, moe_router_topk_scaling_factor=None, moe_router_score_function='softmax', moe_router_dtype='fp32', moe_router_enable_expert_bias=False, moe_router_bias_update_rate=0.001, moe_router_force_load_balancing=False, moe_grouped_gemm=False, moe_use_legacy_grouped_gemm=False, moe_aux_loss_coeff=0.0, moe_z_loss_coeff=None, moe_input_jitter_eps=None, moe_token_dropping=False, moe_token_dispatcher_type='flex', moe_enable_deepep=True, moe_per_layer_logging=False, moe_expert_capacity_factor=None, moe_pad_expert_input_to_capacity=False, moe_token_drop_policy='probs', moe_layer_recompute=False, moe_permute_fusion=True, moe_router_fusion=False, moe_apply_probs_on_input=False, cp_comm_type='p2p', enable_cuda_graph=False, cuda_graph_use_single_mempool=False, cuda_graph_retain_backward_graph=False, cuda_graph_warmup_steps=3, external_cuda_graph=False, cuda_graph_scope='full', clone_scatter_output_in_embedding=True, disable_parameter_transpose_cache=False, config_logger_dir='', flash_decode=False, inference_rng_tracker=False, symmetric_ar_type=None, mrope_section=[24, 20, 20], is_hybrid_model=False, mamba_state_dim=128, mamba_head_dim=64, mamba_num_groups=8, mamba_num_heads=None, use_mamba_mem_eff_path=True, mlp_chunks_for_prefill=1, heterogeneous_block_specs=False, hetereogenous_dist_checkpoint=False, quant_recipe=None, transformer_impl='transformer_engine', patch_size=16, temporal_patch_size=2, in_channels=3, spatial_merge_size=2, num_position_embeddings=2304, out_hidden_size=4096, apply_rotary_pos_emb_in_fp32=False, deepstack_visual_indexes=[8, 16, 24])[36m(WorkerDict pid=246541)[0m WARNING:2026-01-03 02:05:12,809:Qwen3VL model is under development and may be missing features.[32m [repeated 16x across cluster][0m
[36m(WorkerDict pid=71422, ip=node2)[0m /usr/local/lib/python3.12/dist-packages/transformer_engine/pytorch/cpu_offload.py:695: DeprecationWarning: Offloading weights is deprecated. Using offload_weights=True does not have any effect.[32m [repeated 15x across cluster][0m
[36m(WorkerDict pid=71422, ip=node2)[0m   warnings.warn([32m [repeated 30x across cluster][0m
[36m(WorkerDict pid=71422, ip=node2)[0m /usr/local/lib/python3.12/dist-packages/transformer_engine/pytorch/module/base.py:1125: UserWarning: To guarantee overlapping TP and SP collectives with the backwardGEMMs, set environment variable CUDA_DEVICE_MAX_CONNECTIONS = 1[32m [repeated 15x across cluster][0m
[36m(WorkerDict pid=71406, ip=node2)[0m /mnt/cfs/danerli/workspace/test_benchmark/TestBenchmarkWithTrainingCard/verl/verl/utils/megatron_utils.py:419: UserWarning: TypedStorage is deprecated. It will be removed in the future and UntypedStorage will be the only storage class. This should only matter to you if you are using storages directly.  To access UntypedStorage directly, use tensor.untyped_storage() instead of tensor.storage()
[36m(WorkerDict pid=71406, ip=node2)[0m   if buffer.param_data.storage().size() > 0:
[36m(WorkerDict pid=71422, ip=node2)[0m WARNING:2026-01-03 02:05:12,973:Qwen3VL model is under development and may be missing features.[32m [repeated 15x across cluster][0m

[36m(WorkerDict pid=246541)[0m Qwen3VLTransformerConfig(tensor_model_parallel_size=2, pipeline_model_parallel_comm_backend=None, pipeline_model_parallel_size=2, virtual_pipeline_model_parallel_size=None, sequence_parallel=True, context_parallel_size=2, hierarchical_context_parallel_sizes=None, expert_model_parallel_size=1, expert_tensor_parallel_size=2, moe_extended_tp=False, perform_initialization=True, use_cpu_initialization=False, fp16=False, bf16=True, params_dtype=torch.bfloat16, timers=None, finalize_model_grads_func=None, grad_scale_func=None, no_sync_func=None, grad_sync_func=None, param_sync_func=None, deterministic_mode=False, enable_autocast=False, autocast_dtype=torch.bfloat16, num_microbatches_with_partial_activation_checkpoints=None, gradient_accumulation_fusion=True, async_tensor_model_parallel_allreduce=True, use_te_rng_tracker=False, tp_comm_overlap=False, tp_comm_bulk_wgrad=True, tp_comm_bulk_dgrad=True, tp_comm_overlap_ag=True, tp_comm_overlap_rs=True, tp_comm_overlap_rs_dgrad=False, tp_comm_split_ag=True, tp_comm_atomic_ag=False, tp_comm_split_rs=True, tp_comm_atomic_rs=False, cross_entropy_loss_fusion=False, cross_entropy_fusion_impl='native', tp_comm_overlap_disable_qkv=False, tp_comm_overlap_disable_fc1=False, tp_comm_bootstrap_backend='nccl', overlap_moe_expert_parallel_comm=False, delay_wgrad_compute=False, pipeline_dtype=torch.bfloat16, variable_seq_lengths=True, overlap_p2p_comm=False, batch_p2p_comm=False, batch_p2p_sync=True, use_ring_exchange_p2p=False, deallocate_pipeline_outputs=True, defer_embedding_wgrad_compute=False, wgrad_deferral_limit=0, overlap_p2p_comm_warmup_flush=False, microbatch_group_size_per_vp_stage=2, cpu_offloading=False, cpu_offloading_num_layers=0, _cpu_offloading_context=None, cpu_offloading_activations=True, cpu_offloading_weights=True, barrier_with_L1_time=True, num_layers=36, mtp_num_layers=None, mtp_loss_scaling_factor=None, num_layers_in_first_pipeline_stage=None, num_layers_in_last_pipeline_stage=None, pipeline_model_parallel_layout=None, account_for_embedding_in_pipeline_split=True, account_for_loss_in_pipeline_split=True, hidden_size=4096, num_attention_heads=32, attention_backend=<AttnBackend.flash: 1>, softmax_scale=None, num_query_groups=8, ffn_hidden_size=12288, kv_channels=128, hidden_dropout=0.0, attention_dropout=0.0, fp32_residual_connection=False, apply_residual_connection_post_layernorm=False, layernorm_epsilon=1e-06, layernorm_zero_centered_gamma=False, add_bias_linear=False, add_qkv_bias=False, gated_linear_unit=True, activation_func=<function silu at 0x7f37d04f5800>, activation_func_fp8_input_store=False, num_moe_experts=None, rotary_interleaved=False, window_size=None, normalization='RMSNorm', qk_layernorm=True, test_mode=False, calculate_per_token_loss=False, multi_latent_attention=False, no_rope_freq=None, moe_deepep_num_sms=20, init_method=functools.partial(<function normal_ at 0x7f37d037a160>, mean=0.0, std=0.02), output_layer_init_method=functools.partial(<function normal_ at 0x7f37d037a160>, mean=0.0, std=0.0023570226039551587), init_method_std=0.02, embedding_init_method=functools.partial(<function normal_ at 0x7f37d037a160>, mean=0.0, std=0.02), embedding_init_method_std=0.02, init_model_with_meta_device=False, apply_query_key_layer_scaling=False, attention_softmax_in_fp32=True, disable_bf16_reduced_precision_matmul=False, bias_activation_fusion=True, masked_softmax_fusion=False, persist_layer_norm=True, memory_efficient_layer_norm=False, bias_dropout_fusion=True, apply_rope_fusion=False, use_fused_weighted_squared_relu=False, recompute_granularity='full', recompute_method='uniform', recompute_num_layers=1, distribute_saved_activations=False, recompute_modules=['core_attn'], fp8=None, fp8_recipe='delayed', fp8_param=False, fp8_margin=0, fp8_interval=1, fp8_amax_history_len=1, fp8_amax_compute_algo='most_recent', fp8_wgrad=True, fp8_dot_product_attention=False, fp8_multi_head_attention=False, tp_only_amax_red=False, first_last_layers_bf16=False, num_layers_at_start_in_bf16=1, num_layers_at_end_in_bf16=1, use_kitchen=False, moe_shared_expert_intermediate_size=None, moe_shared_expert_overlap=False, moe_layer_freq=1, moe_ffn_hidden_size=None, moe_router_load_balancing_type='aux_loss', moe_router_topk=2, moe_router_topk_limited_devices=None, moe_router_padding_for_fp8=False, moe_router_num_groups=None, moe_router_group_topk=None, moe_router_pre_softmax=False, moe_router_topk_scaling_factor=None, moe_router_score_function='softmax', moe_router_dtype='fp32', moe_router_enable_expert_bias=False, moe_router_bias_update_rate=0.001, moe_router_force_load_balancing=False, moe_grouped_gemm=False, moe_use_legacy_grouped_gemm=False, moe_aux_loss_coeff=0.0, moe_z_loss_coeff=None, moe_input_jitter_eps=None, moe_token_dropping=False, moe_token_dispatcher_type='flex', moe_enable_deepep=True, moe_per_layer_logging=False, moe_expert_capacity_factor=None, moe_pad_expert_input_to_capacity=False, moe_token_drop_policy='probs', moe_layer_recompute=False, moe_permute_fusion=True, moe_router_fusion=False, moe_apply_probs_on_input=False, cp_comm_type='p2p', enable_cuda_graph=False, cuda_graph_use_single_mempool=False, cuda_graph_retain_backward_graph=False, cuda_graph_warmup_steps=3, external_cuda_graph=False, cuda_graph_scope='full', clone_scatter_output_in_embedding=True, disable_parameter_transpose_cache=False, config_logger_dir='', flash_decode=False, inference_rng_tracker=False, symmetric_ar_type=None, mrope_section=[24, 20, 20], is_hybrid_model=False, mamba_state_dim=128, mamba_head_dim=64, mamba_num_groups=8, mamba_num_heads=None, use_mamba_mem_eff_path=True, mlp_chunks_for_prefill=1, heterogeneous_block_specs=False, hetereogenous_dist_checkpoint=False, quant_recipe=None, transformer_impl='transformer_engine', patch_size=16, temporal_patch_size=2, in_channels=3, spatial_merge_size=2, num_position_embeddings=2304, out_hidden_size=4096, apply_rotary_pos_emb_in_fp32=False, deepstack_visual_indexes=[8, 16, 24])[32m [repeated 15x across cluster][0m
[36m(WorkerDict pid=246541)[0m  > number of parameters on (tensor, pipeline) model parallel rank (0, 0): 2338281912
[36m(WorkerDict pid=246542)[0m NCCL version 2.27.3+cuda12.9
[36m(WorkerDict pid=71406, ip=node2)[0m actor_module: 1
[36m(WorkerDict pid=246541)[0m DistributedDataParallel contains 2.34B parameters
[36m(WorkerDict pid=246541)[0m optimizer config after override: {'optimizer': 'adam', 'lr': 1e-06, 'min_lr': 0.0, 'clip_grad': 1.0, 'weight_decay': 0.01, 'use_distributed_optimizer': True, 'bf16': True, 'params_dtype': torch.bfloat16, 'optimizer_offload_fraction': 1, 'overlap_cpu_optimizer_d2h_h2d': True, 'use_precision_aware_optimizer': True, 'optimizer_cpu_offload': True}
[36m(WorkerDict pid=71418, ip=node2)[0m  > number of parameters on (tensor, pipeline) model parallel rank (0, 1): 2047762944[32m [repeated 7x across cluster][0m
[36m(WorkerDict pid=246589)[0m actor_module: 1[32m [repeated 15x across cluster][0m
[36m(WorkerDict pid=71407, ip=node2)[0m Qwen3VLTransformerConfig(tensor_model_parallel_size=2, pipeline_model_parallel_comm_backend=None, pipeline_model_parallel_size=2, virtual_pipeline_model_parallel_size=None, sequence_parallel=True, context_parallel_size=2, hierarchical_context_parallel_sizes=None, expert_model_parallel_size=1, expert_tensor_parallel_size=2, moe_extended_tp=False, perform_initialization=True, use_cpu_initialization=False, fp16=False, bf16=True, params_dtype=torch.bfloat16, timers=None, finalize_model_grads_func=<function finalize_model_grads at 0x7f7d3f26a5c0>, grad_scale_func=<bound method MegatronOptimizer.scale_loss of <megatron.core.optimizer.optimizer.ChainedOptimizer object at 0x7f7cc4683a40>>, no_sync_func=None, grad_sync_func=None, param_sync_func=None, deterministic_mode=False, enable_autocast=False, autocast_dtype=torch.bfloat16, num_microbatches_with_partial_activation_checkpoints=None, gradient_accumulation_fusion=True, async_tensor_model_parallel_allreduce=True, use_te_rng_tracker=False, tp_comm_overlap=False, tp_comm_bulk_wgrad=True, tp_comm_bulk_dgrad=True, tp_comm_overlap_ag=True, tp_comm_overlap_rs=True, tp_comm_overlap_rs_dgrad=False, tp_comm_split_ag=True, tp_comm_atomic_ag=False, tp_comm_split_rs=True, tp_comm_atomic_rs=False, cross_entropy_loss_fusion=False, cross_entropy_fusion_impl='native', tp_comm_overlap_disable_qkv=False, tp_comm_overlap_disable_fc1=False, tp_comm_bootstrap_backend='nccl', overlap_moe_expert_parallel_comm=False, delay_wgrad_compute=False, pipeline_dtype=torch.bfloat16, variable_seq_lengths=True, overlap_p2p_comm=False, batch_p2p_comm=False, batch_p2p_sync=True, use_ring_exchange_p2p=False, deallocate_pipeline_outputs=True, defer_embedding_wgrad_compute=False, wgrad_deferral_limit=0, overlap_p2p_comm_warmup_flush=False, microbatch_group_size_per_vp_stage=2, cpu_offloading=False, cpu_offloading_num_layers=0, _cpu_offloading_context=None, cpu_offloading_activations=True, cpu_offloading_weights=True, barrier_with_L1_time=True, num_layers=36, mtp_num_layers=None, mtp_loss_scaling_factor=None, num_layers_in_first_pipeline_stage=None, num_layers_in_last_pipeline_stage=None, pipeline_model_parallel_layout=None, account_for_embedding_in_pipeline_split=True, account_for_loss_in_pipeline_split=True, hidden_size=4096, num_attention_heads=32, attention_backend=<AttnBackend.flash: 1>, softmax_scale=None, num_query_groups=8, ffn_hidden_size=12288, kv_channels=128, hidden_dropout=0.0, attention_dropout=0.0, fp32_residual_connection=False, apply_residual_connection_post_layernorm=False, layernorm_epsilon=1e-06, layernorm_zero_centered_gamma=False, add_bias_linear=False, add_qkv_bias=False, gated_linear_unit=True, activation_func=<function silu at 0x7faf9774d800>, activation_func_fp8_input_store=False, num_moe_experts=None, rotary_interleaved=False, window_size=None, normalization='RMSNorm', qk_layernorm=True, test_mode=False, calculate_per_token_loss=False, multi_latent_attention=False, no_rope_freq=None, moe_deepep_num_sms=20, init_method=functools.partial(<function normal_ at 0x7faf975d2160>, mean=0.0, std=0.02), output_layer_init_method=functools.partial(<function normal_ at 0x7faf975d2160>, mean=0.0, std=0.0023570226039551587), init_method_std=0.02, embedding_init_method=functools.partial(<function normal_ at 0x7faf975d2160>, mean=0.0, std=0.02), embedding_init_method_std=0.02, init_model_with_meta_device=False, apply_query_key_layer_scaling=False, attention_softmax_in_fp32=True, disable_bf16_reduced_precision_matmul=False, bias_activation_fusion=True, masked_softmax_fusion=False, persist_layer_norm=True, memory_efficient_layer_norm=False, bias_dropout_fusion=True, apply_rope_fusion=False, use_fused_weighted_squared_relu=False, recompute_granularity='full', recompute_method='uniform', recompute_num_layers=1, distribute_saved_activations=False, recompute_modules=['core_attn'], fp8=None, fp8_recipe='delayed', fp8_param=False, fp8_margin=0, fp8_interval=1, fp8_amax_history_len=1, fp8_amax_compute_algo='most_recent', fp8_wgrad=True, fp8_dot_product_attention=False, fp8_multi_head_attention=False, tp_only_amax_red=False, first_last_layers_bf16=False, num_layers_at_start_in_bf16=1, num_layers_at_end_in_bf16=1, use_kitchen=False, moe_shared_expert_intermediate_size=None, moe_shared_expert_overlap=False, moe_layer_freq=1, moe_ffn_hidden_size=None, moe_router_load_balancing_type='aux_loss', moe_router_topk=2, moe_router_topk_limited_devices=None, moe_router_padding_for_fp8=False, moe_router_num_groups=None, moe_router_group_topk=None, moe_router_pre_softmax=False, moe_router_topk_scaling_factor=None, moe_router_score_function='softmax', moe_router_dtype='fp32', moe_router_enable_expert_bias=False, moe_router_bias_update_rate=0.001, moe_router_force_load_balancing=False, moe_grouped_gemm=False, moe_use_legacy_grouped_gemm=False, moe_aux_loss_coeff=0.0, moe_z_loss_coeff=None, moe_input_jitter_eps=None, moe_token_dropping=False, moe_token_dispatcher_type='flex', moe_enable_deepep=True, moe_per_layer_logging=False, moe_expert_capacity_factor=None, moe_pad_expert_input_to_capacity=False, moe_token_drop_policy='probs', moe_layer_recompute=False, moe_permute_fusion=True, moe_router_fusion=False, moe_apply_probs_on_input=False, cp_comm_type='p2p', enable_cuda_graph=False, cuda_graph_use_single_mempool=False, cuda_graph_retain_backward_graph=False, cuda_graph_warmup_steps=3, external_cuda_graph=False, cuda_graph_scope='full', clone_scatter_output_in_embedding=True, disable_parameter_transpose_cache=False, config_logger_dir='', flash_decode=False, inference_rng_tracker=False, symmetric_ar_type=None, mrope_section=[24, 20, 20], is_hybrid_model=False, mamba_state_dim=128, mamba_head_dim=64, mamba_num_groups=8, mamba_num_heads=None, use_mamba_mem_eff_path=True, mlp_chunks_for_prefill=1, heterogeneous_block_specs=False, hetereogenous_dist_checkpoint=False, quant_recipe=None, transformer_impl='transformer_engine', patch_size=16, temporal_patch_size=2, in_channels=3, spatial_merge_size=2, num_position_embeddings=2304, out_hidden_size=4096, apply_rotary_pos_emb_in_fp32=False, deepstack_visual_indexes=[8, 16, 24])[36m(WorkerDict pid=71407, ip=node2)[0m /mnt/cfs/danerli/workspace/test_benchmark/TestBenchmarkWithTrainingCard/verl/verl/utils/profiler/config.py:49: UserWarning: Torch profiler tool config is not fully supported now.
[36m(WorkerDict pid=71407, ip=node2)[0m   warnings.warn("Torch profiler tool config is not fully supported now.", stacklevel=1)
[36m(WorkerDict pid=246589)[0m /mnt/cfs/danerli/workspace/test_benchmark/TestBenchmarkWithTrainingCard/verl/verl/utils/megatron_utils.py:419: UserWarning: TypedStorage is deprecated. It will be removed in the future and UntypedStorage will be the only storage class. This should only matter to you if you are using storages directly.  To access UntypedStorage directly, use tensor.untyped_storage() instead of tensor.storage()[32m [repeated 15x across cluster][0m
[36m(WorkerDict pid=246589)[0m   if buffer.param_data.storage().size() > 0:[32m [repeated 15x across cluster][0m
[36m(TaskRunner pid=245980)[0m /mnt/cfs/danerli/workspace/test_benchmark/TestBenchmarkWithTrainingCard/verl/verl/utils/profiler/config.py:49: UserWarning: Torch profiler tool config is not fully supported now.[32m [repeated 16x across cluster][0m
[36m(TaskRunner pid=245980)[0m   warnings.warn("Torch profiler tool config is not fully supported now.", stacklevel=1)[32m [repeated 16x across cluster][0m
[36m(pid=71190, ip=node2)[0m W0103 02:05:45.788000 71190 torch/utils/cpp_extension.py:118] No CUDA runtime is found, using CUDA_HOME='/usr/local/cuda'
[36m(vLLMHttpServer pid=249036)[0m INFO:2026-01-03 02:05:47,146:vLLMHttpServer, replica_rank: 1, master address: node1, master port: 42185, data parallel master port: 40175
[36m(vLLMHttpServer pid=249036)[0m INFO:2026-01-03 02:05:47,151:override_generation_config: {'temperature': 1.0, 'top_k': -1, 'top_p': 1, 'repetition_penalty': 1.0, 'max_new_tokens': 2048}
[36m(vLLMHttpServer pid=249036)[0m INFO:2026-01-03 02:05:47,151:enable_sleep_mode: True
[36m(vLLMHttpServer pid=249036)[0m Using blocking ray.get inside async actor. This blocks the event loop. Please use `await` on object ref with asyncio.gather if you want to yield execution to the event loop instead.
[36m(vLLMHttpServer pid=249036)[0m INFO:2026-01-03 02:05:47,169:replica_rank=1, node_rank=0, nnodes=1, get worker zmq addresses: ['ipc:///tmp/verl_vllm_zmq_246542_root.ipc']
[36m(vLLMHttpServer pid=249036)[0m `torch_dtype` is deprecated! Use `dtype` instead!

[36m(WorkerDict pid=71407, ip=node2)[0m routing replay layers: 0
[36m(TaskRunner pid=245980)[0m WARNING 01-03 02:05:38 [api_server.py:1213] LoRA dynamic loading & unloading is enabled in the API server. This should ONLY be used for local development!
[36m(WorkerDict pid=246544)[0m Qwen3VLTransformerConfig(tensor_model_parallel_size=2, pipeline_model_parallel_comm_backend=None, pipeline_model_parallel_size=2, virtual_pipeline_model_parallel_size=None, sequence_parallel=True, context_parallel_size=2, hierarchical_context_parallel_sizes=None, expert_model_parallel_size=1, expert_tensor_parallel_size=2, moe_extended_tp=False, perform_initialization=True, use_cpu_initialization=False, fp16=False, bf16=True, params_dtype=torch.bfloat16, timers=None, finalize_model_grads_func=<function finalize_model_grads at 0x7f487ed665c0>, grad_scale_func=<bound method MegatronOptimizer.scale_loss of <megatron.core.optimizer.optimizer.ChainedOptimizer object at 0x7f481c1f3350>>, no_sync_func=None, grad_sync_func=None, param_sync_func=None, deterministic_mode=False, enable_autocast=False, autocast_dtype=torch.bfloat16, num_microbatches_with_partial_activation_checkpoints=None, gradient_accumulation_fusion=True, async_tensor_model_parallel_allreduce=True, use_te_rng_tracker=False, tp_comm_overlap=False, tp_comm_bulk_wgrad=True, tp_comm_bulk_dgrad=True, tp_comm_overlap_ag=True, tp_comm_overlap_rs=True, tp_comm_overlap_rs_dgrad=False, tp_comm_split_ag=True, tp_comm_atomic_ag=False, tp_comm_split_rs=True, tp_comm_atomic_rs=False, cross_entropy_loss_fusion=False, cross_entropy_fusion_impl='native', tp_comm_overlap_disable_qkv=False, tp_comm_overlap_disable_fc1=False, tp_comm_bootstrap_backend='nccl', overlap_moe_expert_parallel_comm=False, delay_wgrad_compute=False, pipeline_dtype=torch.bfloat16, variable_seq_lengths=True, overlap_p2p_comm=False, batch_p2p_comm=False, batch_p2p_sync=True, use_ring_exchange_p2p=False, deallocate_pipeline_outputs=True, defer_embedding_wgrad_compute=False, wgrad_deferral_limit=0, overlap_p2p_comm_warmup_flush=False, microbatch_group_size_per_vp_stage=2, cpu_offloading=False, cpu_offloading_num_layers=0, _cpu_offloading_context=None, cpu_offloading_activations=True, cpu_offloading_weights=True, barrier_with_L1_time=True, num_layers=36, mtp_num_layers=None, mtp_loss_scaling_factor=None, num_layers_in_first_pipeline_stage=None, num_layers_in_last_pipeline_stage=None, pipeline_model_parallel_layout=None, account_for_embedding_in_pipeline_split=True, account_for_loss_in_pipeline_split=True, hidden_size=4096, num_attention_heads=32, attention_backend=<AttnBackend.flash: 1>, softmax_scale=None, num_query_groups=8, ffn_hidden_size=12288, kv_channels=128, hidden_dropout=0.0, attention_dropout=0.0, fp32_residual_connection=False, apply_residual_connection_post_layernorm=False, layernorm_epsilon=1e-06, layernorm_zero_centered_gamma=False, add_bias_linear=False, add_qkv_bias=False, gated_linear_unit=True, activation_func=<function silu at 0x7f7ae19c9800>, activation_func_fp8_input_store=False, num_moe_experts=None, rotary_interleaved=False, window_size=None, normalization='RMSNorm', qk_layernorm=True, test_mode=False, calculate_per_token_loss=False, multi_latent_attention=False, no_rope_freq=None, moe_deepep_num_sms=20, init_method=functools.partial(<function normal_ at 0x7f7ae184a160>, mean=0.0, std=0.02), output_layer_init_method=functools.partial(<function normal_ at 0x7f7ae184a160>, mean=0.0, std=0.0023570226039551587), init_method_std=0.02, embedding_init_method=functools.partial(<function normal_ at 0x7f7ae184a160>, mean=0.0, std=0.02), embedding_init_method_std=0.02, init_model_with_meta_device=False, apply_query_key_layer_scaling=False, attention_softmax_in_fp32=True, disable_bf16_reduced_precision_matmul=False, bias_activation_fusion=True, masked_softmax_fusion=False, persist_layer_norm=True, memory_efficient_layer_norm=False, bias_dropout_fusion=True, apply_rope_fusion=False, use_fused_weighted_squared_relu=False, recompute_granularity='full', recompute_method='uniform', recompute_num_layers=1, distribute_saved_activations=False, recompute_modules=['core_attn'], fp8=None, fp8_recipe='delayed', fp8_param=False, fp8_margin=0, fp8_interval=1, fp8_amax_history_len=1, fp8_amax_compute_algo='most_recent', fp8_wgrad=True, fp8_dot_product_attention=False, fp8_multi_head_attention=False, tp_only_amax_red=False, first_last_layers_bf16=False, num_layers_at_start_in_bf16=1, num_layers_at_end_in_bf16=1, use_kitchen=False, moe_shared_expert_intermediate_size=None, moe_shared_expert_overlap=False, moe_layer_freq=1, moe_ffn_hidden_size=None, moe_router_load_balancing_type='aux_loss', moe_router_topk=2, moe_router_topk_limited_devices=None, moe_router_padding_for_fp8=False, moe_router_num_groups=None, moe_router_group_topk=None, moe_router_pre_softmax=False, moe_router_topk_scaling_factor=None, moe_router_score_function='softmax', moe_router_dtype='fp32', moe_router_enable_expert_bias=False, moe_router_bias_update_rate=0.001, moe_router_force_load_balancing=False, moe_grouped_gemm=False, moe_use_legacy_grouped_gemm=False, moe_aux_loss_coeff=0.0, moe_z_loss_coeff=None, moe_input_jitter_eps=None, moe_token_dropping=False, moe_token_dispatcher_type='flex', moe_enable_deepep=True, moe_per_layer_logging=False, moe_expert_capacity_factor=None, moe_pad_expert_input_to_capacity=False, moe_token_drop_policy='probs', moe_layer_recompute=False, moe_permute_fusion=True, moe_router_fusion=False, moe_apply_probs_on_input=False, cp_comm_type='p2p', enable_cuda_graph=False, cuda_graph_use_single_mempool=False, cuda_graph_retain_backward_graph=False, cuda_graph_warmup_steps=3, external_cuda_graph=False, cuda_graph_scope='full', clone_scatter_output_in_embedding=True, disable_parameter_transpose_cache=False, config_logger_dir='', flash_decode=False, inference_rng_tracker=False, symmetric_ar_type=None, mrope_section=[24, 20, 20], is_hybrid_model=False, mamba_state_dim=128, mamba_head_dim=64, mamba_num_groups=8, mamba_num_heads=None, use_mamba_mem_eff_path=True, mlp_chunks_for_prefill=1, heterogeneous_block_specs=False, hetereogenous_dist_checkpoint=False, quant_recipe=None, transformer_impl='transformer_engine', patch_size=16, temporal_patch_size=2, in_channels=3, spatial_merge_size=2, num_position_embeddings=2304, out_hidden_size=4096, apply_rotary_pos_emb_in_fp32=False, deepstack_visual_indexes=[8, 16, 24])[32m [repeated 15x across cluster][0m
[36m(WorkerDict pid=246544)[0m routing replay layers: 0[32m [repeated 15x across cluster][0m
[36m(pid=71190, ip=node2)[0m WARNING 01-03 02:05:45 [api_server.py:1213] LoRA dynamic loading & unloading is enabled in the API server. This should ONLY be used for local development!
[36m(pid=249036)[0m WARNING 01-03 02:05:45 [api_server.py:1213] LoRA dynamic loading & unloading is enabled in the API server. This should ONLY be used for local development!
[36m(vLLMHttpServer pid=249036)[0m WARNING 01-03 02:05:47 [__init__.py:1750] argument 'disable_mm_preprocessor_cache' is deprecated
[36m(vLLMHttpServer pid=249036)[0m WARNING 01-03 02:05:47 [arg_utils.py:970] `--disable-mm-preprocessor-cache` is deprecated and will be removed in v0.13. Please use `--mm-processor-cache-gb 0` instead.
[36m(vLLMHttpServer pid=249035)[0m ['serve',
[36m(vLLMHttpServer pid=249035)[0m  '/mnt/cfs/tilearn/pretrain_models/Qwen/Qwen3-VL-8B-Instruct',
[36m(vLLMHttpServer pid=249035)[0m  '--dtype',
[36m(vLLMHttpServer pid=249035)[0m  'bfloat16',
[36m(vLLMHttpServer pid=249035)[0m  '--load_format',
[36m(vLLMHttpServer pid=249035)[0m  'safetensors',
[36m(vLLMHttpServer pid=249035)[0m  '--max_model_len',
[36m(vLLMHttpServer pid=249035)[0m  '3072',
[36m(vLLMHttpServer pid=249035)[0m  '--max_num_seqs',
[36m(vLLMHttpServer pid=249035)[0m  '1024',
[36m(vLLMHttpServer pid=249035)[0m  '--enable_chunked_prefill',
[36m(vLLMHttpServer pid=249035)[0m  '--max_num_batched_tokens',
[36m(vLLMHttpServer pid=249035)[0m  '8192',
[36m(vLLMHttpServer pid=249035)[0m  '--enable_prefix_caching',
[36m(vLLMHttpServer pid=249035)[0m  '--enable_sleep_mode',
[36m(vLLMHttpServer pid=249035)[0m  '--disable_custom_all_reduce',
[36m(vLLMHttpServer pid=249035)[0m  '--gpu_memory_utilization',[36m(vLLMHttpServer pid=249036)[0m W0103 02:05:54.451000 250326 torch/utils/cpp_extension.py:118] No CUDA runtime is found, using CUDA_HOME='/usr/local/cuda'[32m [repeated 16x across cluster][0m
[36m(vLLMHttpServer pid=73970, ip=node2)[0m INFO:2026-01-03 02:05:50,299:vLLMHttpServer, replica_rank: 12, master address: node2, master port: 43721, data parallel master port: 46301[32m [repeated 15x across cluster][0m
[36m(vLLMHttpServer pid=73970, ip=node2)[0m INFO:2026-01-03 02:05:50,304:override_generation_config: {'temperature': 1.0, 'top_k': -1, 'top_p': 1, 'repetition_penalty': 1.0, 'max_new_tokens': 2048}[32m [repeated 15x across cluster][0m
[36m(vLLMHttpServer pid=73970, ip=node2)[0m INFO:2026-01-03 02:05:50,304:enable_sleep_mode: True[32m [repeated 15x across cluster][0m
[36m(vLLMHttpServer pid=73979, ip=node2)[0m Using blocking ray.get inside async actor. This blocks the event loop. Please use `await` on object ref with asyncio.gather if you want to yield execution to the event loop instead.[32m [repeated 15x across cluster][0m
[36m(vLLMHttpServer pid=73979, ip=node2)[0m INFO:2026-01-03 02:05:50,285:replica_rank=15, node_rank=0, nnodes=1, get worker zmq addresses: ['ipc:///tmp/verl_vllm_zmq_71409_root.ipc'][32m [repeated 15x across cluster][0m
[36m(vLLMHttpServer pid=73979, ip=node2)[0m `torch_dtype` is deprecated! Use `dtype` instead![32m [repeated 15x across cluster][0m
[36m(WorkerDict pid=246542)[0m [rank1]:W0103 02:05:55.044000 246542 torch/utils/cpp_extension.py:2425] TORCH_CUDA_ARCH_LIST is not set, all archs for visible cards are included for compilation. 
[36m(WorkerDict pid=246542)[0m [rank1]:W0103 02:05:55.044000 246542 torch/utils/cpp_extension.py:2425] If this is not desired, please set os.environ['TORCH_CUDA_ARCH_LIST'] to specific architectures.
[36m(vLLMHttpServer pid=73970, ip=node2)[0m W0103 02:05:59.117000 75160 torch/utils/cpp_extension.py:118] No CUDA runtime is found, using CUDA_HOME='/usr/local/cuda'[32m [repeated 15x across cluster][0m
[36m(WorkerDict pid=246541)[0m 
Loading safetensors checkpoint shards:   0% Completed | 0/4 [00:00<?, ?it/s]
[36m(WorkerDict pid=71414, ip=node2)[0m [rank12]:W0103 02:05:59.944000 71414 torch/utils/cpp_extension.py:2425] TORCH_CUDA_ARCH_LIST is not set, all archs for visible cards are included for compilation. [32m [repeated 15x across cluster][0m
[36m(WorkerDict pid=71414, ip=node2)[0m [rank12]:W0103 02:05:59.944000 71414 torch/utils/cpp_extension.py:2425] If this is not desired, please set os.environ['TORCH_CUDA_ARCH_LIST'] to specific architectures.[32m [repeated 15x across cluster][0m
[36m(WorkerDict pid=246541)[0m 
Loading safetensors checkpoint shards:  25% Completed | 1/4 [00:00<00:01,  1.57it/s]
[36m(WorkerDict pid=246541)[0m 
Loading safetensors checkpoint shards:  50% Completed | 2/4 [00:01<00:01,  1.37it/s]
[36m(WorkerDict pid=246541)[0m 
Loading safetensors checkpoint shards:  75% Completed | 3/4 [00:01<00:00,  1.60it/s]
[36m(WorkerDict pid=246541)[0m 
Loading safetensors checkpoint shards: 100% Completed | 4/4 [00:02<00:00,  1.43it/s]
[36m(WorkerDict pid=246541)[0m 
Loading safetensors checkpoint shards: 100% Completed | 4/4 [00:02<00:00,  1.46it/s]
[36m(WorkerDict pid=246541)[0m 
[36m(WorkerDict pid=71422, ip=node2)[0m 2026-01-03 02:06:21,957 - INFO - autotuner.py:256 - flashinfer.jit: [Autotuner]: Autotuning process starts ...
[36m(WorkerDict pid=71407, ip=node2)[0m 2026-01-03 02:06:22,835 - INFO - autotuner.py:262 - flashinfer.jit: [Autotuner]: Autotuning process ends
[36m(WorkerDict pid=246541)[0m 
Capturing CUDA graphs (mixed prefill-decode, PIECEWISE):   0%|          | 0/67 [00:00<?, ?it/s]
[36m(WorkerDict pid=246541)[0m 
Capturing CUDA graphs (mixed prefill-decode, PIECEWISE):   3%|▎         | 2/67 [00:00<00:05, 11.40it/s]
[36m(WorkerDict pid=246541)[0m 
Capturing CUDA graphs (mixed prefill-decode, PIECEWISE):   6%|▌         | 4/67 [00:00<00:05, 10.51it/s]
[36m(WorkerDict pid=246541)[0m 
Capturing CUDA graphs (mixed prefill-decode, PIECEWISE):   9%|▉         | 6/67 [00:00<00:05, 10.71it/s]
[36m(WorkerDict pid=246541)[0m 
Capturing CUDA graphs (mixed prefill-decode, PIECEWISE):  12%|█▏        | 8/67 [00:00<00:06,  8.64it/s]
[36m(WorkerDict pid=246541)[0m 
Capturing CUDA graphs (mixed prefill-decode, PIECEWISE):  15%|█▍        | 10/67 [00:01<00:05,  9.75it/s]
[36m(WorkerDict pid=246541)[0m 
Capturing CUDA graphs (mixed prefill-decode, PIECEWISE):  18%|█▊        | 12/67 [00:01<00:05, 10.78it/s]
[36m(WorkerDict pid=246541)[0m 
Capturing CUDA graphs (mixed prefill-decode, PIECEWISE):  21%|██        | 14/67 [00:01<00:04, 11.58it/s]
[36m(WorkerDict pid=246541)[0m 
Capturing CUDA graphs (mixed prefill-decode, PIECEWISE):  24%|██▍       | 16/67 [00:01<00:04, 11.14it/s]
[36m(WorkerDict pid=246541)[0m 
Capturing CUDA graphs (mixed prefill-decode, PIECEWISE):  27%|██▋       | 18/67 [00:01<00:04,  9.91it/s]
[36m(WorkerDict pid=246541)[0m 
Capturing CUDA graphs (mixed prefill-decode, PIECEWISE):  30%|██▉       | 20/67 [00:01<00:04, 10.29it/s]
[36m(WorkerDict pid=246541)[0m 
Capturing CUDA graphs (mixed prefill-decode, PIECEWISE):  33%|███▎      | 22/67 [00:02<00:04, 10.31it/s]
[36m(WorkerDict pid=246541)[0m 
Capturing CUDA graphs (mixed prefill-decode, PIECEWISE):  36%|███▌      | 24/67 [00:02<00:04, 10.20it/s]
[36m(WorkerDict pid=246541)[0m 
Capturing CUDA graphs (mixed prefill-decode, PIECEWISE):  39%|███▉      | 26/67 [00:02<00:03, 10.56it/s]
[36m(WorkerDict pid=246541)[0m 
Capturing CUDA graphs (mixed prefill-decode, PIECEWISE):  42%|████▏     | 28/67 [00:02<00:03,  9.87it/s]
[36m(WorkerDict pid=246541)[0m 
Capturing CUDA graphs (mixed prefill-decode, PIECEWISE):  45%|████▍     | 30/67 [00:03<00:04,  8.59it/s]
[36m(WorkerDict pid=246541)[0m 
Capturing CUDA graphs (mixed prefill-decode, PIECEWISE):  46%|████▋     | 31/67 [00:03<00:04,  8.46it/s]
[36m(WorkerDict pid=246541)[0m 
Capturing CUDA graphs (mixed prefill-decode, PIECEWISE):  48%|████▊     | 32/67 [00:03<00:04,  8.58it/s]
[36m(WorkerDict pid=246541)[0m 
Capturing CUDA graphs (mixed prefill-decode, PIECEWISE):  51%|█████     | 34/67 [00:03<00:03,  9.66it/s]
[36m(WorkerDict pid=71406, ip=node2)[0m 2026-01-03 02:06:24,308 - INFO - autotuner.py:256 - flashinfer.jit: [Autotuner]: Autotuning process starts ...[32m [repeated 15x across cluster][0m
[36m(WorkerDict pid=246541)[0m 
Capturing CUDA graphs (mixed prefill-decode, PIECEWISE):  52%|█████▏    | 35/67 [00:03<00:03,  9.51it/s]
[36m(WorkerDict pid=246541)[0m 
Capturing CUDA graphs (mixed prefill-decode, PIECEWISE):  54%|█████▎    | 36/67 [00:03<00:03,  9.44it/s]
[36m(WorkerDict pid=246541)[0m 
Capturing CUDA graphs (mixed prefill-decode, PIECEWISE):  55%|█████▌    | 37/67 [00:03<00:03,  8.89it/s]
[36m(WorkerDict pid=246541)[0m 
Capturing CUDA graphs (mixed prefill-decode, PIECEWISE):  57%|█████▋    | 38/67 [00:03<00:03,  7.94it/s]
[36m(WorkerDict pid=246541)[0m 
Capturing CUDA graphs (mixed prefill-decode, PIECEWISE):  58%|█████▊    | 39/67 [00:04<00:03,  8.28it/s]
[36m(WorkerDict pid=246541)[0m 
Capturing CUDA graphs (mixed prefill-decode, PIECEWISE):  61%|██████    | 41/67 [00:04<00:02,  9.74it/s]
[36m(WorkerDict pid=246541)[0m 
Capturing CUDA graphs (mixed prefill-decode, PIECEWISE):  64%|██████▍   | 43/67 [00:04<00:02, 11.48it/s]
[36m(WorkerDict pid=71406, ip=node2)[0m 2026-01-03 02:06:25,149 - INFO - autotuner.py:262 - flashinfer.jit: [Autotuner]: Autotuning process ends[32m [repeated 15x across cluster][0m
[36m(WorkerDict pid=246541)[0m 
Capturing CUDA graphs (mixed prefill-decode, PIECEWISE):  67%|██████▋   | 45/67 [00:04<00:01, 13.41it/s]
[36m(WorkerDict pid=246541)[0m 
Capturing CUDA graphs (mixed prefill-decode, PIECEWISE):  72%|███████▏  | 48/67 [00:04<00:01, 16.00it/s]
[36m(WorkerDict pid=246541)[0m 
Capturing CUDA graphs (mixed prefill-decode, PIECEWISE):  76%|███████▌  | 51/67 [00:04<00:00, 17.90it/s]
[36m(WorkerDict pid=246541)[0m 
Capturing CUDA graphs (mixed prefill-decode, PIECEWISE):  79%|███████▉  | 53/67 [00:04<00:00, 16.95it/s]
[36m(WorkerDict pid=246541)[0m 
Capturing CUDA graphs (mixed prefill-decode, PIECEWISE):  84%|████████▎ | 56/67 [00:05<00:00, 15.94it/s]
[36m(WorkerDict pid=246541)[0m 
Capturing CUDA graphs (mixed prefill-decode, PIECEWISE):  87%|████████▋ | 58/67 [00:05<00:00, 15.26it/s]
[36m(WorkerDict pid=246541)[0m 
Capturing CUDA graphs (mixed prefill-decode, PIECEWISE):  91%|█████████ | 61/67 [00:05<00:00, 17.62it/s]
[36m(WorkerDict pid=246541)[0m 
Capturing CUDA graphs (mixed prefill-decode, PIECEWISE):  96%|█████████▌| 64/67 [00:05<00:00, 19.62it/s]
[36m(WorkerDict pid=246541)[0m 
Capturing CUDA graphs (mixed prefill-decode, PIECEWISE): 100%|██████████| 67/67 [00:05<00:00, 21.44it/s]
Capturing CUDA graphs (mixed prefill-decode, PIECEWISE): 100%|██████████| 67/67 [00:05<00:00, 12.04it/s]
[36m(WorkerDict pid=246541)[0m 
Capturing CUDA graphs (decode, FULL):   0%|          | 0/67 [00:00<?, ?it/s]
[36m(WorkerDict pid=246541)[0m 
Capturing CUDA graphs (decode, FULL):   3%|▎         | 2/67 [00:00<00:05, 11.38it/s]
[36m(WorkerDict pid=246541)[0m 
Capturing CUDA graphs (decode, FULL):   6%|▌         | 4/67 [00:00<00:05, 11.41it/s]
[36m(WorkerDict pid=246541)[0m 
Capturing CUDA graphs (decode, FULL):   9%|▉         | 6/67 [00:00<00:05, 10.66it/s]
[36m(WorkerDict pid=246541)[0m 
Capturing CUDA graphs (decode, FULL):  12%|█▏        | 8/67 [00:00<00:05, 10.60it/s]
[36m(WorkerDict pid=246541)[0m 
Capturing CUDA graphs (decode, FULL):  15%|█▍        | 10/67 [00:00<00:05, 10.57it/s]
[36m(WorkerDict pid=246541)[0m 
Capturing CUDA graphs (decode, FULL):  18%|█▊        | 12/67 [00:01<00:04, 11.28it/s]
[36m(WorkerDict pid=246541)[0m 
Capturing CUDA graphs (decode, FULL):  21%|██        | 14/67 [00:01<00:04, 11.90it/s]
[36m(WorkerDict pid=246541)[0m 
Capturing CUDA graphs (decode, FULL):  24%|██▍       | 16/67 [00:01<00:04, 12.08it/s]
[36m(WorkerDict pid=246541)[0m 
Capturing CUDA graphs (decode, FULL):  27%|██▋       | 18/67 [00:01<00:03, 12.53it/s]
[36m(WorkerDict pid=246541)[0m 
Capturing CUDA graphs (decode, FULL):  30%|██▉       | 20/67 [00:01<00:04, 11.35it/s]
[36m(WorkerDict pid=246541)[0m 
Capturing CUDA graphs (decode, FULL):  33%|███▎      | 22/67 [00:01<00:03, 12.23it/s]
[36m(WorkerDict pid=246541)[0m 
Capturing CUDA graphs (decode, FULL):  36%|███▌      | 24/67 [00:02<00:03, 12.53it/s]
[36m(WorkerDict pid=246541)[0m 
Capturing CUDA graphs (decode, FULL):  39%|███▉      | 26/67 [00:02<00:03, 13.36it/s]
[36m(WorkerDict pid=246541)[0m 
Capturing CUDA graphs (decode, FULL):  42%|████▏     | 28/67 [00:02<00:02, 14.16it/s]
[36m(WorkerDict pid=246541)[0m 
Capturing CUDA graphs (decode, FULL):  45%|████▍     | 30/67 [00:02<00:02, 15.08it/s]
[36m(WorkerDict pid=246541)[0m 
Capturing CUDA graphs (decode, FULL):  48%|████▊     | 32/67 [00:02<00:02, 15.05it/s]
[36m(WorkerDict pid=246541)[0m 
Capturing CUDA graphs (decode, FULL):  51%|█████     | 34/67 [00:02<00:02, 16.09it/s]
[36m(WorkerDict pid=246541)[0m 
Capturing CUDA graphs (decode, FULL):  54%|█████▎    | 36/67 [00:03<00:03,  9.39it/s]
[36m(WorkerDict pid=246541)[0m 
Capturing CUDA graphs (decode, FULL):  57%|█████▋    | 38/67 [00:03<00:02, 10.86it/s]
[36m(WorkerDict pid=246541)[0m 
Capturing CUDA graphs (decode, FULL):  60%|█████▉    | 40/67 [00:03<00:02, 12.21it/s]
[36m(WorkerDict pid=246541)[0m 
Capturing CUDA graphs (decode, FULL):  63%|██████▎   | 42/67 [00:03<00:01, 13.13it/s]
[36m(WorkerDict pid=246541)[0m 
Capturing CUDA graphs (decode, FULL):  67%|██████▋   | 45/67 [00:03<00:01, 15.28it/s]
[36m(WorkerDict pid=246541)[0m 
Capturing CUDA graphs (decode, FULL):  72%|███████▏  | 48/67 [00:03<00:01, 17.98it/s]
[36m(WorkerDict pid=246541)[0m 
Capturing CUDA graphs (decode, FULL):  75%|███████▍  | 50/67 [00:03<00:01, 16.30it/s]
[36m(WorkerDict pid=246541)[0m 
Capturing CUDA graphs (decode, FULL):  78%|███████▊  | 52/67 [00:03<00:00, 17.12it/s]
[36m(WorkerDict pid=246541)[0m 
Capturing CUDA graphs (decode, FULL):  84%|████████▎ | 56/67 [00:04<00:00, 21.57it/s]
[36m(WorkerDict pid=246541)[0m 
Capturing CUDA graphs (decode, FULL):  90%|████████▉ | 60/67 [00:04<00:00, 25.51it/s]
[36m(WorkerDict pid=246541)[0m 
Capturing CUDA graphs (decode, FULL):  96%|█████████▌| 64/67 [00:04<00:00, 28.40it/s]
[36m(WorkerDict pid=246541)[0m 
Capturing CUDA graphs (decode, FULL): 100%|██████████| 67/67 [00:04<00:00, 15.35it/s]
[36m(vLLMHttpServer pid=249035)[0m INFO:2026-01-03 02:06:36,396:Initializing a V1 LLM engine with config: model='/mnt/cfs/tilearn/pretrain_models/Qwen/Qwen3-VL-8B-Instruct', speculative_config=None, tokenizer='/mnt/cfs/tilearn/pretrain_models/Qwen/Qwen3-VL-8B-Instruct', skip_tokenizer_init=False, tokenizer_mode=auto, revision=None, tokenizer_revision=None, trust_remote_code=False, dtype=torch.bfloat16, max_seq_len=3072, download_dir=None, load_format=safetensors, tensor_parallel_size=1, pipeline_parallel_size=1, data_parallel_size=1, disable_custom_all_reduce=True, quantization=None, enforce_eager=False, kv_cache_dtype=auto, device_config=cuda, structured_outputs_config=StructuredOutputsConfig(backend='auto', disable_fallback=False, disable_any_whitespace=False, disable_additional_properties=False, reasoning_parser=''), observability_config=ObservabilityConfig(show_hidden_metrics_for_version=None, otlp_traces_endpoint=None, collect_detailed_traces=None), seed=0, served_model_name=/mnt/cfs/tilearn/pretrain_models/Qwen/Qwen3-VL-8B-Instruct, enable_prefix_caching=True, chunked_prefill_enabled=True, pooler_config=None, compilation_config={"level":3,"debug_dump_path":"","cache_dir":"","backend":"","custom_ops":[],"splitting_ops":["vllm.unified_attention","vllm.unified_attention_with_output","vllm.mamba_mixer2","vllm.mamba_mixer","vllm.short_conv","vllm.linear_attention","vllm.plamo2_mamba_mixer","vllm.gdn_attention","vllm.sparse_attn_indexer"],"use_inductor":true,"compile_sizes":[],"inductor_compile_config":{"enable_auto_functionalized_v2":false},"inductor_passes":{},"cudagraph_mode":[2,1],"use_cudagraph":true,"cudagraph_num_of_warmups":1,"cudagraph_capture_sizes":[512,504,496,488,480,472,464,456,448,440,432,424,416,408,400,392,384,376,368,360,352,344,336,328,320,312,304,296,288,280,272,264,256,248,240,232,224,216,208,200,192,184,176,168,160,152,144,136,128,120,112,104,96,88,80,72,64,56,48,40,32,24,16,8,4,2,1],"cudagraph_copy_inputs":false,"full_cuda_graph":false,"use_inductor_graph_partition":false,"pass_config":{},"max_capture_size":512,"local_cache_dir":null}
[36m(pid=253946)[0m W0103 02:06:44.406000 253946 torch/utils/cpp_extension.py:118] No CUDA runtime is found, using CUDA_HOME='/usr/local/cuda'
[36m(TaskRunner pid=245980)[0m wandb: Tracking run with wandb version 0.22.3
[36m(TaskRunner pid=245980)[0m wandb: W&B syncing is set to `offline` in this directory. Run `wandb online` or set WANDB_MODE=online to enable cloud syncing.
[36m(TaskRunner pid=245980)[0m wandb: Run data is saved locally in /mnt/cfs/danerli/workspace/test_benchmark/TestBenchmarkWithTrainingCard/recipe/wandb/offline-run-20260103_020645-8j9jdbbw
[36m(TaskRunner pid=245980)[0m wandb: Detected [openai] in use.
[36m(TaskRunner pid=245980)[0m wandb: Use W&B Weave for improved LLM call tracing. Install Weave with `pip install weave` then add `import weave` to the top of your script.
[36m(TaskRunner pid=245980)[0m wandb: For more information, check out the docs at: https://weave-docs.wandb.ai/
[36m(pid=255314)[0m W0103 02:06:53.330000 255314 torch/utils/cpp_extension.py:118] No CUDA runtime is found, using CUDA_HOME='/usr/local/cuda'[32m [repeated 8x across cluster][0m
[36m(AgentLoopWorker pid=78710, ip=node2)[0m You're using a Qwen2TokenizerFast tokenizer. Please note that with a fast tokenizer, using the `__call__` method is faster than using a method to encode the text followed by a call to the `pad` method to get a padded encoding.
[36m(pid=79760, ip=node2)[0m W0103 02:06:54.730000 79760 torch/utils/cpp_extension.py:118] No CUDA runtime is found, using CUDA_HOME='/usr/local/cuda'[32m [repeated 7x across cluster][0m
[36m(TaskRunner pid=245980)[0m 
Training Progress:   0%|          | 0/120 [00:00<?, ?it/s]
[36m(AgentLoopWorker pid=253947)[0m You're using a Qwen2TokenizerFast tokenizer. Please note that with a fast tokenizer, using the `__call__` method is faster than using a method to encode the text followed by a call to the `pad` method to get a padded encoding.[32m [repeated 7x across cluster][0m
[36m(WorkerDict pid=246543)[0m WARNING:2026-01-03 02:09:12,493:flash-attn v3 may provide important feature support or performance improvement. Please install flash-attn v3 by 
[36m(WorkerDict pid=246543)[0m (1) git clone https://github.com/Dao-AILab/flash-attention.git
[36m(WorkerDict pid=246543)[0m (2) cd flash-attention/ && git checkout 3ba6f82 && git submodule update --init && cd hopper/ && python setup.py install
[36m(WorkerDict pid=246543)[0m (3) python_path=`python -c "import site; print(site.getsitepackages()[0])"`
[36m(WorkerDict pid=246543)[0m (4) mkdir -p $python_path/flash_attn_3
[36m(WorkerDict pid=246543)[0m (5) cp flash_attn_interface.py $python_path/flash_attn_3/flash_attn_interface.py
[36m(WorkerDict pid=71409, ip=node2)[0m WARNING:2026-01-03 02:09:27,880:flash-attn v3 may provide important feature support or performance improvement. Please install flash-attn v3 by [32m [repeated 8x across cluster][0m
[36m(WorkerDict pid=71409, ip=node2)[0m (1) git clone https://github.com/Dao-AILab/flash-attention.git[32m [repeated 8x across cluster][0m
[36m(WorkerDict pid=71409, ip=node2)[0m (2) cd flash-attention/ && git checkout 3ba6f82 && git submodule update --init && cd hopper/ && python setup.py install[32m [repeated 8x across cluster][0m
[36m(WorkerDict pid=71409, ip=node2)[0m (3) python_path=`python -c "import site; print(site.getsitepackages()[0])"`[32m [repeated 8x across cluster][0m
[36m(WorkerDict pid=71409, ip=node2)[0m (4) mkdir -p $python_path/flash_attn_3[32m [repeated 8x across cluster][0m
[36m(WorkerDict pid=71409, ip=node2)[0m (5) cp flash_attn_interface.py $python_path/flash_attn_3/flash_attn_interface.py[32m [repeated 8x across cluster][0m
[36m(WorkerDict pid=71414, ip=node2)[0m /usr/local/lib/python3.12/dist-packages/megatron/core/tensor_parallel/layers.py:715: UserWarning: When using sequence parallelism it is recommended to set the environment variable CUDA_DEVICE_MAX_CONNECTIONS to 1 for maximum speedup
[36m(WorkerDict pid=71414, ip=node2)[0m   warnings.warn(
[36m(WorkerDict pid=71406, ip=node2)[0m /usr/local/lib/python3.12/dist-packages/torch/autograd/graph.py:829: UserWarning: c10d::broadcast_: an autograd kernel was not registered to the Autograd key(s) but we are trying to backprop through it. This may lead to silently incorrect behavior. This behavior is deprecated and will be removed in a future version of PyTorch. If your operator is differentiable, please ensure you have registered an autograd kernel to the correct Autograd key (e.g. DispatchKey::Autograd, DispatchKey::CompositeImplicitAutograd). If your operator is not differentiable, or to squash this warning and use the previous behavior, please register torch::CppFunction::makeFallthrough() to DispatchKey::Autograd. (Triggered internally at /pytorch/torch/csrc/autograd/autograd_not_implemented_fallback.cpp:62.)
[36m(WorkerDict pid=71406, ip=node2)[0m   return Variable._execution_engine.run_backward(  # Calls into the C++ engine to run the backward pass
[36m(WorkerDict pid=71418, ip=node2)[0m WARNING:2026-01-03 02:09:28,728:flash-attn v3 may provide important feature support or performance improvement. Please install flash-attn v3 by [32m [repeated 7x across cluster][0m
[36m(WorkerDict pid=71418, ip=node2)[0m (1) git clone https://github.com/Dao-AILab/flash-attention.git[32m [repeated 7x across cluster][0m
[36m(WorkerDict pid=71418, ip=node2)[0m (2) cd flash-attention/ && git checkout 3ba6f82 && git submodule update --init && cd hopper/ && python setup.py install[32m [repeated 7x across cluster][0m
[36m(WorkerDict pid=71418, ip=no de)[0m (3) python_path=`python -c "import site; print(site.getsitepackages()[0])"`[32m [repeated 7x across cluster][0m
[36m(WorkerDict pid=71418, ip=node2)[0m (4) mkdir -p $python_path/flash_attn_3[32m [repeated 7x across cluster][0m
[36m(WorkerDict pid=71418, ip=node2)[0m (5) cp flash_attn_interface.py $python_path/flash_attn_3/flash_attn_interface.py[32m [repeated 7x across cluster][0m
[36m(WorkerDict pid=71408, ip=node2)[0m /usr/local/lib/python3.12/dist-packages/megatron/core/tensor_parallel/layers.py:715: UserWarning: When using sequence parallelism it is recommended to set the environment variable CUDA_DEVICE_MAX_CONNECTIONS to 1 for maximum speedup[32m [repeated 7x across cluster][0m
[36m(WorkerDict pid=71408, ip=node2)[0m   warnings.warn([32m [repeated 7x across cluster][0m
[36m(WorkerDict pid=71406, ip=node2)[0m   Variable._execution_engine.run_backward(
[36m(WorkerDict pid=246548)[0m /usr/local/lib/python3.12/dist-packages/torch/autograd/graph.py:829: UserWarning: c10d::broadcast_: an autograd kernel was not registered to the Autograd key(s) but we are trying to backprop through it. This may lead to silently incorrect behavior. This behavior is deprecated and will be removed in a future version of PyTorch. If your operator is differentiable, please ensure you have registered an autograd kernel to the correct Autograd key (e.g. DispatchKey::Autograd, DispatchKey::CompositeImplicitAutograd). If your operator is not differentiable, or to squash this warning and use the previous behavior, please register torch::CppFunction::makeFallthrough() to DispatchKey::Autograd. (Triggered internally at /pytorch/torch/csrc/autograd/autograd_not_implemented_fallback.cpp:62.)[32m [repeated 76x across cluster][0m
[36m(WorkerDict pid=246548)[0m   return Variable._execution_engine.run_backward(  # Calls into the C++ engine to run the backward pass[32m [repeated 44x across cluster][0m
[36m(WorkerDict pid=246589)[0m   Variable._execution_engine.run_backward([32m [repeated 35x across cluster][0m

[36m(vLLMHttpServer pid=249035)[0m  '0.7',
[36m(vLLMHttpServer pid=249035)[0m  '--disable_log_stats',
[36m(vLLMHttpServer pid=249035)[0m  '--tensor_parallel_size',
[36m(vLLMHttpServer pid=249035)[0m  '1',
[36m(vLLMHttpServer pid=249035)[0m  '--seed',
[36m(vLLMHttpServer pid=249035)[0m  '0',
[36m(vLLMHttpServer pid=249035)[0m  '--override_generation_config',
[36m(vLLMHttpServer pid=249035)[0m  '{"temperature": 1.0, "top_k": -1, "top_p": 1, "repetition_penalty": 1.0, '
[36m(vLLMHttpServer pid=249035)[0m  '"max_new_tokens": 2048}',
[36m(vLLMHttpServer pid=249035)[0m  '--hf_overrides',
[36m(vLLMHttpServer pid=249035)[0m  '{}',
[36m(vLLMHttpServer pid=249035)[0m  '--disable_mm_preprocessor_cache']
[36m(vLLMHttpServer pid=249036)[0m WARNING 01-03 02:05:47 [__init__.py:3036] We must use the `spawn` multiprocessing start method. Overriding VLLM_WORKER_MULTIPROC_METHOD to 'spawn'. See https://docs.vllm.ai/en/latest/usage/troubleshooting.html#python-multiprocessing for more information. Reasons: In a Ray actor and can only be spawned
[36m(pid=249083)[0m WARNING 01-03 02:05:47 [api_server.py:1213] LoRA dynamic loading & unloading is enabled in the API server. This should ONLY be used for local development![32m [repeated 14x across cluster][0m
[36m(vLLMHttpServer pid=73979, ip=node2)[0m WARNING 01-03 02:05:50 [__init__.py:1750] argument 'disable_mm_preprocessor_cache' is deprecated[32m [repeated 15x across cluster][0m
[36m(vLLMHttpServer pid=73979, ip=node2)[0m WARNING 01-03 02:05:50 [arg_utils.py:970] `--disable-mm-preprocessor-cache` is deprecated and will be removed in v0.13. Please use `--mm-processor-cache-gb 0` instead.[32m [repeated 15x across cluster][0m
[36m(vLLMHttpServer pid=73979, ip=node2)[0m WARNING 01-03 02:05:51 [__init__.py:3036] We must use the `spawn` multiprocessing start method. Overriding VLLM_WORKER_MULTIPROC_METHOD to 'spawn'. See https://docs.vllm.ai/en/latest/usage/troubleshooting.html#python-multiprocessing for more information. Reasons: In a Ray actor and can only be spawned[32m [repeated 15x across cluster][0m
[36m(WorkerDict pid=246541)[0m WARNING 01-03 02:05:55 [api_server.py:1213] LoRA dynamic loading & unloading is enabled in the API server. This should ONLY be used for local development![32m [repeated 7x across cluster][0m
[36m(WorkerDict pid=71406, ip=node2)[0m NCCL version 2.27.3+cuda12.9
[36m(WorkerDict pid=71406, ip=node2)[0m [Gloo] Rank 9 is connected to 15 peer ranks. Expected number of connected peer ranks is : 15
[36m(vLLMHttpServer pid=73970, ip=node2)[0m WARNING 01-03 02:06:33 [model.py:1389] Default sampling parameters have been overridden by the model's Hugging Face generation config recommended from the model creator. If this is not intended, please relaunch vLLM instance with `--generation-config vllm`.
[36m(WorkerDict pid=71414, ip=node2)[0m WARNING 01-03 02:05:59 [api_server.py:1213] LoRA dynamic loading & unloading is enabled in the API server. This should ONLY be used for local development![32m [repeated 25x across cluster][0m
[36m(WorkerDict pid=71418, ip=node2)[0m NCCL version 2.27.3+cuda12.9[32m [repeated 4x across cluster][0m
[36m(WorkerDict pid=246589)[0m [Gloo] Rank 0 is connected to 0 peer ranks. Expected number of connected peer ranks is : 0[32m [repeated 95x across cluster][0m
[36m(TaskRunner pid=245980)[0m AgentLoopManager: ['node1:38239', 'node1:42269', 'node1:43443', 'node1:44043', 'node1:33883', 'node1:43263', 'node1:40263', 'node1:34825', 'node2:37433', 'node2:33855', 'node2:42845', 'node2:36867', 'node2:40587', 'node2:42901', 'node2:45089', 'node2:34407']
[36m(vLLMHttpServer pid=249038)[0m WARNING 01-03 02:06:37 [model.py:1389] Default sampling parameters have been overridden by the model's Hugging Face generation config recommended from the model creator. If this is not intended, please relaunch vLLM instance with `--generation-config vllm`.[32m [repeated 15x across cluster][0m
[36m(AgentLoopWorker pid=78707, ip=node2)[0m WARNING 01-03 02:06:46 [api_server.py:1213] LoRA dynamic loading & unloading is enabled in the API server. This should ONLY be used for local development!
[36m(AgentLoopWorker pid=78708, ip=node2)[0m WARNING 01-03 02:06:46 [api_server.py:1213] LoRA dynamic loading & unloading is enabled in the API server. This should ONLY be used for local development!
[36m(TaskRunner pid=245980)[0m Checkpoint tracker file does not exist: /mnt/cfs/danerli/workspace/test_benchmark/TestBenchmarkWithTrainingCard/recipe/exp/checkpoint/qwen3_vl_8b_megatron_mutil_node/latest_checkpointed_iteration.txt
[36m(TaskRunner pid=245980)[0m Training from scratch
[36m(TaskRunner pid=245980)[0m test_gen_batch meta info: {'eos_token_id': 151645, 'pad_token_id': 151643, 'recompute_log_prob': False, 'do_sample': False, 'validate': True, 'global_steps': 0}
[36m(AgentLoopWorker pid=78710, ip=node2)[0m WARNING 01-03 02:06:47 [api_server.py:1213] LoRA dynamic loading & unloading is enabled in the API server. This should ONLY be used for local development![32m [repeated 6x across cluster][0m
[36m(WorkerDict pid=246544)[0m NCCL version 2.27.3+cuda12.9
[36m(TaskRunner pid=245980)[0m validation generation end
[36m(WorkerDict pid=246589)[0m NCCL version 2.27.3+cuda12.9[32m [repeated 2x across cluster][0m
[36m(TaskRunner pid=245980)[0m ("Initial validation metrics: {'val-aux/hiyouga/geometry3k/reward/mean@1': "
[36m(TaskRunner pid=245980)[0m  "0.4672212854598009, 'val-core/hiyouga/geometry3k/acc/mean@1': "
[36m(TaskRunner pid=245980)[0m  "0.46722129783693844, 'val-aux/num_turns/min': 2, 'val-aux/num_turns/max': 2, "
[36m(TaskRunner pid=245980)[0m  "'val-aux/num_turns/mean': 2.0}")
[36m(TaskRunner pid=245980)[0m step:0 - val-aux/hiyouga/geometry3k/reward/mean@1:0.4672212854598009 - val-core/hiyouga/geometry3k/acc/mean@1:0.46722129783693844 - val-aux/num_turns/min:2 - val-aux/num_turns/max:2 - val-aux/num_turns/mean:2.0
[36m(TaskRunner pid=245980)[0m step:1 - actor/entropy:0.41631564497947693 - perf/mfu/actor_infer:0 - actor/kl_loss:0.00044183031630782687 - actor/kl_coef:0.009999999999999998 - actor/pg_clipfrac:0.0005407845661849949 - actor/ppo_kl:1.5564136571848654e-05 - actor/pg_clipfrac_lower:0.0 - actor/pg_loss:0.0676671534893103 - actor/grad_norm:0.08113413183627227 - perf/mfu/actor:0.0 - perf/max_memory_allocated_gb:75.14477682113647 - perf/max_memory_reserved_gb:77.98828125 - perf/cpu_memory_used_gb:295.9943904876709 - actor/lr:1e-06 - training/global_step:1 - training/epoch:0 - critic/score/mean:0.4285546839237213 - critic/score/max:0.8999999761581421 - critic/score/min:0.0 - critic/rewards/mean:0.4285546839237213 - critic/rewards/max:0.8999999761581421 - critic/rewards/min:0.0 - critic/advantages/mean:-0.06823121756315231 - critic/advantages/max:1.7888498306274414 - critic/advantages/min:-1.7888498306274414 - critic/returns/mean:-0.06823121756315231 - critic/returns/max:1.7888498306274414 - critic/returns/min:-1.7888498306274414 - response_length/mean:1122.596435546875 - response_length/max:2048.0 - response_length/min:19.0 - response_length/clip_ratio:0.33125001192092896 - response_length_non_aborted/mean:1122.596435546875 - response_length_non_aborted/max:2048.0 - response_length_non_aborted/min:19.0 - response_length_non_aborted/clip_ratio:0.33125001192092896 - response/aborted_ratio:0.0 - prompt_length/mean:271.408203125 - prompt_length/max:842.0 - prompt_length/min:190.0 - prompt_length/clip_ratio:0.0 - num_turns/min:2 - num_turns/max:2 - num_turns/mean:2.0 - timing_s/start_profile:0.00019135605543851852 - timing_s/agent_loop/generate_sequences/min:2.968779444694519 - timing_s/agent_loop/generate_sequences/max:60.49139369488694 - timing_s/agent_loop/generate_sequences/mean:33.63679284292348 - timing_s/agent_loop/tool_calls/min:0.0 - timing_s/agent_loop/tool_calls/max:0.0 - timing_s/agent_loop/tool_calls/mean:0.0 - timing_s/agent_loop/slowest/generate_sequences:60.49139369488694 - timing_s/agent_loop/slowest/tool_calls:0.0 - timing_s/agent_loop/slowest/prompt_length:195 - timing_s/agent_loop/slowest/response_length:2048 - timing_s/gen:77.24152337410487 - timing_s/reward:0.00013931794092059135 - timing_s/old_log_prob:90.3146169509273 - timing_s/ref:65.7891317231115 - timing_s/adv:0.03713190206326544 - timing_s/update_actor:218.15279451897368 - timing_s/step:451.83652484207414 - timing_s/stop_profile:2.9319897294044495e-05 - timing_per_token_ms/ref:0.01843528921371753 - timing_per_token_ms/gen:0.0268773958300859 - timing_per_token_ms/update_actor:0.061130307611662243 - timing_per_token_ms/adv:1.0405021857907536e-05 - perf/total_num_tokens:3568652 - perf/time_per_step:451.83652484207414 - perf/throughput:493.6315187842709[36m(TaskRunner pid=245980)[0m 
Training Progress:   1%|          | 1/120 [07:37<15:07:27, 457.55s/it]
[36m(WorkerDict pid=246544)[0m /usr/local/lib/python3.12/dist-packages/megatron/core/pipeline_parallel/schedules.py:167: UserWarning: c10d::broadcast_: an autograd kernel was not registered to the Autograd key(s) but we are trying to backprop through it. This may lead to silently incorrect behavior. This behavior is deprecated and will be removed in a future version of PyTorch. If your operator is differentiable, please ensure you have registered an autograd kernel to the correct Autograd key (e.g. DispatchKey::Autograd, DispatchKey::CompositeImplicitAutograd). If your operator is not differentiable, or to squash this warning and use the previous behavior, please register torch::CppFunction::makeFallthrough() to DispatchKey::Autograd. (Triggered internally at /pytorch/torch/csrc/autograd/autograd_not_implemented_fallback.cpp:62.)[32m [repeated 19x across cluster][0m
[36m(WorkerDict pid=246544)[0m   return Variable._execution_engine.run_backward(  # Calls into the C++ engine to run the backward pass[32m [repeated 11x across cluster][0m
[36m(WorkerDict pid=246544)[0m   Variable._execution_engine.run_backward([32m [repeated 4x across cluster][0m
[36m(TaskRunner pid=245980)[0m 
Training Progress:   2%|▏         | 2/120 [14:47<14:27:59, 441.35s/it]
[36m(TaskRunner pid=245980)[0m 
Training Progress:   2%|▎         | 3/120 [21:55<14:08:36, 435.18s/it]

[36m(TaskRunner pid=245980)[0m step:2 - actor/entropy:0.412470281124115 - perf/mfu/actor_infer:0 - actor/kl_loss:0.0006316463763882725 - actor/kl_coef:0.009999999999999998 - actor/pg_clipfrac:0.0005398330761602631 - actor/ppo_kl:-1.7334236712635625e-05 - actor/pg_clipfrac_lower:3.442103964819883e-07 - actor/pg_loss:0.07436364952310989 - actor/grad_norm:0.08715072656469283 - perf/mfu/actor:0.0 - perf/max_memory_allocated_gb:75.77872610092163 - perf/max_memory_reserved_gb:78.4375 - perf/cpu_memory_used_gb:303.3011302947998 - actor/lr:1e-06 - training/global_step:2 - training/epoch:0 - critic/score/mean:0.4225781559944153 - critic/score/max:0.8999999761581421 - critic/score/min:0.0 - critic/rewards/mean:0.4225781559944153 - critic/rewards/max:0.8999999761581421 - critic/rewards/min:0.0 - critic/advantages/mean:-0.07430296391248703 - critic/advantages/max:1.7888498306274414 - critic/advantages/min:-1.7888498306274414 - critic/returns/mean:-0.07430296391248703 - critic/returns/max:1.7888498306274414 - critic/returns/min:-1.7888498306274414 - response_length/mean:1102.137939453125 - response_length/max:2048.0 - response_length/min:117.0 - response_length/clip_ratio:0.318359375 - response_length_non_aborted/mean:1102.137939453125 - response_length_non_aborted/max:2048.0 - response_length_non_aborted/min:117.0 - response_length_non_aborted/clip_ratio:0.318359375 - response/aborted_ratio:0.0 - prompt_length/mean:276.794921875 - prompt_length/max:600.0 - prompt_length/min:190.0 - prompt_length/clip_ratio:0.0 - num_turns/min:2 - num_turns/max:2 - num_turns/mean:2.0 - timing_s/start_profile:7.148808799684048e-05 - timing_s/agent_loop/generate_sequences/min:7.750093901064247 - timing_s/agent_loop/generate_sequences/max:61.45255324197933 - timing_s/agent_loop/generate_sequences/mean:32.9680339375217 - timing_s/agent_loop/tool_calls/min:0.0 - timing_s/agent_loop/tool_calls/max:0.0 - timing_s/agent_loop/tool_calls/mean:0.0 - timing_s/agent_loop/slowest/generate_sequences:61.45255324197933 - timing_s/agent_loop/slowest/tool_calls:0.0 - timing_s/agent_loop/slowest/prompt_length:385 - timing_s/agent_loop/slowest/response_length:2048 - timing_s/gen:76.85031114285812 - timing_s/reward:0.0001249981578439474 - timing_s/old_log_prob:69.73515149694867 - timing_s/ref:69.21937290695496 - timing_s/adv:0.04501511389389634 - timing_s/update_actor:213.36785887693986 - timing_s/step:429.4954220119398 - timing_s/stop_profile:2.9339920729398727e-05 - timing_per_token_ms/ref:0.01960850978138522 - timing_per_token_ms/gen:0.027237656055137907 - timing_per_token_ms/update_actor:0.0604429883155055 - timing_per_token_ms/adv:1.2751911264569505e-05 - perf/total_num_tokens:3530068 - perf/time_per_step:429.4954220119398 - perf/throughput:513.6940667876702
[36m(TaskRunner pid=245980)[0m step:3 - actor/entropy:0.4139108955860138 - perf/mfu/actor_infer:0 - actor/kl_loss:0.0007142403612357225 - actor/kl_coef:0.009999999999999998 - actor/pg_clipfrac:0.0006021119673694506 - actor/ppo_kl:1.447556630282995e-05 - actor/pg_clipfrac_lower:0.0 - actor/pg_loss:0.07354051975310871 - actor/grad_norm:0.08630571156768695 - perf/mfu/actor:0.0 - perf/max_memory_allocated_gb:76.38875150680542 - perf/max_memory_reserved_gb:79.0078125 - perf/cpu_memory_used_gb:309.44424629211426 - actor/lr:1e-06 - training/global_step:3 - training/epoch:0 - critic/score/mean:0.4496484398841858 - critic/score/max:0.8999999761581421 - critic/score/min:0.0 - critic/rewards/mean:0.4496484398841858 - critic/rewards/max:0.8999999761581421 - critic/rewards/min:0.0 - critic/advantages/mean:-0.07379140704870224 - critic/advantages/max:1.7888498306274414 - critic/advantages/min:-1.7888498306274414 - critic/returns/mean:-0.07379140704870224 - critic/returns/max:1.7888498306274414 - critic/returns/min:-1.7888498306274414 - response_length/mean:1077.673828125 - response_length/max:2048.0 - response_length/min:40.0 - response_length/clip_ratio:0.3160156309604645 - response_length_non_aborted/mean:1077.673828125 - response_length_non_aborted/max:2048.0 - response_length_non_aborted/min:40.0 - response_length_non_aborted/clip_ratio:0.3160156309604645 - response/aborted_ratio:0.0 - prompt_length/mean:285.275390625 - prompt_length/max:663.0 - prompt_length/min:189.0 - prompt_length/clip_ratio:0.0 - num_turns/min:2 - num_turns/max:2 - num_turns/mean:2.0 - timing_s/start_profile:7.517915219068527e-05 - timing_s/agent_loop/generate_sequences/min:6.25606146408245 - timing_s/agent_loop/generate_sequences/max:59.043098144000396 - timing_s/agent_loop/generate_sequences/mean:32.14866273963353 - timing_s/agent_loop/tool_calls/min:0.0 - timing_s/agent_loop/tool_calls/max:0.0 - timing_s/agent_loop/tool_calls/mean:0.0 - timing_s/agent_loop/slowest/generate_sequences:59.043098144000396 - timing_s/agent_loop/slowest/tool_calls:0.0 - timing_s/agent_loop/slowest/prompt_length:487 - timing_s/agent_loop/slowest/response_length:2048 - timing_s/gen:75.4477223791182 - timing_s/reward:0.00010284804739058018 - timing_s/old_log_prob:70.13395092915744 - timing_s/ref:67.87731728889048 - timing_s/adv:0.041453881887719035 - timing_s/update_actor:212.92383642517962 - timing_s/step:426.6976206600666 - timing_s/stop_profile:3.089010715484619e-05 - timing_per_token_ms/ref:0.0194538260862647 - timing_per_token_ms/gen:0.027347575662684278 - timing_per_token_ms/update_actor:0.061024557965458526 - timing_per_token_ms/adv:1.1880796723476789e-05 - perf/total_num_tokens:3489150 - perf/time_per_step:426.6976206600666 - perf/throughput:511.068879790472
[36m(TaskRunner pid=245980)[0m step:4 - actor/entropy:0.40864717960357666 - perf/mfu/actor_infer:0 - actor/kl_loss:0.0008308441559327157 - actor/kl_coef:0.009999999999999998 - actor/pg_clipfrac:0.0007174550359467562 - actor/ppo_kl:1.955302278532221e-05 - actor/pg_clipfrac_lower:7.297234350236602e-07 - actor/pg_loss:0.08113887019713287 - actor/grad_norm:0.1154911662652886 - perf/mfu/actor:0.0 - perf/max_memory_allocated_gb:76.89156675338745 - perf/max_memory_reserved_gb:79.4609375 - perf/cpu_memory_used_gb:315.3531379699707 - actor/lr:1e-06 - training/global_step:4 - training/epoch:0 - critic/score/mean:0.44050779938697815 - critic/score/max:0.8999999761581421 - critic/score/min:0.0 - critic/rewards/mean:0.44050779938697815 - critic/rewards/max:0.8999999761581421 - critic/rewards/min:0.0 - critic/advantages/mean:-0.08158130198717117 - critic/advantages/max:1.7888498306274414 - critic/advantages/min:-1.7888498306274414 - critic/returns/mean:-0.08158130198717117 - critic/returns/max:1.7888498306274414 - critic/returns/min:-1.7888498306274414 - response_length/mean:1071.1695556640625 - response_length/max:2048.0 - response_length/min:53.0 - response_length/clip_ratio:0.2953124940395355 - response_length_non_aborted/mean:1071.1695556640625 - response_length_non_aborted/max:2048.0 - response_length_non_aborted/min:53.0 - response_length_non_aborted/clip_ratio:0.2953124940395355 - response/aborted_ratio:0.0 - prompt_length/mean:286.9921875 - prompt_length/max:842.0 - prompt_length/min:189.0 - prompt_length/clip_ratio:0.0 - num_turns/min:2 - num_turns/max:2 - num_turns/mean:2.0 - timing_s/start_profile:5.2759191021323204e-05 - timing_s/agent_loop/generate_sequences/min:5.181707067415118 - timing_s/agent_loop/generate_sequences/max:57.97881785593927 - timing_s/agent_loop/generate_sequences/mean:31.801109088379327 - timing_s/agent_loop/tool_calls/min:0.0 - timing_s/agent_loop/tool_calls/max:0.0 - timing_s/agent_loop/tool_calls/mean:0.0 - timing_s/agent_loop/slowest/generate_sequences:57.97881785593927 - timing_s/agent_loop/slowest/tool_calls:0.0 - timing_s/agent_loop/slowest/prompt_length:382 - timing_s/agent_loop/slowest/response_length:2048 - timing_s/gen:73.18388529494405 - timing_s/reward:0.00012678815983235836 - timing_s/old_log_prob:71.29962555877864 - timing_s/ref:65.69997471105307 - timing_s/adv:0.03840049100108445 - timing_s/update_actor:208.48945181793533 - timing_s/step:418.9960282840766 - timing_s/stop_profile:3.0689872801303864e-05 - timing_per_token_ms/ref:0.01889616845122488 - timing_per_token_ms/gen:0.026688077245790795 - timing_per_token_ms/update_actor:0.05996428186132086 - timing_per_token_ms/adv:1.1044481367877321e-05 - perf/total_num_tokens:3476894 - perf/time_per_step:418.9960282840766 - perf/throughput:518.6346894263829[36m(TaskRunner pid=245980)[0m 
Training Progress:   3%|▎         | 4/120 [28:54<13:49:13, 428.91s/it]
[36m(TaskRunner pid=245980)[0m 
Training Progress:   4%|▍         | 5/120 [36:51<14:15:06, 446.15s/it]
[36m(TaskRunner pid=245980)[0m 
Training Progress:   5%|▌         | 6/120 [43:37<13:41:33, 432.40s/it]

[36m(TaskRunner pid=245980)[0m test_gen_batch meta info: {'eos_token_id': 151645, 'pad_token_id': 151643, 'recompute_log_prob': False, 'do_sample': False, 'validate': True, 'global_steps': 5}
[36m(TaskRunner pid=245980)[0m validation generation end
[36m(TaskRunner pid=245980)[0m step:5 - actor/entropy:0.40728092193603516 - perf/mfu/actor_infer:0 - actor/kl_loss:0.0009804943909070322 - actor/kl_coef:0.009999999999999998 - actor/pg_clipfrac:0.0005613441698577455 - actor/ppo_kl:1.2518408005930615e-05 - actor/pg_clipfrac_lower:0.0 - actor/pg_loss:0.07605945991956452 - actor/grad_norm:0.0867174419859824 - perf/mfu/actor:0.0 - perf/max_memory_allocated_gb:77.27967977523804 - perf/max_memory_reserved_gb:79.875 - perf/cpu_memory_used_gb:314.27884674072266 - actor/lr:1e-06 - val-aux/hiyouga/geometry3k/reward/mean@1:0.4747088060601182 - val-core/hiyouga/geometry3k/acc/mean@1:0.4747088186356073 - val-aux/num_turns/min:2 - val-aux/num_turns/max:2 - val-aux/num_turns/mean:2.0 - training/global_step:5 - training/epoch:1 - critic/score/mean:0.43980470299720764 - critic/score/max:0.8999999761581421 - critic/score/min:0.0 - critic/rewards/mean:0.43980470299720764 - critic/rewards/max:0.8999999761581421 - critic/rewards/min:0.0 - critic/advantages/mean:-0.0759592279791832 - critic/advantages/max:1.7888498306274414 - critic/advantages/min:-1.7888498306274414 - critic/returns/mean:-0.0759592279791832 - critic/returns/max:1.7888498306274414 - critic/returns/min:-1.7888498306274414 - response_length/mean:1057.298828125 - response_length/max:2048.0 - response_length/min:62.0 - response_length/clip_ratio:0.2972656190395355 - response_length_non_aborted/mean:1057.298828125 - response_length_non_aborted/max:2048.0 - response_length_non_aborted/min:62.0 - response_length_non_aborted/clip_ratio:0.2972656190395355 - response/aborted_ratio:0.0 - prompt_length/mean:281.060546875 - prompt_length/max:842.0 - prompt_length/min:189.0 - prompt_length/clip_ratio:0.0 - num_turns/min:2 - num_turns/max:2 - num_turns/mean:2.0 - timing_s/start_profile:0.00021230592392385006 - timing_s/agent_loop/generate_sequences/min:5.884305941173807 - timing_s/agent_loop/generate_sequences/max:57.76696806028485 - timing_s/agent_loop/generate_sequences/mean:30.803679012821068 - timing_s/agent_loop/tool_calls/min:0.0 - timing_s/agent_loop/tool_calls/max:0.0 - timing_s/agent_loop/tool_calls/mean:0.0 - timing_s/agent_loop/slowest/generate_sequences:57.76696806028485 - timing_s/agent_loop/slowest/tool_calls:0.0 - timing_s/agent_loop/slowest/prompt_length:240 - timing_s/agent_loop/slowest/response_length:2048 - timing_s/gen:74.9651111678686 - timing_s/reward:0.00013782689347863197 - timing_s/old_log_prob:72.04694061586633 - timing_s/ref:65.82317048800178 - timing_s/adv:0.04141438193619251 - timing_s/update_actor:211.6408642390743 - timing_s/step:424.78555992781185 - timing_s/testing:43.1124006989412 - timing_s/stop_profile:3.8490165024995804e-05 - timing_per_token_ms/ref:0.01921171282703922 - timing_per_token_ms/gen:0.02769628204533169 - timing_per_token_ms/update_actor:0.06177131055953368 - timing_per_token_ms/adv:1.2087555290465388e-05 - perf/total_num_tokens:3426200 - perf/time_per_step:424.78555992781185 - perf/throughput:504.10729601164076
[36m(TaskRunner pid=245980)[0m step:6 - actor/entropy:0.3935473561286926 - perf/mfu/actor_infer:0 - actor/kl_loss:0.0012614370942031325 - actor/kl_coef:0.009999999999999998 - actor/pg_clipfrac:0.000691536431380276 - actor/ppo_kl:-8.898383256626973e-06 - actor/pg_clipfrac_lower:7.669997798717197e-07 - actor/pg_loss:0.08202711663337443 - actor/grad_norm:0.08701209623258821 - perf/mfu/actor:0.0 - perf/max_memory_allocated_gb:77.70955657958984 - perf/max_memory_reserved_gb:80.251953125 - perf/cpu_memory_used_gb:315.95106315612793 - actor/lr:1e-06 - training/global_step:6 - training/epoch:1 - critic/score/mean:0.45457035303115845 - critic/score/max:0.8999999761581421 - critic/score/min:0.0 - critic/rewards/mean:0.45457035303115845 - critic/rewards/max:0.8999999761581421 - critic/rewards/min:0.0 - critic/advantages/mean:-0.08230338245630264 - critic/advantages/max:1.7888498306274414 - critic/advantages/min:-1.7888498306274414 - critic/returns/mean:-0.08230338245630264 - critic/returns/max:1.7888498306274414 - critic/returns/min:-1.7888498306274414 - response_length/mean:1020.6640625 - response_length/max:2048.0 - response_length/min:54.0 - response_length/clip_ratio:0.2738281190395355 - response_length_non_aborted/mean:1020.6640625 - response_length_non_aborted/max:2048.0 - response_length_non_aborted/min:54.0 - response_length_non_aborted/clip_ratio:0.2738281190395355 - response/aborted_ratio:0.0 - prompt_length/mean:278.439453125 - prompt_length/max:669.0 - prompt_length/min:190.0 - prompt_length/clip_ratio:0.0 - num_turns/min:2 - num_turns/max:2 - num_turns/mean:2.0 - timing_s/start_profile:8.609914220869541e-05 - timing_s/agent_loop/generate_sequences/min:5.103154836222529 - timing_s/agent_loop/generate_sequences/max:53.834052856080234 - timing_s/agent_loop/generate_sequences/mean:29.498974088271098 - timing_s/agent_loop/tool_calls/min:0.0 - timing_s/agent_loop/tool_calls/max:0.0 - timing_s/agent_loop/tool_calls/mean:0.0 - timing_s/agent_loop/slowest/generate_sequences:53.834052856080234 - timing_s/agent_loop/slowest/tool_calls:0.0 - timing_s/agent_loop/slowest/prompt_length:378 - timing_s/agent_loop/slowest/response_length:2048 - timing_s/gen:70.52398847811855 - timing_s/reward:0.00013001798652112484 - timing_s/old_log_prob:64.55374248884618 - timing_s/ref:63.139170944923535 - timing_s/adv:0.05193559289909899 - timing_s/update_actor:206.46765704988502 - timing_s/step:405.03281777212396 - timing_s/stop_profile:3.1640054658055305e-05 - timing_per_token_ms/ref:0.01898519891118531 - timing_per_token_ms/gen:0.02699069557890411 - timing_per_token_ms/update_actor:0.06208237262471717 - timing_per_token_ms/adv:1.5616416037832278e-05 - perf/total_num_tokens:3325705 - perf/time_per_step:405.03281777212396 - perf/throughput:513.1844961188859
[36m(TaskRunner pid=245980)[0m step:7 - actor/entropy:0.38661038875579834 - perf/mfu/actor_infer:0 - actor/kl_loss:0.0015680722915454434 - actor/kl_coef:0.009999999999999998 - actor/pg_clipfrac:0.0006143501815281569 - actor/ppo_kl:-1.3409233231670588e-05 - actor/pg_clipfrac_lower:0.0 - actor/pg_loss:0.07276431280691222 - actor/grad_norm:0.08668377422476256 - perf/mfu/actor:0.0 - perf/max_memory_allocated_gb:77.95817565917969 - perf/max_memory_reserved_gb:80.654296875 - perf/cpu_memory_used_gb:317.12376594543457 - actor/lr:1e-06 - training/global_step:7 - training/epoch:1 - critic/score/mean:0.45597657561302185 - critic/score/max:0.8999999761581421 - critic/score/min:0.0 - critic/rewards/mean:0.45597657561302185 - critic/rewards/max:0.8999999761581421 - critic/rewards/min:0.0 - critic/advantages/mean:-0.07346785813570023 - critic/advantages/max:1.7888498306274414 - critic/advantages/min:-1.7888498306274414 - critic/returns/mean:-0.07346785813570023 - critic/returns/max:1.7888498306274414 - critic/returns/min:-1.7888498306274414 - response_length/mean:1029.8792724609375 - response_length/max:2048.0 - response_length/min:40.0 - response_length/clip_ratio:0.2796874940395355 - response_length_non_aborted/mean:1029.8792724609375 - response_length_non_aborted/max:2048.0 - response_length_non_aborted/min:40.0 - response_length_non_aborted/clip_ratio:0.2796874940395355 - response/aborted_ratio:0.0 - prompt_length/mean:277.619140625 - prompt_length/max:842.0 - prompt_length/min:189.0 - prompt_length/clip_ratio:0.0 - num_turns/min:2 - num_turns/max:2 - num_turns/mean:2.0 - timing_s/start_profile:8.129910565912724e-05 - timing_s/agent_loop/generate_sequences/min:4.383176103234291 - timing_s/agent_loop/generate_sequences/max:55.86596617777832 - timing_s/agent_loop/generate_sequences/mean:29.581999040348457 - timing_s/agent_loop/tool_calls/min:0.0 - timing_s/agent_loop/tool_calls/max:0.0 - timing_s/agent_loop/tool_calls/mean:0.0 - timing_s/agent_loop/slowest/generate_sequences:55.86596617777832 - timing_s/agent_loop/slowest/tool_calls:0.0 - timing_s/agent_loop/slowest/prompt_length:224 - timing_s/agent_loop/slowest/response_length:2048 - timing_s/gen:71.15720626083203 - timing_s/reward:0.00011963793076574802 - timing_s/old_log_prob:64.68594285892323 - timing_s/ref:62.76754901697859 - timing_s/adv:0.04715251410380006 - timing_s/update_actor:205.32740125688724 - timing_s/step:404.2645933839958 - timing_s/stop_profile:2.9848888516426086e-05 - timing_per_token_ms/ref:0.018752277732459823 - timing_per_token_ms/gen:0.02698936057844765 - timing_per_token_ms/update_actor:0.06134310666506749 - timing_per_token_ms/adv:1.4087168514720996e-05 - perf/total_num_tokens:3347196 - perf/time_per_step:404.2645933839958 - perf/throughput:517.4822465871727[36m(TaskRunner pid=245980)[0m 
Training Progress:   6%|▌         | 7/120 [50:22<13:17:30, 423.45s/it]
[36m(TaskRunner pid=245980)[0m 
Training Progress:   7%|▋         | 8/120 [57:14<13:03:36, 419.79s/it]
[36m(TaskRunner pid=245980)[0m 
Training Progress:   8%|▊         | 9/120 [1:04:20<13:00:17, 421.78s/it]

[36m(TaskRunner pid=245980)[0m step:8 - actor/entropy:0.37801307439804077 - perf/mfu/actor_infer:0 - actor/kl_loss:0.0019161280541843508 - actor/kl_coef:0.009999999999999998 - actor/pg_clipfrac:0.0006409935259460291 - actor/ppo_kl:1.5285177554305934e-05 - actor/pg_clipfrac_lower:3.903480972846048e-07 - actor/pg_loss:0.06222609110457959 - actor/grad_norm:0.08775756473452605 - perf/mfu/actor:0.0 - perf/max_memory_allocated_gb:78.28419494628906 - perf/max_memory_reserved_gb:80.884765625 - perf/cpu_memory_used_gb:318.90732192993164 - actor/lr:1e-06 - training/global_step:8 - training/epoch:1 - critic/score/mean:0.44050779938697815 - critic/score/max:0.8999999761581421 - critic/score/min:0.0 - critic/rewards/mean:0.44050779938697815 - critic/rewards/max:0.8999999761581421 - critic/rewards/min:0.0 - critic/advantages/mean:-0.06217652186751366 - critic/advantages/max:1.7888498306274414 - critic/advantages/min:-1.7888498306274414 - critic/returns/mean:-0.06217652186751366 - critic/returns/max:1.7888498306274414 - critic/returns/min:-1.7888498306274414 - response_length/mean:1027.6500244140625 - response_length/max:2048.0 - response_length/min:44.0 - response_length/clip_ratio:0.27617186307907104 - response_length_non_aborted/mean:1027.6500244140625 - response_length_non_aborted/max:2048.0 - response_length_non_aborted/min:44.0 - response_length_non_aborted/clip_ratio:0.27617186307907104 - response/aborted_ratio:0.0 - prompt_length/mean:283.736328125 - prompt_length/max:842.0 - prompt_length/min:190.0 - prompt_length/clip_ratio:0.0 - num_turns/min:2 - num_turns/max:2 - num_turns/mean:2.0 - timing_s/start_profile:8.762814104557037e-05 - timing_s/agent_loop/generate_sequences/min:4.934423153055832 - timing_s/agent_loop/generate_sequences/max:55.85755552095361 - timing_s/agent_loop/generate_sequences/mean:29.699062141988726 - timing_s/agent_loop/tool_calls/min:0.0 - timing_s/agent_loop/tool_calls/max:0.0 - timing_s/agent_loop/tool_calls/mean:0.0 - timing_s/agent_loop/slowest/generate_sequences:55.85755552095361 - timing_s/agent_loop/slowest/tool_calls:0.0 - timing_s/agent_loop/slowest/prompt_length:326 - timing_s/agent_loop/slowest/response_length:2048 - timing_s/gen:71.57033745897934 - timing_s/reward:0.00011788797564804554 - timing_s/old_log_prob:65.41271894797683 - timing_s/ref:63.16013408615254 - timing_s/adv:0.04574017599225044 - timing_s/update_actor:210.98644919111393 - timing_s/step:411.45158887305297 - timing_s/stop_profile:3.882008604705334e-05 - timing_per_token_ms/ref:0.018813622536906327 - timing_per_token_ms/gen:0.02720494630459184 - timing_per_token_ms/update_actor:0.06284691242215164 - timing_per_token_ms/adv:1.362470834396997e-05 - perf/total_num_tokens:3357149 - perf/time_per_step:411.45158887305297 - perf/throughput:509.9550425232099
[36m(TaskRunner pid=245980)[0m step:9 - actor/entropy:0.37711960077285767 - perf/mfu/actor_infer:0 - actor/kl_loss:0.002218078092323815 - actor/kl_coef:0.009999999999999998 - actor/pg_clipfrac:0.0007021063699266078 - actor/ppo_kl:1.1010104994237762e-05 - actor/pg_clipfrac_lower:4.0019529355120237e-07 - actor/pg_loss:0.08788946681221929 - actor/grad_norm:0.09334316325849307 - perf/mfu/actor:0.0 - perf/max_memory_allocated_gb:78.4041519165039 - perf/max_memory_reserved_gb:81.009765625 - perf/cpu_memory_used_gb:320.8139991760254 - actor/lr:1e-06 - training/global_step:9 - training/epoch:2 - critic/score/mean:0.47214847803115845 - critic/score/max:0.8999999761581421 - critic/score/min:0.0 - critic/rewards/mean:0.47214847803115845 - critic/rewards/max:0.8999999761581421 - critic/rewards/min:0.0 - critic/advantages/mean:-0.08853671699762344 - critic/advantages/max:1.7888498306274414 - critic/advantages/min:-1.7888498306274414 - critic/returns/mean:-0.08853671699762344 - critic/returns/max:1.7888498306274414 - critic/returns/min:-1.7888498306274414 - response_length/mean:1025.675048828125 - response_length/max:2048.0 - response_length/min:44.0 - response_length/clip_ratio:0.28007811307907104 - response_length_non_aborted/mean:1025.675048828125 - response_length_non_aborted/max:2048.0 - response_length_non_aborted/min:44.0 - response_length_non_aborted/clip_ratio:0.28007811307907104 - response/aborted_ratio:0.0 - prompt_length/mean:280.25 - prompt_length/max:842.0 - prompt_length/min:190.0 - prompt_length/clip_ratio:0.0 - num_turns/min:2 - num_turns/max:2 - num_turns/mean:2.0 - timing_s/start_profile:0.00018963590264320374 - timing_s/agent_loop/generate_sequences/min:4.231189515441656 - timing_s/agent_loop/generate_sequences/max:55.20099298609421 - timing_s/agent_loop/generate_sequences/mean:29.41443935490861 - timing_s/agent_loop/tool_calls/min:0.0 - timing_s/agent_loop/tool_calls/max:0.0 - timing_s/agent_loop/tool_calls/mean:0.0 - timing_s/agent_loop/slowest/generate_sequences:55.20099298609421 - timing_s/agent_loop/slowest/tool_calls:0.0 - timing_s/agent_loop/slowest/prompt_length:375 - timing_s/agent_loop/slowest/response_length:2048 - timing_s/gen:72.41860998189077 - timing_s/reward:0.00013513793237507343 - timing_s/old_log_prob:68.25691128103063 - timing_s/ref:64.5820516468957 - timing_s/adv:0.045349946012720466 - timing_s/update_actor:212.0281016321387 - timing_s/step:417.601129722083 - timing_s/stop_profile:3.094016574323177e-05 - timing_per_token_ms/ref:0.019317620785702577 - timing_per_token_ms/gen:0.027580392935555687 - timing_per_token_ms/update_actor:0.06342131224997928 - timing_per_token_ms/adv:1.3564961740696388e-05 - perf/total_num_tokens:3343168 - perf/time_per_step:417.601129722083 - perf/throughput:500.35305253857103
[36m(TaskRunner pid=245980)[0m test_gen_batch meta info: {'eos_token_id': 151645, 'pad_token_id': 151643, 'recompute_log_prob': False, 'do_sample': False, 'validate': True, 'global_steps': 10}
[36m(TaskRunner pid=245980)[0m validation generation end
[36m(TaskRunner pid=245980)[0m step:10 - actor/entropy:0.36937475204467773 - perf/mfu/actor_infer:0 - actor/kl_loss:0.0024336783064063637 - actor/kl_coef:0.009999999999999998 - actor/pg_clipfrac:0.0006979014068565448 - actor/ppo_kl:2.0376643738764246e-05 - actor/pg_clipfrac_lower:3.941974136978388e-07 - actor/pg_loss:0.07018662397869775 - actor/grad_norm:0.1110721871515179 - perf/mfu/actor:0.0 - perf/max_memory_allocated_gb:78.69857025146484 - perf/max_memory_reserved_gb:81.3359375 - perf/cpu_memory_used_gb:322.2644500732422 - actor/lr:1e-06 - val-aux/hiyouga/geometry3k/reward/mean@1:0.5046588884613875 - val-core/hiyouga/geometry3k/acc/mean@1:0.5046589018302828 - val-aux/num_turns/min:2 - val-aux/num_turns/max:2 - val-aux/num_turns/mean:2.0 - training/global_step:10 - training/epoch:2 - critic/score/mean:0.4271484315395355 - critic/score/max:0.8999999761581421 - critic/score/min:0.0 - critic/rewards/mean:0.4271484315395355 - critic/rewards/max:0.8999999761581421 - critic/rewards/min:0.0 - critic/advantages/mean:-0.07051687687635422 - critic/advantages/max:1.7888498306274414 - critic/advantages/min:-1.7888498306274414 - critic/returns/mean:-0.07051687687635422 - critic/returns/max:1.7888498306274414 - critic/returns/min:-1.7888498306274414 - response_length/mean:994.4636840820312 - response_length/max:2048.0 - response_length/min:61.0 - response_length/clip_ratio:0.25273436307907104 - response_length_non_aborted/mean:994.4636840820312 - response_length_non_aborted/max:2048.0 - response_length_non_aborted/min:61.0 - response_length_non_aborted/clip_ratio:0.25273436307907104 - response/aborted_ratio:0.0 - prompt_length/mean:282.568359375 - prompt_length/max:842.0 - prompt_length/min:190.0 - prompt_length/clip_ratio:0.0 - num_turns/min:2 - num_turns/max:2 - num_turns/mean:2.0 - timing_s/start_profile:9.33278352022171e-05 - timing_s/agent_loop/generate_sequences/min:4.645507501903921 - timing_s/agent_loop/generate_sequences/max:54.653117075096816 - timing_s/agent_loop/generate_sequences/mean:28.36660787384826 - timing_s/agent_loop/tool_calls/min:0.0 - timing_s/agent_loop/tool_calls/max:0.0 - timing_s/agent_loop/tool_calls/mean:0.0 - timing_s/agent_loop/slowest/generate_sequences:54.653117075096816 - timing_s/agent_loop/slowest/tool_calls:0.0 - timing_s/agent_loop/slowest/prompt_length:397 - timing_s/agent_loop/slowest/response_length:2048 - timing_s/gen:70.98751472006552 - timing_s/reward:0.0001069679856300354 - timing_s/old_log_prob:65.12750898301601 - timing_s/ref:63.15074295620434 - timing_s/adv:0.03751832991838455 - timing_s/update_actor:203.7695977250114 - timing_s/step:403.3412254359573 - timing_s/testing:42.90619335207157 - timing_s/stop_profile:4.0008919313549995e-05 - timing_per_token_ms/ref:0.01931686783386415 - timing_per_token_ms/gen:0.0278838722034394 - timing_per_token_ms/update_actor:0.06233007251464162 - timing_per_token_ms/adv:1.1476296025263826e-05 - perf/total_num_tokens:3269202 - perf/time_per_step:403.3412254359573 - perf/throughput:506.5813066322496[36m(TaskRunner pid=245980)[0m 
Training Progress:   8%|▊         | 10/120 [1:11:47<13:07:32, 429.57s/it]
[36m(TaskRunner pid=245980)[0m 
Training Progress:   9%|▉         | 11/120 [1:18:34<12:48:02, 422.78s/it]
[36m(TaskRunner pid=245980)[0m 
Training Progress:  10%|█         | 12/120 [1:24:56<12:18:42, 410.39s/it]

[36m(TaskRunner pid=245980)[0m step:11 - actor/entropy:0.3553794324398041 - perf/mfu/actor_infer:0 - actor/kl_loss:0.0027254836702700325 - actor/kl_coef:0.009999999999999997 - actor/pg_clipfrac:0.0007467023987541028 - actor/ppo_kl:-1.8786590862409682e-05 - actor/pg_clipfrac_lower:0.0 - actor/pg_loss:0.06988869566406238 - actor/grad_norm:0.09751896006469132 - perf/mfu/actor:0.0 - perf/max_memory_allocated_gb:78.8919677734375 - perf/max_memory_reserved_gb:81.48828125 - perf/cpu_memory_used_gb:324.98328018188477 - actor/lr:1e-06 - training/global_step:11 - training/epoch:2 - critic/score/mean:0.48304685950279236 - critic/score/max:0.8999999761581421 - critic/score/min:0.0 - critic/rewards/mean:0.48304685950279236 - critic/rewards/max:0.8999999761581421 - critic/rewards/min:0.0 - critic/advantages/mean:-0.07041016221046448 - critic/advantages/max:1.7888498306274414 - critic/advantages/min:-1.7888498306274414 - critic/returns/mean:-0.07041016221046448 - critic/returns/max:1.7888498306274414 - critic/returns/min:-1.7888498306274414 - response_length/mean:957.7327880859375 - response_length/max:2048.0 - response_length/min:111.0 - response_length/clip_ratio:0.23125000298023224 - response_length_non_aborted/mean:957.7327880859375 - response_length_non_aborted/max:2048.0 - response_length_non_aborted/min:111.0 - response_length_non_aborted/clip_ratio:0.23125000298023224 - response/aborted_ratio:0.0 - prompt_length/mean:286.69921875 - prompt_length/max:669.0 - prompt_length/min:189.0 - prompt_length/clip_ratio:0.0 - num_turns/min:2 - num_turns/max:2 - num_turns/mean:2.0 - timing_s/start_profile:7.746787741780281e-05 - timing_s/agent_loop/generate_sequences/min:5.894341979175806 - timing_s/agent_loop/generate_sequences/max:52.22670196555555 - timing_s/agent_loop/generate_sequences/mean:27.006224568619746 - timing_s/agent_loop/tool_calls/min:0.0 - timing_s/agent_loop/tool_calls/max:0.0 - timing_s/agent_loop/tool_calls/mean:0.0 - timing_s/agent_loop/slowest/generate_sequences:52.22670196555555 - timing_s/agent_loop/slowest/tool_calls:0.0 - timing_s/agent_loop/slowest/prompt_length:294 - timing_s/agent_loop/slowest/response_length:2048 - timing_s/gen:69.66539741889574 - timing_s/reward:0.00013352790847420692 - timing_s/old_log_prob:69.10665542003699 - timing_s/ref:64.76844211807474 - timing_s/adv:0.04150464781560004 - timing_s/update_actor:203.03015995700844 - timing_s/step:406.8910490758717 - timing_s/stop_profile:2.9768794775009155e-05 - timing_per_token_ms/ref:0.02033069871800035 - timing_per_token_ms/gen:0.028414026868016643 - timing_per_token_ms/update_actor:0.063730805895074 - timing_per_token_ms/adv:1.3028235087040849e-05 - perf/total_num_tokens:3185746 - perf/time_per_step:406.8910490758717 - perf/throughput:489.34260277343367
[36m(TaskRunner pid=245980)[0m step:12 - actor/entropy:0.35423538088798523 - perf/mfu/actor_infer:0 - actor/kl_loss:0.0030909795785861974 - actor/kl_coef:0.01 - actor/pg_clipfrac:0.0008016264576565989 - actor/ppo_kl:-1.4759371177469324e-05 - actor/pg_clipfrac_lower:0.0 - actor/pg_loss:0.06071723778058138 - actor/grad_norm:0.10984274441864769 - perf/mfu/actor:0.0 - perf/max_memory_allocated_gb:79.21903991699219 - perf/max_memory_reserved_gb:81.8828125 - perf/cpu_memory_used_gb:336.94914627075195 - actor/lr:1e-06 - training/global_step:12 - training/epoch:2 - critic/score/mean:0.4703906178474426 - critic/score/max:0.8999999761581421 - critic/score/min:0.0 - critic/rewards/mean:0.4703906178474426 - critic/rewards/max:0.8999999761581421 - critic/rewards/min:0.0 - critic/advantages/mean:-0.062061939388513565 - critic/advantages/max:1.7888498306274414 - critic/advantages/min:-1.7888498306274414 - critic/returns/mean:-0.062061939388513565 - critic/returns/max:1.7888498306274414 - critic/returns/min:-1.7888498306274414 - response_length/mean:939.3109130859375 - response_length/max:2048.0 - response_length/min:84.0 - response_length/clip_ratio:0.22773437201976776 - response_length_non_aborted/mean:939.3109130859375 - response_length_non_aborted/max:2048.0 - response_length_non_aborted/min:84.0 - response_length_non_aborted/clip_ratio:0.22773437201976776 - response/aborted_ratio:0.0 - prompt_length/mean:273.71875 - prompt_length/max:597.0 - prompt_length/min:189.0 - prompt_length/clip_ratio:0.0 - num_turns/min:2 - num_turns/max:2 - num_turns/mean:2.0 - timing_s/start_profile:6.273901090025902e-05 - timing_s/agent_loop/generate_sequences/min:5.789045426994562 - timing_s/agent_loop/generate_sequences/max:51.10420665494166 - timing_s/agent_loop/generate_sequences/mean:26.397989798459186 - timing_s/agent_loop/tool_calls/min:0.0 - timing_s/agent_loop/tool_calls/max:0.0 - timing_s/agent_loop/tool_calls/mean:0.0 - timing_s/agent_loop/slowest/generate_sequences:51.10420665494166 - timing_s/agent_loop/slowest/tool_calls:0.0 - timing_s/agent_loop/slowest/prompt_length:481 - timing_s/agent_loop/slowest/response_length:2048 - timing_s/gen:66.76043523498811 - timing_s/reward:0.00012769806198775768 - timing_s/old_log_prob:61.25964217283763 - timing_s/ref:59.945470438105986 - timing_s/adv:0.04133515106514096 - timing_s/update_actor:193.595948102884 - timing_s/step:381.8669591669459 - timing_s/stop_profile:3.147008828818798e-05 - timing_per_token_ms/ref:0.019303896377132278 - timing_per_token_ms/gen:0.027763218730397495 - timing_per_token_ms/update_actor:0.06234259392574764 - timing_per_token_ms/adv:1.3310921860534175e-05 - perf/total_num_tokens:3105356 - perf/time_per_step:381.8669591669459 - perf/throughput:508.2522730518546
[36m(TaskRunner pid=245980)[0m step:13 - actor/entropy:0.34472596645355225 - perf/mfu/actor_infer:0 - actor/kl_loss:0.0034463133098200914 - actor/kl_coef:0.01 - actor/pg_clipfrac:0.0007337347986012514 - actor/ppo_kl:2.412661396291735e-05 - actor/pg_clipfrac_lower:0.0 - actor/pg_loss:0.07248494010940355 - actor/grad_norm:0.09121847183657772 - perf/mfu/actor:0.0 - perf/max_memory_allocated_gb:79.28126239776611 - perf/max_memory_reserved_gb:81.8828125 - perf/cpu_memory_used_gb:331.0183525085449 - actor/lr:1e-06 - training/global_step:13 - training/epoch:3 - critic/score/mean:0.511523425579071 - critic/score/max:0.8999999761581421 - critic/score/min:0.0 - critic/rewards/mean:0.511523425579071 - critic/rewards/max:0.8999999761581421 - critic/rewards/min:0.0 - critic/advantages/mean:-0.07447202503681183 - critic/advantages/max:1.7888498306274414 - critic/advantages/min:-1.7888498306274414 - critic/returns/mean:-0.07447202503681183 - critic/returns/max:1.7888498306274414 - critic/returns/min:-1.7888498306274414 - response_length/mean:918.0226440429688 - response_length/max:2048.0 - response_length/min:62.0 - response_length/clip_ratio:0.20585937798023224 - response_length_non_aborted/mean:918.0226440429688 - response_length_non_aborted/max:2048.0 - response_length_non_aborted/min:62.0 - response_length_non_aborted/clip_ratio:0.20585937798023224 - response/aborted_ratio:0.0 - prompt_length/mean:277.30078125 - prompt_length/max:842.0 - prompt_length/min:189.0 - prompt_length/clip_ratio:0.0 - num_turns/min:2 - num_turns/max:2 - num_turns/mean:2.0 - timing_s/start_profile:0.00021981587633490562 - timing_s/agent_loop/generate_sequences/min:4.9180815781001 - timing_s/agent_loop/generate_sequences/max:50.773683816194534 - timing_s/agent_loop/generate_sequences/mean:25.623291698593313 - timing_s/agent_loop/tool_calls/min:0.0 - timing_s/agent_loop/tool_calls/max:0.0 - timing_s/agent_loop/tool_calls/mean:0.0 - timing_s/agent_loop/slowest/generate_sequences:50.773683816194534 - timing_s/agent_loop/slowest/tool_calls:0.0 - timing_s/agent_loop/slowest/prompt_length:192 - timing_s/agent_loop/slowest/response_length:2048 - timing_s/gen:68.56077858293429 - timing_s/reward:0.0001520069781690836 - timing_s/old_log_prob:63.61356885894202 - timing_s/ref:58.96830988698639 - timing_s/adv:0.04078640881925821 - timing_s/update_actor:188.9339958380442 - timing_s/step:380.4392518650275 - timing_s/stop_profile:3.06200236082077e-05 - timing_per_token_ms/ref:0.01927051317405801 - timing_per_token_ms/gen:0.029173086254055843 - timing_per_token_ms/update_actor:0.06174257093008437 - timing_per_token_ms/adv:1.3328769808399861e-05 - perf/total_num_tokens:3060028 - perf/time_per_step:380.4392518650275 - perf/throughput:502.7129799630992[36m(TaskRunner pid=245980)[0m 
Training Progress:  11%|█         | 13/120 [1:31:25<12:00:10, 403.84s/it]
[36m(TaskRunner pid=245980)[0m 
Training Progress:  12%|█▏        | 14/120 [1:37:56<11:46:41, 400.01s/it]
[36m(TaskRunner pid=245980)[0m 
Training Progress:  12%|█▎        | 15/120 [1:45:07<11:56:01, 409.16s/it]

[36m(TaskRunner pid=245980)[0m step:14 - actor/entropy:0.34956052899360657 - perf/mfu/actor_infer:0 - actor/kl_loss:0.003928264848716361 - actor/kl_coef:0.01 - actor/pg_clipfrac:0.0008188731952702112 - actor/ppo_kl:4.354331664444544e-05 - actor/pg_clipfrac_lower:0.0 - actor/pg_loss:0.08199861171122297 - actor/grad_norm:0.09620107039820927 - perf/mfu/actor:0.0 - perf/max_memory_allocated_gb:79.37276458740234 - perf/max_memory_reserved_gb:82.0234375 - perf/cpu_memory_used_gb:331.5461883544922 - actor/lr:1e-06 - training/global_step:14 - training/epoch:3 - critic/score/mean:0.4637109339237213 - critic/score/max:0.8999999761581421 - critic/score/min:0.0 - critic/rewards/mean:0.4637109339237213 - critic/rewards/max:0.8999999761581421 - critic/rewards/min:0.0 - critic/advantages/mean:-0.08216376602649689 - critic/advantages/max:1.7888498306274414 - critic/advantages/min:-1.7888498306274414 - critic/returns/mean:-0.08216376602649689 - critic/returns/max:1.7888498306274414 - critic/returns/min:-1.7888498306274414 - response_length/mean:926.1437377929688 - response_length/max:2048.0 - response_length/min:49.0 - response_length/clip_ratio:0.21953125298023224 - response_length_non_aborted/mean:926.1437377929688 - response_length_non_aborted/max:2048.0 - response_length_non_aborted/min:49.0 - response_length_non_aborted/clip_ratio:0.21953125298023224 - response/aborted_ratio:0.0 - prompt_length/mean:284.84765625 - prompt_length/max:842.0 - prompt_length/min:189.0 - prompt_length/clip_ratio:0.0 - num_turns/min:2 - num_turns/max:2 - num_turns/mean:2.0 - timing_s/start_profile:7.07888975739479e-05 - timing_s/agent_loop/generate_sequences/min:5.493853257969022 - timing_s/agent_loop/generate_sequences/max:52.06803260394372 - timing_s/agent_loop/generate_sequences/mean:25.9160238453539 - timing_s/agent_loop/tool_calls/min:0.0 - timing_s/agent_loop/tool_calls/max:0.0 - timing_s/agent_loop/tool_calls/mean:0.0 - timing_s/agent_loop/slowest/generate_sequences:52.06803260394372 - timing_s/agent_loop/slowest/tool_calls:0.0 - timing_s/agent_loop/slowest/prompt_length:236 - timing_s/agent_loop/slowest/response_length:2048 - timing_s/gen:68.02182621811517 - timing_s/reward:0.0001096969936043024 - timing_s/old_log_prob:62.91624428797513 - timing_s/ref:61.83762925909832 - timing_s/adv:0.04144860780797899 - timing_s/update_actor:197.33852533693425 - timing_s/step:390.42523266002536 - timing_s/stop_profile:2.9118964448571205e-05 - timing_per_token_ms/ref:0.01994673439024273 - timing_per_token_ms/gen:0.028689958623001274 - timing_per_token_ms/update_actor:0.0636547551550719 - timing_per_token_ms/adv:1.3369923470496794e-05 - perf/total_num_tokens:3100138 - perf/time_per_step:390.42523266002536 - perf/throughput:496.27587766265407
[36m(TaskRunner pid=245980)[0m test_gen_batch meta info: {'eos_token_id': 151645, 'pad_token_id': 151643, 'recompute_log_prob': False, 'do_sample': False, 'validate': True, 'global_steps': 15}
[36m(TaskRunner pid=245980)[0m validation generation end
[36m(TaskRunner pid=245980)[0m step:15 - actor/entropy:0.3436625301837921 - perf/mfu/actor_infer:0 - actor/kl_loss:0.004606476754512793 - actor/kl_coef:0.009999999999999998 - actor/pg_clipfrac:0.0007650294145378211 - actor/ppo_kl:8.924043225055911e-06 - actor/pg_clipfrac_lower:1.2656719642715568e-06 - actor/pg_loss:0.08179842234797736 - actor/grad_norm:0.0926093091065315 - perf/mfu/actor:0.0 - perf/max_memory_allocated_gb:79.56890869140625 - perf/max_memory_reserved_gb:82.099609375 - perf/cpu_memory_used_gb:333.31081199645996 - actor/lr:1e-06 - val-aux/hiyouga/geometry3k/reward/mean@1:0.48968384726075287 - val-core/hiyouga/geometry3k/acc/mean@1:0.48968386023294513 - val-aux/num_turns/min:2 - val-aux/num_turns/max:2 - val-aux/num_turns/mean:2.0 - training/global_step:15 - training/epoch:3 - critic/score/mean:0.47074222564697266 - critic/score/max:0.8999999761581421 - critic/score/min:0.0 - critic/rewards/mean:0.47074222564697266 - critic/rewards/max:0.8999999761581421 - critic/rewards/min:0.0 - critic/advantages/mean:-0.0826898068189621 - critic/advantages/max:1.7888498306274414 - critic/advantages/min:-1.7888498306274414 - critic/returns/mean:-0.0826898068189621 - critic/returns/max:1.7888498306274414 - critic/returns/min:-1.7888498306274414 - response_length/mean:934.0101318359375 - response_length/max:2048.0 - response_length/min:69.0 - response_length/clip_ratio:0.22265625 - response_length_non_aborted/mean:934.0101318359375 - response_length_non_aborted/max:2048.0 - response_length_non_aborted/min:69.0 - response_length_non_aborted/clip_ratio:0.22265625 - response/aborted_ratio:0.0 - prompt_length/mean:282.38671875 - prompt_length/max:842.0 - prompt_length/min:190.0 - prompt_length/clip_ratio:0.0 - num_turns/min:2 - num_turns/max:2 - num_turns/mean:2.0 - timing_s/start_profile:7.191789336502552e-05 - timing_s/agent_loop/generate_sequences/min:5.256501177325845 - timing_s/agent_loop/generate_sequences/max:51.67255600984208 - timing_s/agent_loop/generate_sequences/mean:26.164208799224706 - timing_s/agent_loop/tool_calls/min:0.0 - timing_s/agent_loop/tool_calls/max:0.0 - timing_s/agent_loop/tool_calls/mean:0.0 - timing_s/agent_loop/slowest/generate_sequences:51.67255600984208 - timing_s/agent_loop/slowest/tool_calls:0.0 - timing_s/agent_loop/slowest/prompt_length:238 - timing_s/agent_loop/slowest/response_length:2048 - timing_s/gen:68.22832007915713 - timing_s/reward:0.00011276686564087868 - timing_s/old_log_prob:63.7829332461115 - timing_s/ref:61.239911888958886 - timing_s/adv:0.04912536102347076 - timing_s/update_actor:193.47145915590227 - timing_s/step:387.04708610195667 - timing_s/testing:42.63798031094484 - timing_s/stop_profile:3.916001878678799e-05 - timing_per_token_ms/ref:0.01966614768031574 - timing_per_token_ms/gen:0.02853468707227535 - timing_per_token_ms/update_actor:0.06213004183587229 - timing_per_token_ms/adv:1.5775767386605023e-05 - perf/total_num_tokens:3113976 - perf/time_per_step:387.04708610195667 - perf/throughput:502.84192024308874
[36m(TaskRunner pid=245980)[0m step:16 - actor/entropy:0.3309042155742645 - perf/mfu/actor_infer:0 - actor/kl_loss:0.005272608208271893 - actor/kl_coef:0.01 - actor/pg_clipfrac:0.0009481783554873162 - actor/ppo_kl:-5.887495853012006e-05 - actor/pg_clipfrac_lower:8.48343219370284e-07 - actor/pg_loss:0.08364951289935406 - actor/grad_norm:0.10263617137478681 - perf/mfu/actor:0.0 - perf/max_memory_allocated_gb:79.79489326477051 - perf/max_memory_reserved_gb:82.34375 - perf/cpu_memory_used_gb:333.7725639343262 - actor/lr:1e-06 - training/global_step:16 - training/epoch:3 - critic/score/mean:0.4598437249660492 - critic/score/max:0.8999999761581421 - critic/score/min:0.0 - critic/rewards/mean:0.4598437249660492 - critic/rewards/max:0.8999999761581421 - critic/rewards/min:0.0 - critic/advantages/mean:-0.08436252921819687 - critic/advantages/max:1.7888498306274414 - critic/advantages/min:-1.7888498306274414 - critic/returns/mean:-0.08436252921819687 - critic/returns/max:1.7888498306274414 - critic/returns/min:-1.7888498306274414 - response_length/mean:918.2511596679688 - response_length/max:2048.0 - response_length/min:76.0 - response_length/clip_ratio:0.20781250298023224 - response_length_non_aborted/mean:918.2511596679688 - response_length_non_aborted/max:2048.0 - response_length_non_aborted/min:76.0 - response_length_non_aborted/clip_ratio:0.20781250298023224 - response/aborted_ratio:0.0 - prompt_length/mean:278.580078125 - prompt_length/max:600.0 - prompt_length/min:190.0 - prompt_length/clip_ratio:0.0 - num_turns/min:2 - num_turns/max:2 - num_turns/mean:2.0 - timing_s/start_profile:8.221808820962906e-05 - timing_s/agent_loop/generate_sequences/min:4.87457718141377 - timing_s/agent_loop/generate_sequences/max:50.540105333784595 - timing_s/agent_loop/generate_sequences/mean:25.730742276275397 - timing_s/agent_loop/tool_calls/min:0.0 - timing_s/agent_loop/tool_calls/max:0.0 - timing_s/agent_loop/tool_calls/mean:0.0 - timing_s/agent_loop/slowest/generate_sequences:50.540105333784595 - timing_s/agent_loop/slowest/tool_calls:0.0 - timing_s/agent_loop/slowest/prompt_length:270 - timing_s/agent_loop/slowest/response_length:2048 - timing_s/gen:67.26474717794918 - timing_s/reward:0.00012132804840803146 - timing_s/old_log_prob:62.51551596005447 - timing_s/ref:60.10392077197321 - timing_s/adv:0.05453716800548136 - timing_s/update_actor:189.54909492796287 - timing_s/step:379.7690645130351 - timing_s/stop_profile:2.9359012842178345e-05 - timing_per_token_ms/ref:0.019616879197925385 - timing_per_token_ms/gen:0.02861449314868199 - timing_per_token_ms/update_actor:0.061865543038114604 - timing_per_token_ms/adv:1.7799987468693816e-05 - perf/total_num_tokens:3063888 - perf/time_per_step:379.7690645130351 - perf/throughput:504.235383799744[36m(TaskRunner pid=245980)[0m 
Training Progress:  13%|█▎        | 16/120 [1:51:27<11:34:02, 400.41s/it]
[36m(TaskRunner pid=245980)[0m 
Training Progress:  14%|█▍        | 17/120 [1:57:48<11:17:27, 394.63s/it]
[36m(TaskRunner pid=245980)[0m 
Training Progress:  15%|█▌        | 18/120 [2:04:01<10:59:58, 388.22s/it]

[36m(TaskRunner pid=245980)[0m step:17 - actor/entropy:0.3264033794403076 - perf/mfu/actor_infer:0 - actor/kl_loss:0.006145510014094826 - actor/kl_coef:0.009999999999999998 - actor/pg_clipfrac:0.0008370901323360158 - actor/ppo_kl:-1.0615515868216284e-05 - actor/pg_clipfrac_lower:0.0 - actor/pg_loss:0.07273783977596193 - actor/grad_norm:0.09640710250938911 - perf/mfu/actor:0.0 - perf/max_memory_allocated_gb:79.96085119247437 - perf/max_memory_reserved_gb:82.560546875 - perf/cpu_memory_used_gb:335.50523376464844 - actor/lr:1e-06 - training/global_step:17 - training/epoch:4 - critic/score/mean:0.4651172161102295 - critic/score/max:0.8999999761581421 - critic/score/min:0.0 - critic/rewards/mean:0.4651172161102295 - critic/rewards/max:0.8999999761581421 - critic/rewards/min:0.0 - critic/advantages/mean:-0.07384399324655533 - critic/advantages/max:1.7888498306274414 - critic/advantages/min:-1.7888498306274414 - critic/returns/mean:-0.07384399324655533 - critic/returns/max:1.7888498306274414 - critic/returns/min:-1.7888498306274414 - response_length/mean:867.2257690429688 - response_length/max:2048.0 - response_length/min:40.0 - response_length/clip_ratio:0.18984374403953552 - response_length_non_aborted/mean:867.2257690429688 - response_length_non_aborted/max:2048.0 - response_length_non_aborted/min:40.0 - response_length_non_aborted/clip_ratio:0.18984374403953552 - response/aborted_ratio:0.0 - prompt_length/mean:282.046875 - prompt_length/max:664.0 - prompt_length/min:189.0 - prompt_length/clip_ratio:0.0 - num_turns/min:2 - num_turns/max:2 - num_turns/mean:2.0 - timing_s/start_profile:0.0002293759025633335 - timing_s/agent_loop/generate_sequences/min:4.230386637151241 - timing_s/agent_loop/generate_sequences/max:49.12072740192525 - timing_s/agent_loop/generate_sequences/mean:24.12512187554794 - timing_s/agent_loop/tool_calls/min:0.0 - timing_s/agent_loop/tool_calls/max:0.0 - timing_s/agent_loop/tool_calls/mean:0.0 - timing_s/agent_loop/slowest/generate_sequences:49.12072740192525 - timing_s/agent_loop/slowest/tool_calls:0.0 - timing_s/agent_loop/slowest/prompt_length:378 - timing_s/agent_loop/slowest/response_length:2048 - timing_s/gen:66.97962121595629 - timing_s/reward:0.00015110685490071774 - timing_s/old_log_prob:61.965535761089996 - timing_s/ref:58.61553433188237 - timing_s/adv:0.4573616459965706 - timing_s/update_actor:183.24990735412575 - timing_s/step:371.5434532891959 - timing_s/stop_profile:2.8748996555805206e-05 - timing_per_token_ms/ref:0.019922768521355005 - timing_per_token_ms/gen:0.030169668733522705 - timing_per_token_ms/update_actor:0.06228460641687295 - timing_per_token_ms/adv:0.0001554521392254784 - perf/total_num_tokens:2942138 - perf/time_per_step:371.5434532891959 - perf/throughput:494.91822119893925
[36m(TaskRunner pid=245980)[0m step:18 - actor/entropy:0.3282356560230255 - perf/mfu/actor_infer:0 - actor/kl_loss:0.006540527975346933 - actor/kl_coef:0.009999999999999998 - actor/pg_clipfrac:0.0008471147031291708 - actor/ppo_kl:-3.721298471034167e-06 - actor/pg_clipfrac_lower:0.0 - actor/pg_loss:0.07115392766076752 - actor/grad_norm:0.1322827343624272 - perf/mfu/actor:0.0 - perf/max_memory_allocated_gb:80.03004789352417 - perf/max_memory_reserved_gb:82.775390625 - perf/cpu_memory_used_gb:337.8712100982666 - actor/lr:1e-06 - training/global_step:18 - training/epoch:4 - critic/score/mean:0.4971093535423279 - critic/score/max:0.8999999761581421 - critic/score/min:0.0 - critic/rewards/mean:0.4971093535423279 - critic/rewards/max:0.8999999761581421 - critic/rewards/min:0.0 - critic/advantages/mean:-0.0723610520362854 - critic/advantages/max:1.7888498306274414 - critic/advantages/min:-1.7888498306274414 - critic/returns/mean:-0.0723610520362854 - critic/returns/max:1.7888498306274414 - critic/returns/min:-1.7888498306274414 - response_length/mean:901.021484375 - response_length/max:2048.0 - response_length/min:85.0 - response_length/clip_ratio:0.20624999701976776 - response_length_non_aborted/mean:901.021484375 - response_length_non_aborted/max:2048.0 - response_length_non_aborted/min:85.0 - response_length_non_aborted/clip_ratio:0.20624999701976776 - response/aborted_ratio:0.0 - prompt_length/mean:278.419921875 - prompt_length/max:842.0 - prompt_length/min:190.0 - prompt_length/clip_ratio:0.0 - num_turns/min:2 - num_turns/max:2 - num_turns/mean:2.0 - timing_s/start_profile:6.745895370841026e-05 - timing_s/agent_loop/generate_sequences/min:6.5351545084267855 - timing_s/agent_loop/generate_sequences/max:49.560808966867626 - timing_s/agent_loop/generate_sequences/mean:25.049850637926646 - timing_s/agent_loop/tool_calls/min:0.0 - timing_s/agent_loop/tool_calls/max:0.0 - timing_s/agent_loop/tool_calls/mean:0.0 - timing_s/agent_loop/slowest/generate_sequences:49.560808966867626 - timing_s/agent_loop/slowest/tool_calls:0.0 - timing_s/agent_loop/slowest/prompt_length:663 - timing_s/agent_loop/slowest/response_length:2048 - timing_s/gen:65.88638843595982 - timing_s/reward:0.00013298704288899899 - timing_s/old_log_prob:60.71532976278104 - timing_s/ref:59.12599197495729 - timing_s/adv:0.060736272018402815 - timing_s/update_actor:186.59115075320005 - timing_s/step:372.6549124040175 - timing_s/stop_profile:2.7169007807970047e-05 - timing_per_token_ms/ref:0.01958222807239831 - timing_per_token_ms/gen:0.02856410299766533 - timing_per_token_ms/update_actor:0.06179804090032028 - timing_per_token_ms/adv:2.0115544639578062e-05 - perf/total_num_tokens:3019370 - perf/time_per_step:372.6549124040175 - perf/throughput:506.3951090369835
[36m(TaskRunner pid=245980)[0m step:19 - actor/entropy:0.3159080743789673 - perf/mfu/actor_infer:0 - actor/kl_loss:0.007184763389294234 - actor/kl_coef:0.009999999999999998 - actor/pg_clipfrac:0.0009730387588369717 - actor/ppo_kl:2.9060694816515412e-05 - actor/pg_clipfrac_lower:8.683123729149864e-07 - actor/pg_loss:0.07667739014791193 - actor/grad_norm:0.11813560475561849 - perf/mfu/actor:0.0 - perf/max_memory_allocated_gb:80.16321325302124 - perf/max_memory_reserved_gb:82.77734375 - perf/cpu_memory_used_gb:339.1377582550049 - actor/lr:1e-06 - training/global_step:19 - training/epoch:4 - critic/score/mean:0.49535155296325684 - critic/score/max:0.8999999761581421 - critic/score/min:0.0 - critic/rewards/mean:0.49535155296325684 - critic/rewards/max:0.8999999761581421 - critic/rewards/min:0.0 - critic/advantages/mean:-0.0782451182603836 - critic/advantages/max:1.7888498306274414 - critic/advantages/min:-1.7888498306274414 - critic/returns/mean:-0.0782451182603836 - critic/returns/max:1.7888498306274414 - critic/returns/min:-1.7888498306274414 - response_length/mean:856.9300537109375 - response_length/max:2048.0 - response_length/min:80.0 - response_length/clip_ratio:0.17851562798023224 - response_length_non_aborted/mean:856.9300537109375 - response_length_non_aborted/max:2048.0 - response_length_non_aborted/min:80.0 - response_length_non_aborted/clip_ratio:0.17851562798023224 - response/aborted_ratio:0.0 - prompt_length/mean:274.23046875 - prompt_length/max:842.0 - prompt_length/min:189.0 - prompt_length/clip_ratio:0.0 - num_turns/min:2 - num_turns/max:2 - num_turns/mean:2.0 - timing_s/start_profile:7.20880925655365e-05 - timing_s/agent_loop/generate_sequences/min:6.0505976639688015 - timing_s/agent_loop/generate_sequences/max:48.51571105001494 - timing_s/agent_loop/generate_sequences/mean:23.80989096005278 - timing_s/agent_loop/tool_calls/min:0.0 - timing_s/agent_loop/tool_calls/max:0.0 - timing_s/agent_loop/tool_calls/mean:0.0 - timing_s/agent_loop/slowest/generate_sequences:48.51571105001494 - timing_s/agent_loop/slowest/tool_calls:0.0 - timing_s/agent_loop/slowest/prompt_length:305 - timing_s/agent_loop/slowest/response_length:2048 - timing_s/gen:63.455371235031635 - timing_s/reward:0.00010198797099292278 - timing_s/old_log_prob:59.26875629508868 - timing_s/ref:56.116021547000855 - timing_s/adv:0.04916512290947139 - timing_s/update_actor:180.41171753709204 - timing_s/step:359.5753277600743 - timing_s/stop_profile:3.002001903951168e-05 - timing_per_token_ms/ref:0.01937861161915112 - timing_per_token_ms/gen:0.028925644018610964 - timing_per_token_ms/update_actor:0.06230179027868296 - timing_per_token_ms/adv:1.69782496300541e-05 - perf/total_num_tokens:2895771 - perf/time_per_step:359.5753277600743 - perf/throughput:503.3317736993408[36m(TaskRunner pid=245980)[0m 
Training Progress:  16%|█▌        | 19/120 [2:10:02<10:39:27, 379.87s/it]
[36m(WorkerDict pid=246556)[0m WARNING:2026-01-03 04:24:45,289:Rank 6 common state dict differs from rank 0 common state dict. Keys only on rank 0: [], Keys only on 6: [('optimizer', 'param_state', 49), ('optimizer', 'param_state', 50), ('optimizer', 'param_state', 51), ('optimizer', 'param_state', 52), ('optimizer', 'param_state', 53), ('optimizer', 'param_state', 54), ('optimizer', 'param_state', 55), ('optimizer', 'param_state', 56), ('optimizer', 'param_state', 57), ('optimizer', 'param_state', 58), ('optimizer', 'param_state', 59), ('optimizer', 'param_state', 60), ('optimizer', 'param_state', 61), ('optimizer', 'param_state', 62), ('optimizer', 'param_state', 63), ('optimizer', 'param_state', 64), ('optimizer', 'param_state', 65), ('optimizer', 'param_state', 66), ('optimizer', 'param_state', 67), ('optimizer', 'param_state', 68), ('optimizer', 'param_state', 69), ('optimizer', 'param_state', 70), ('optimizer', 'param_state', 71), ('optimizer', 'param_state', 72), ('optimizer', 'param_state', 73), ('optimizer', 'param_state', 74), ('optimizer', 'param_state', 75), ('optimizer', 'param_state', 76), ('optimizer', 'param_state', 77), ('optimizer', 'param_state', 78), ('optimizer', 'param_state', 79), ('optimizer', 'param_state', 80), ('optimizer', 'param_state', 81), ('optimizer', 'param_state', 82), ('optimizer', 'param_state', 83), ('optimizer', 'param_state', 84), ('optimizer', 'param_state', 85), ('optimizer', 'param_state', 86), ('optimizer', 'param_state', 87), ('optimizer', 'param_state', 88), ('optimizer', 'param_state', 89), ('optimizer', 'param_state', 90), ('optimizer', 'param_state', 91), ('optimizer', 'param_state', 92), ('optimizer', 'param_state', 93), ('optimizer', 'param_state', 94), ('optimizer', 'param_state', 95), ('optimizer', 'param_state', 96), ('optimizer', 'param_state', 97), ('optimizer', 'param_state', 98), ('optimizer', 'param_state', 99), ('optimizer', 'param_state', 100), ('optimizer', 'param_state', 101), ('optimizer', 'param_state', 102), ('optimizer', 'param_state', 103), ('optimizer', 'param_state', 104), ('optimizer', 'param_state', 105), ('optimizer', 'param_state', 106), ('optimizer', 'param_state', 107), ('optimizer', 'param_state', 108), ('optimizer', 'param_state', 109), ('optimizer', 'param_state', 110), ('optimizer', 'param_state', 111), ('optimizer', 'param_state', 112), ('optimizer', 'param_state', 113), ('optimizer', 'param_state', 114), ('optimizer', 'param_state', 115), ('optimizer', 'param_state', 116), ('optimizer', 'param_state', 117), ('optimizer', 'param_state', 118), ('optimizer', 'param_state', 119), ('optimizer', 'param_state', 120), ('optimizer', 'param_state', 121), ('optimizer', 'param_state', 122), ('optimizer', 'param_state', 123), ('optimizer', 'param_state', 124), ('optimizer', 'param_state', 125), ('optimizer', 'param_state', 126), ('optimizer', 'param_state', 127), ('optimizer', 'param_state', 128), ('optimizer', 'param_state', 129), ('optimizer', 'param_state', 130), ('optimizer', 'param_state', 131), ('optimizer', 'param_state', 132), ('optimizer', 'param_state', 133), ('optimizer', 'param_state', 134), ('optimizer', 'param_state', 135), ('optimizer', 'param_state', 136), ('optimizer', 'param_state', 137), ('optimizer', 'param_state', 138), ('optimizer', 'param_state', 139), ('optimizer', 'param_state', 140), ('optimizer', 'param_state', 141), ('optimizer', 'param_state', 142), ('optimizer', 'param_state', 143), ('optimizer', 'param_state', 144), ('optimizer', 'param_state', 145), ('optimizer', 'param_state', 146), ('optimizer', 'param_state', 147), ('optimizer', 'param_state', 148), ('optimizer', 'param_state', 149), ('optimizer', 'param_state', 150), ('optimizer', 'param_state', 151), ('optimizer', 'param_state', 152), ('optimizer', 'param_state', 153), ('optimizer', 'param_state', 154), ('optimizer', 'param_state', 155), ('optimizer', 'param_state', 156), ('optimizer', 'param_state', 157), ('optimizer', 'param_state', 158), ('optimizer', 'param_state', 159), ('optimizer', 'param_state', 160), ('optimizer', 'param_state', 161), ('optimizer', 'param_state', 162), ('optimizer', 'param_state', 163), ('optimizer', 'param_state', 164), ('optimizer', 'param_state', 165), ('optimizer', 'param_state', 166), ('optimizer', 'param_state', 167), ('optimizer', 'param_state', 168), ('optimizer', 'param_state', 169), ('optimizer', 'param_state', 170), ('optimizer', 'param_state', 171), ('optimizer', 'param_state', 172), ('optimizer', 'param_state', 173), ('optimizer', 'param_state', 174), ('optimizer', 'param_state', 175), ('optimizer', 'param_state', 176), ('optimizer', 'param_state', 177), ('optimizer', 'param_state', 178), ('optimizer', 'param_state', 179), ('optimizer', 'param_state', 180), ('optimizer', 'param_state', 181), ('optimizer', 'param_state', 182), ('optimizer', 'param_state', 183), ('optimizer', 'param_state', 184), ('optimizer', 'param_state', 185), ('optimizer', 'param_state', 186), ('optimizer', 'param_state', 187), ('optimizer', 'param_state', 188), ('optimizer', 'param_state', 189), ('optimizer', 'param_state', 190), ('optimizer', 'param_state', 191), ('optimizer', 'param_state', 192), ('optimizer', 'param_state', 193), ('optimizer', 'param_state', 194), ('optimizer', 'param_state', 195), ('optimizer', 'param_state', 196), ('optimizer', 'param_state', 197), ('optimizer', 'param_state', 198), ('optimizer', 'param_state', 199), ('optimizer', 'param_state', 200), ('optimizer', 'param_state', 201), ('optimizer', 'param_state', 202), ('optimizer', 'param_state', 203), ('optimizer', 'param_state', 204), ('optimizer', 'param_state', 205), ('optimizer', 'param_state', 206), ('optimizer', 'param_state', 207), ('optimizer', 'param_state', 208), ('optimizer', 'param_state', 209), ('optimizer', 'param_state', 210), ('optimizer', 'param_state', 211), ('optimizer', 'param_state', 212), ('optimizer', 'param_state', 213), ('optimizer', 'param_state', 214), ('optimizer', 'param_state', 215), ('optimizer', 'param_state', 216), ('optimizer', 'param_state', 217), ('optimizer', 'param_state', 218), ('optimizer', 'param_state', 219), ('optimizer', 'param_state', 220), ('optimizer', 'param_state', 221), ('optimizer', 'param_state', 222), ('optimizer', 'param_state', 223), ('optimizer', 'param_state', 224), ('optimizer', 'param_state', 225), ('optimizer', 'param_state', 226), ('optimizer', 'param_state', 227), ('optimizer', 'param_state', 228), ('optimizer', 'param_state', 229), ('optimizer', 'param_state', 230), ('optimizer', 'param_state', 231), ('optimizer', 'param_state', 232), ('optimizer', 'param_state', 233), ('optimizer', 'param_state', 234), ('optimizer', 'param_state', 235), ('optimizer', 'param_state', 236), ('optimizer', 'param_state', 237), ('optimizer', 'param_state', 238), ('optimizer', 'param_state', 239), ('optimizer', 'param_state', 240), ('optimizer', 'param_state', 241), ('optimizer', 'param_state', 242), ('optimizer', 'param_state', 243), ('optimizer', 'param_state', 244), ('optimizer', 'param_state', 245), ('optimizer', 'param_state', 246), ('optimizer', 'param_state', 247), ('optimizer', 'param_state', 248), ('optimizer', 'param_state', 249), ('optimizer', 'param_state', 250), ('optimizer', 'param_state', 251), ('optimizer', 'param_state', 252), ('optimizer', 'param_state', 253), ('optimizer', 'param_state', 254), ('optimizer', 'param_state', 255), ('optimizer', 'param_state', 256), ('optimizer', 'param_state', 257), ('optimizer', 'param_state', 258), ('optimizer', 'param_state', 259), ('optimizer', 'param_state', 260), ('optimizer', 'param_state', 261), ('optimizer', 'param_state', 262), ('optimizer', 'param_state', 263), ('optimizer', 'param_state', 264), ('optimizer', 'param_state', 265), ('optimizer', 'param_state', 266), ('optimizer', 'param_state', 267), ('optimizer', 'param_state', 268), ('optimizer', 'param_state', 269), ('optimizer', 'param_state', 270), ('optimizer', 'param_state', 271), ('optimizer', 'param_state', 272), ('optimizer', 'param_state', 273), ('optimizer', 'param_state', 274), ('optimizer', 'param_state', 275), ('optimizer', 'param_state', 276), ('optimizer', 'param_state', 277), ('optimizer', 'param_state', 278), ('optimizer', 'param_state', 279), ('optimizer', 'param_state', 280), ('optimizer', 'param_state', 281), ('optimizer', 'param_state', 282), ('optimizer', 'param_state', 283), ('optimizer', 'param_state', 284), ('optimizer', 'param_state', 285), ('optimizer', 'param_state', 286), ('optimizer', 'param_state', 287), ('optimizer', 'param_state', 288), ('optimizer', 'param_state', 289), ('optimizer', 'param_state', 290), ('optimizer', 'param_state', 291), ('optimizer', 'param_state', 292), ('optimizer', 'param_state', 293), ('optimizer', 'param_state', 294), ('optimizer', 'param_state', 295), ('optimizer', 'param_state', 296), ('optimizer', 'param_state', 297), ('optimizer', 'param_state', 298), ('optimizer', 'param_state', 299), ('optimizer', 'param_state', 300), ('optimizer', 'param_state', 301), ('optimizer', 'param_state', 302), ('optimizer', 'param_state', 303), ('optimizer', 'param_state', 304), ('optimizer', 'param_state', 305), ('optimizer', 'param_state', 306), ('optimizer', 'param_state', 307), ('optimizer', 'param_state', 308), ('optimizer', 'param_state', 309), ('optimizer', 'param_state', 310), ('optimizer', 'param_state', 311), ('optimizer', 'param_state', 312), ('optimizer', 'param_state', 313), ('optimizer', 'param_state', 314), ('optimizer', 'param_state', 315), ('optimizer', 'param_state', 316), ('optimizer', 'param_state', 317), ('optimizer', 'param_state', 318), ('optimizer', 'param_state', 319), ('optimizer', 'param_state', 320), ('optimizer', 'param_state', 321), ('optimizer', 'param_state', 322), ('optimizer', 'param_state', 323), ('optimizer', 'param_state', 324), ('optimizer', 'param_state', 325), ('optimizer', 'param_state', 326), ('optimizer', 'param_state', 327), ('optimizer', 'param_state', 328), ('optimizer', 'param_state', 329), ('optimizer', 'param_state', 330), ('optimizer', 'param_state', 331), ('optimizer', 'param_state', 332), ('optimizer', 'param_state', 333), ('optimizer', 'param_state', 334), ('optimizer', 'param_state', 335), ('optimizer', 'param_state', 336), ('optimizer', 'param_state', 337), ('optimizer', 'param_state', 338), ('optimizer', 'param_state', 339), ('optimizer', 'param_state', 340), ('optimizer', 'param_state', 341), ('optimizer', 'param_state', 342), ('optimizer', 'param_state', 343), ('optimizer', 'param_state', 344), ('optimizer', 'param_state', 345), ('optimizer', 'param_state', 346), ('optimizer', 'param_state', 347), ('optimizer', 'param_state', 348), ('optimizer', 'param_state', 349), ('optimizer', 'param_state', 350), ('optimizer', 'param_state', 351)], Mismatched keys: []
[36m(WorkerDict pid=71406, ip=node2)[0m WARNING:2026-01-03 04:24:45,288:Rank 9 common state dict differs from rank 0 common state dict. Keys only on rank 0: [('optimizer', 'param_state', 19), ('optimizer', 'param_state', 20), ('optimizer', 'param_state', 21), ('optimizer', 'param_state', 22), ('optimizer', 'param_state', 23), ('optimizer', 'param_state', 24), ('optimizer', 'param_state', 25), ('optimizer', 'param_state', 26), ('optimizer', 'param_state', 27), ('optimizer', 'param_state', 28), ('optimizer', 'param_state', 29), ('optimizer', 'param_state', 30), ('optimizer', 'param_state', 31), ('optimizer', 'param_state', 32), ('optimizer', 'param_state', 33), ('optimizer', 'param_state', 34), ('optimizer', 'param_state', 35), ('optimizer', 'param_state', 36), ('optimizer', 'param_state', 37), ('optimizer', 'param_state', 38), ('optimizer', 'param_state', 39), ('optimizer', 'param_state', 40), ('optimizer', 'param_state', 41), ('optimizer', 'param_state', 42), ('optimizer', 'param_state', 43), ('optimizer', 'param_state', 44), ('optimizer', 'param_state', 45), ('optimizer', 'param_state', 46), ('optimizer', 'param_state', 47), ('optimizer', 'param_state', 48)], Keys only on 9: [], Mismatched keys: []
[36m(WorkerDict pid=71407, ip=node2)[0m WARNING:2026-01-03 04:24:45,288:Rank 10 common state dict differs from rank 0 common state dict. Keys only on rank 0: [('optimizer', 'param_state', 42), ('optimizer', 'param_state', 43), ('optimizer', 'param_state', 44), ('optimizer', 'param_state', 45), ('optimizer', 'param_state', 46), ('optimizer', 'param_state', 47), ('optimizer', 'param_state', 48)], Keys only on 10: [], Mismatched keys: []
[36m(WorkerDict pid=71409, ip=node2)[0m WARNING:2026-01-03 04:24:45,288:Rank 15 common state dict differs from rank 0 common state dict. Keys only on rank 0: [('optimizer', 'param_state', 48), ('optimizer', 'param_state', 47)], Keys only on 15: [], Mismatched keys: []
[36m(WorkerDict pid=71414, ip=node2)[0m WARNING:2026-01-03 04:24:45,288:Rank 12 common state dict differs from rank 0 common state dict. Keys only on rank 0: [('optimizer', 'param_state', 41), ('optimizer', 'param_state', 42), ('optimizer', 'param_state', 43), ('optimizer', 'param_state', 44), ('optimizer', 'param_state', 45), ('optimizer', 'param_state', 46), ('optimizer', 'param_state', 47), ('optimizer', 'param_state', 48)], Keys only on 12: [], Mismatched keys: []
[36m(WorkerDict pid=71406, ip=node2)[0m INFO:2026-01-03 04:30:25,353:[Rank 9] Saving HF model checkpoint to /mnt/cfs/danerli/workspace/test_benchmark/TestBenchmarkWithTrainingCard/recipe/exp/checkpoint/qwen3_vl_8b_megatron_mutil_node/global_step_20/actor with bridge
[36m(WorkerDict pid=246589)[0m WARNING:2026-01-03 04:24:45,288:Rank 7 common state dict differs from rank 0 common state dict. Keys only on rank 0: [], Keys only on 7: [('optimizer', 'param_state', 49), ('optimizer', 'param_state', 50), ('optimizer', 'param_state', 51), ('optimizer', 'param_state', 52), ('optimizer', 'param_state', 53), ('optimizer', 'param_state', 54), ('optimizer', 'param_state', 55), ('optimizer', 'param_state', 56), ('optimizer', 'param_state', 57), ('optimizer', 'param_state', 58), ('optimizer', 'param_state', 59), ('optimizer', 'param_state', 60), ('optimizer', 'param_state', 61), ('optimizer', 'param_state', 62), ('optimizer', 'param_state', 63), ('optimizer', 'param_state', 64), ('optimizer', 'param_state', 65), ('optimizer', 'param_state', 66), ('optimizer', 'param_state', 67), ('optimizer', 'param_state', 68), ('optimizer', 'param_state', 69), ('optimizer', 'param_state', 70), ('optimizer', 'param_state', 71), ('optimizer', 'param_state', 72), ('optimizer', 'param_state', 73), ('optimizer', 'param_state', 74), ('optimizer', 'param_state', 75), ('optimizer', 'param_state', 76), ('optimizer', 'param_state', 77), ('optimizer', 'param_state', 78), ('optimizer', 'param_state', 79), ('optimizer', 'param_state', 80), ('optimizer', 'param_state', 81), ('optimizer', 'param_state', 82), ('optimizer', 'param_state', 83), ('optimizer', 'param_state', 84), ('optimizer', 'param_state', 85), ('optimizer', 'param_state', 86), ('optimizer', 'param_state', 87), ('optimizer', 'param_state', 88), ('optimizer', 'param_state', 89), ('optimizer', 'param_state', 90), ('optimizer', 'param_state', 91), ('optimizer', 'param_state', 92), ('optimizer', 'param_state', 93), ('optimizer', 'param_state', 94), ('optimizer', 'param_state', 95), ('optimizer', 'param_state', 96), ('optimizer', 'param_state', 97), ('optimizer', 'param_state', 98), ('optimizer', 'param_state', 99), ('optimizer', 'param_state', 100), ('optimizer', 'param_state', 101), ('optimizer', 'param_state', 102), ('optimizer', 'param_state', 103), ('optimizer', 'param_state', 104), ('optimizer', 'param_state', 105), ('optimizer', 'param_state', 106), ('optimizer', 'param_state', 107), ('optimizer', 'param_state', 108), ('optimizer', 'param_state', 109), ('optimizer', 'param_state', 110), ('optimizer', 'param_state', 111), ('optimizer', 'param_state', 112), ('optimizer', 'param_state', 113), ('optimizer', 'param_state', 114), ('optimizer', 'param_state', 115), ('optimizer', 'param_state', 116), ('optimizer', 'param_state', 117), ('optimizer', 'param_state', 118), ('optimizer', 'param_state', 119), ('optimizer', 'param_state', 120), ('optimizer', 'param_state', 121), ('optimizer', 'param_state', 122), ('optimizer', 'param_state', 123), ('optimizer', 'param_state', 124), ('optimizer', 'param_state', 125), ('optimizer', 'param_state', 126), ('optimizer', 'param_state', 127), ('optimizer', 'param_state', 128), ('optimizer', 'param_state', 129), ('optimizer', 'param_state', 130), ('optimizer', 'param_state', 131), ('optimizer', 'param_state', 132), ('optimizer', 'param_state', 133), ('optimizer', 'param_state', 134), ('optimizer', 'param_state', 135), ('optimizer', 'param_state', 136), ('optimizer', 'param_state', 137), ('optimizer', 'param_state', 138), ('optimizer', 'param_state', 139), ('optimizer', 'param_state', 140), ('optimizer', 'param_state', 141), ('optimizer', 'param_state', 142), ('optimizer', 'param_state', 143), ('optimizer', 'param_state', 144), ('optimizer', 'param_state', 145), ('optimizer', 'param_state', 146), ('optimizer', 'param_state', 147), ('optimizer', 'param_state', 148), ('optimizer', 'param_state', 149), ('optimizer', 'param_state', 150), ('optimizer', 'param_state', 151), ('optimizer', 'param_state', 152), ('optimizer', 'param_state', 153), ('optimizer', 'param_state', 154), ('optimizer', 'param_state', 155), ('optimizer', 'param_state', 156), ('optimizer', 'param_state', 157), ('optimizer', 'param_state', 158), ('optimizer', 'param_state', 159), ('optimizer', 'param_state', 160), ('optimizer', 'param_state', 161), ('optimizer', 'param_state', 162), ('optimizer', 'param_state', 163), ('optimizer', 'param_state', 164), ('optimizer', 'param_state', 165), ('optimizer', 'param_state', 166), ('optimizer', 'param_state', 167), ('optimizer', 'param_state', 168), ('optimizer', 'param_state', 169), ('optimizer', 'param_state', 170), ('optimizer', 'param_state', 171), ('optimizer', 'param_state', 172), ('optimizer', 'param_state', 173), ('optimizer', 'param_state', 174), ('optimizer', 'param_state', 175), ('optimizer', 'param_state', 176), ('optimizer', 'param_state', 177), ('optimizer', 'param_state', 178), ('optimizer', 'param_state', 179), ('optimizer', 'param_state', 180), ('optimizer', 'param_state', 181), ('optimizer', 'param_state', 182), ('optimizer', 'param_state', 183), ('optimizer', 'param_state', 184), ('optimizer', 'param_state', 185), ('optimizer', 'param_state', 186), ('optimizer', 'param_state', 187), ('optimizer', 'param_state', 188), ('optimizer', 'param_state', 189), ('optimizer', 'param_state', 190), ('optimizer', 'param_state', 191), ('optimizer', 'param_state', 192), ('optimizer', 'param_state', 193), ('optimizer', 'param_state', 194), ('optimizer', 'param_state', 195), ('optimizer', 'param_state', 196), ('optimizer', 'param_state', 197), ('optimizer', 'param_state', 198), ('optimizer', 'param_state', 199), ('optimizer', 'param_state', 200), ('optimizer', 'param_state', 201), ('optimizer', 'param_state', 202), ('optimizer', 'param_state', 203), ('optimizer', 'param_state', 204), ('optimizer', 'param_state', 205), ('optimizer', 'param_state', 206), ('optimizer', 'param_state', 207), ('optimizer', 'param_state', 208), ('optimizer', 'param_state', 209), ('optimizer', 'param_state', 210), ('optimizer', 'param_state', 211), ('optimizer', 'param_state', 212), ('optimizer', 'param_state', 213), ('optimizer', 'param_state', 214), ('optimizer', 'param_state', 215), ('optimizer', 'param_state', 216), ('optimizer', 'param_state', 217), ('optimizer', 'param_state', 218), ('optimizer', 'param_state', 219), ('optimizer', 'param_state', 220), ('optimizer', 'param_state', 221), ('optimizer', 'param_state', 222), ('optimizer', 'param_state', 223), ('optimizer', 'param_state', 224), ('optimizer', 'param_state', 225), ('optimizer', 'param_state', 226), ('optimizer', 'param_state', 227), ('optimizer', 'param_state', 228), ('optimizer', 'param_state', 229), ('optimizer', 'param_state', 230), ('optimizer', 'param_state', 231), ('optimizer', 'param_state', 232), ('optimizer', 'param_state', 233), ('optimizer', 'param_state', 234), ('optimizer', 'param_state', 235), ('optimizer', 'param_state', 236), ('optimizer', 'param_state', 237), ('optimizer', 'param_state', 238), ('optimizer', 'param_state', 239), ('optimizer', 'param_state', 240), ('optimizer', 'param_state', 241), ('optimizer', 'param_state', 242), ('optimizer', 'param_state', 243), ('optimizer', 'param_state', 244), ('optimizer', 'param_state', 245), ('optimizer', 'param_state', 246), ('optimizer', 'param_state', 247), ('optimizer', 'param_state', 248), ('optimizer', 'param_state', 249), ('optimizer', 'param_state', 250), ('optimizer', 'param_state', 251), ('optimizer', 'param_state', 252), ('optimizer', 'param_state', 253), ('optimizer', 'param_state', 254), ('optimizer', 'param_state', 255), ('optimizer', 'param_state', 256), ('optimizer', 'param_state', 257), ('optimizer', 'param_state', 258), ('optimizer', 'param_state', 259), ('optimizer', 'param_state', 260), ('optimizer', 'param_state', 261), ('optimizer', 'param_state', 262), ('optimizer', 'param_state', 263), ('optimizer', 'param_state', 264), ('optimizer', 'param_state', 265), ('optimizer', 'param_state', 266), ('optimizer', 'param_state', 267), ('optimizer', 'param_state', 268), ('optimizer', 'param_state', 269), ('optimizer', 'param_state', 270), ('optimizer', 'param_state', 271), ('optimizer', 'param_state', 272), ('optimizer', 'param_state', 273), ('optimizer', 'param_state', 274), ('optimizer', 'param_state', 275), ('optimizer', 'param_state', 276), ('optimizer', 'param_state', 277), ('optimizer', 'param_state', 278), ('optimizer', 'param_state', 279), ('optimizer', 'param_state', 280), ('optimizer', 'param_state', 281), ('optimizer', 'param_state', 282), ('optimizer', 'param_state', 283), ('optimizer', 'param_state', 284), ('optimizer', 'param_state', 285), ('optimizer', 'param_state', 286), ('optimizer', 'param_state', 287), ('optimizer', 'param_state', 288), ('optimizer', 'param_state', 289), ('optimizer', 'param_state', 290), ('optimizer', 'param_state', 291), ('optimizer', 'param_state', 292), ('optimizer', 'param_state', 293), ('optimizer', 'param_state', 294), ('optimizer', 'param_state', 295), ('optimizer', 'param_state', 296), ('optimizer', 'param_state', 297), ('optimizer', 'param_state', 298), ('optimizer', 'param_state', 299), ('optimizer', 'param_state', 300), ('optimizer', 'param_state', 301), ('optimizer', 'param_state', 302), ('optimizer', 'param_state', 303), ('optimizer', 'param_state', 304), ('optimizer', 'param_state', 305), ('optimizer', 'param_state', 306), ('optimizer', 'param_state', 307), ('optimizer', 'param_state', 308), ('optimizer', 'param_state', 309), ('optimizer', 'param_state', 310), ('optimizer', 'param_state', 311), ('optimizer', 'param_state', 312), ('optimizer', 'param_state', 313), ('optimizer', 'param_state', 314), ('optimizer', 'param_state', 315), ('optimizer', 'param_state', 316), ('optimizer', 'param_state', 317), ('optimizer', 'param_state', 318), ('optimizer', 'param_state', 319), ('optimizer', 'param_state', 320), ('optimizer', 'param_state', 321), ('optimizer', 'param_state', 322), ('optimizer', 'param_state', 323), ('optimizer', 'param_state', 324), ('optimizer', 'param_state', 325), ('optimizer', 'param_state', 326), ('optimizer', 'param_state', 327), ('optimizer', 'param_state', 328), ('optimizer', 'param_state', 329), ('optimizer', 'param_state', 330), ('optimizer', 'param_state', 331), ('optimizer', 'param_state', 332), ('optimizer', 'param_state', 333), ('optimizer', 'param_state', 334), ('optimizer', 'param_state', 335), ('optimizer', 'param_state', 336), ('optimizer', 'param_state', 337), ('optimizer', 'param_state', 338), ('optimizer', 'param_state', 339), ('optimizer', 'param_state', 340), ('optimizer', 'param_state', 341), ('optimizer', 'param_state', 342), ('optimizer', 'param_state', 343), ('optimizer', 'param_state', 344), ('optimizer', 'param_state', 345), ('optimizer', 'param_state', 346), ('optimizer', 'param_state', 347), ('optimizer', 'param_state', 348), ('optimizer', 'param_state', 349), ('optimizer', 'param_state', 350), ('optimizer', 'param_state', 351)], Mismatched keys: []
[36m(WorkerDict pid=71418, ip=node2)[0m WARNING:2026-01-03 04:24:45,288:Rank 8 common state dict differs from rank 0 common state dict. Keys only on rank 0: [('optimizer', 'param_state', 19), ('optimizer', 'param_state', 20), ('optimizer', 'param_state', 21), ('optimizer', 'param_state', 22), ('optimizer', 'param_state', 23), ('optimizer', 'param_state', 24), ('optimizer', 'param_state', 25), ('optimizer', 'param_state', 26), ('optimizer', 'param_state', 27), ('optimizer', 'param_state', 28), ('optimizer', 'param_state', 29), ('optimizer', 'param_state', 30), ('optimizer', 'param_state', 31), ('optimizer', 'param_state', 32), ('optimizer', 'param_state', 33), ('optimizer', 'param_state', 34), ('optimizer', 'param_state', 35), ('optimizer', 'param_state', 36), ('optimizer', 'param_state', 37), ('optimizer', 'param_state', 38), ('optimizer', 'param_state', 39), ('optimizer', 'param_state', 40), ('optimizer', 'param_state', 41), ('optimizer', 'param_state', 42), ('optimizer', 'param_state', 43), ('optimizer', 'param_state', 44), ('optimizer', 'param_state', 45), ('optimizer', 'param_state', 46), ('optimizer', 'param_state', 47), ('optimizer', 'param_state', 48)], Keys only on 8: [], Mismatched keys: []
[36m(WorkerDict pid=71408, ip=node2)[0m WARNING:2026-01-03 04:24:45,289:Rank 11 common state dict differs from rank 0 common state dict. Keys only on rank 0: [('optimizer', 'param_state', 42), ('optimizer', 'param_state', 43), ('optimizer', 'param_state', 44), ('optimizer', 'param_state', 45), ('optimizer', 'param_state', 46), ('optimizer', 'param_state', 47), ('optimizer', 'param_state', 48)], Keys only on 11: [], Mismatched keys: []
[36m(WorkerDict pid=71413, ip=node2)[0m WARNING:2026-01-03 04:24:45,289:Rank 14 common state dict differs from rank 0 common state dict. Keys only on rank 0: [('optimizer', 'param_state', 48), ('optimizer', 'param_state', 47)], Keys only on 14: [], Mismatched keys: []
[36m(WorkerDict pid=71422, ip=node2)[0m WARNING:2026-01-03 04:24:45,288:Rank 13 common state dict differs from rank 0 common state dict. Keys only on rank 0: [('optimizer', 'param_state', 41), ('optimizer', 'param_state', 42), ('optimizer', 'param_state', 43), ('optimizer', 'param_state', 44), ('optimizer', 'param_state', 45), ('optimizer', 'param_state', 46), ('optimizer', 'param_state', 47), ('optimizer', 'param_state', 48)], Keys only on 13: [], Mismatched keys: []
[36m(WorkerDict pid=71406, ip=node2)[0m INFO:2026-01-03 04:32:36,659:[Rank 9] Saved bridge checkpoint to /mnt/cfs/danerli/workspace/test_benchmark/TestBenchmarkWithTrainingCard/recipe/exp/checkpoint/qwen3_vl_8b_megatron_mutil_node/global_step_20/actor/huggingface
[36m(WorkerDict pid=71406, ip=node2)[0m INFO:2026-01-03 04:32:36,660:[Rank 9] Dist checkpointing save completed for /mnt/cfs/danerli/workspace/test_benchmark/TestBenchmarkWithTrainingCard/recipe/exp/checkpoint/qwen3_vl_8b_megatron_mutil_node/global_step_20/actor/dist_ckpt
[36m(WorkerDict pid=246589)[0m INFO:2026-01-03 04:30:25,353:[Rank 7] Saving HF model checkpoint to /mnt/cfs/danerli/workspace/test_benchmark/TestBenchmarkWithTrainingCard/recipe/exp/checkpoint/qwen3_vl_8b_megatron_mutil_node/global_step_20/actor with bridge[32m [repeated 15x across cluster][0m
[36m(WorkerDict pid=246541)[0m INFO:2026-01-03 04:32:37,920:[Rank 0] Saved Huggingface config and tokenizer to /mnt/cfs/danerli/workspace/test_benchmark/TestBenchmarkWithTrainingCard/recipe/exp/checkpoint/qwen3_vl_8b_megatron_mutil_node/global_step_20/actor/huggingface

[36m(TaskRunner pid=245980)[0m test_gen_batch meta info: {'eos_token_id': 151645, 'pad_token_id': 151643, 'recompute_log_prob': False, 'do_sample': False, 'validate': True, 'global_steps': 20}
[36m(TaskRunner pid=245980)[0m validation generation end
[36m(TaskRunner pid=245980)[0m local_global_step_folder: /mnt/cfs/danerli/workspace/test_benchmark/TestBenchmarkWithTrainingCard/recipe/exp/checkpoint/qwen3_vl_8b_megatron_mutil_node/global_step_20
[36m(WorkerDict pid=246541)[0m Qwen3VLTransformerConfig(tensor_model_parallel_size=2, pipeline_model_parallel_comm_backend=None, pipeline_model_parallel_size=2, virtual_pipeline_model_parallel_size=None, sequence_parallel=True, context_parallel_size=2, hierarchical_context_parallel_sizes=None, expert_model_parallel_size=1, expert_tensor_parallel_size=2, moe_extended_tp=False, perform_initialization=True, use_cpu_initialization=False, fp16=False, bf16=True, params_dtype=torch.bfloat16, timers=None, finalize_model_grads_func=<function finalize_model_grads at 0x7f05ca96e5c0>, grad_scale_func=<bound method MegatronOptimizer.scale_loss of <megatron.core.optimizer.optimizer.ChainedOptimizer object at 0x7f05443634a0>>, no_sync_func=None, grad_sync_func=None, param_sync_func=None, deterministic_mode=False, enable_autocast=False, autocast_dtype=torch.bfloat16, num_microbatches_with_partial_activation_checkpoints=None, gradient_accumulation_fusion=True, async_tensor_model_parallel_allreduce=True, use_te_rng_tracker=False, tp_comm_overlap=False, tp_comm_bulk_wgrad=True, tp_comm_bulk_dgrad=True, tp_comm_overlap_ag=True, tp_comm_overlap_rs=True, tp_comm_overlap_rs_dgrad=False, tp_comm_split_ag=True, tp_comm_atomic_ag=False, tp_comm_split_rs=True, tp_comm_atomic_rs=False, cross_entropy_loss_fusion=False, cross_entropy_fusion_impl='native', tp_comm_overlap_disable_qkv=False, tp_comm_overlap_disable_fc1=False, tp_comm_bootstrap_backend='nccl', overlap_moe_expert_parallel_comm=False, delay_wgrad_compute=False, pipeline_dtype=torch.bfloat16, variable_seq_lengths=True, overlap_p2p_comm=False, batch_p2p_comm=False, batch_p2p_sync=True, use_ring_exchange_p2p=False, deallocate_pipeline_outputs=True, defer_embedding_wgrad_compute=False, wgrad_deferral_limit=0, overlap_p2p_comm_warmup_flush=False, microbatch_group_size_per_vp_stage=2, cpu_offloading=False, cpu_offloading_num_layers=0, _cpu_offloading_context=None, cpu_offloading_activations=True, cpu_offloading_weights=True, barrier_with_L1_time=True, num_layers=36, mtp_num_layers=None, mtp_loss_scaling_factor=None, num_layers_in_first_pipeline_stage=None, num_layers_in_last_pipeline_stage=None, pipeline_model_parallel_layout=None, account_for_embedding_in_pipeline_split=True, account_for_loss_in_pipeline_split=True, hidden_size=4096, num_attention_heads=32, attention_backend=<AttnBackend.flash: 1>, softmax_scale=None, num_query_groups=8, ffn_hidden_size=12288, kv_channels=128, hidden_dropout=0.0, attention_dropout=0.0, fp32_residual_connection=False, apply_residual_connection_post_layernorm=False, layernorm_epsilon=1e-06, layernorm_zero_centered_gamma=False, add_bias_linear=False, add_qkv_bias=False, gated_linear_unit=True, activation_func=<function silu at 0x7f37d04f5800>, activation_func_fp8_input_store=False, num_moe_experts=None, rotary_interleaved=False, window_size=None, normalization='RMSNorm', qk_layernorm=True, test_mode=False, calculate_per_token_loss=False, multi_latent_attention=False, no_rope_freq=None, moe_deepep_num_sms=20, init_method=functools.partial(<function normal_ at 0x7f37d037a160>, mean=0.0, std=0.02), output_layer_init_method=functools.partial(<function normal_ at 0x7f37d037a160>, mean=0.0, std=0.0023570226039551587), init_method_std=0.02, embedding_init_method=functools.partial(<function normal_ at 0x7f37d037a160>, mean=0.0, std=0.02), embedding_init_method_std=0.02, init_model_with_meta_device=False, apply_query_key_layer_scaling=False, attention_softmax_in_fp32=True, disable_bf16_reduced_precision_matmul=False, bias_activation_fusion=True, masked_softmax_fusion=False, persist_layer_norm=True, memory_efficient_layer_norm=False, bias_dropout_fusion=True, apply_rope_fusion=False, use_fused_weighted_squared_relu=False, recompute_granularity='full', recompute_method='uniform', recompute_num_layers=1, distribute_saved_activations=False, recompute_modules=['core_attn'], fp8=None, fp8_recipe='delayed', fp8_param=False, fp8_margin=0, fp8_interval=1, fp8_amax_history_len=1, fp8_amax_compute_algo='most_recent', fp8_wgrad=True, fp8_dot_product_attention=False, fp8_multi_head_attention=False, tp_only_amax_red=False, first_last_layers_bf16=False, num_layers_at_start_in_bf16=1, num_layers_at_end_in_bf16=1, use_kitchen=False, moe_shared_expert_intermediate_size=None, moe_shared_expert_overlap=False, moe_layer_freq=1, moe_ffn_hidden_size=None, moe_router_load_balancing_type='aux_loss', moe_router_topk=2, moe_router_topk_limited_devices=None, moe_router_padding_for_fp8=False, moe_router_num_groups=None, moe_router_group_topk=None, moe_router_pre_softmax=False, moe_router_topk_scaling_factor=None, moe_router_score_function='softmax', moe_router_dtype='fp32', moe_router_enable_expert_bias=False, moe_router_bias_update_rate=0.001, moe_router_force_load_balancing=False, moe_grouped_gemm=False, moe_use_legacy_grouped_gemm=False, moe_aux_loss_coeff=0.0, moe_z_loss_coeff=None, moe_input_jitter_eps=None, moe_token_dropping=False, moe_token_dispatcher_type='flex', moe_enable_deepep=True, moe_per_layer_logging=False, moe_expert_capacity_factor=None, moe_pad_expert_input_to_capacity=False, moe_token_drop_policy='probs', moe_layer_recompute=False, moe_permute_fusion=True, moe_router_fusion=False, moe_apply_probs_on_input=False, cp_comm_type='p2p', enable_cuda_graph=False, cuda_graph_use_single_mempool=False, cuda_graph_retain_backward_graph=False, cuda_graph_warmup_steps=3, external_cuda_graph=False, cuda_graph_scope='full', clone_scatter_output_in_embedding=True, disable_parameter_transpose_cache=False, config_logger_dir='', flash_decode=False, inference_rng_tracker=False, symmetric_ar_type=None, mrope_section=[24, 20, 20], is_hybrid_model=False, mamba_state_dim=128, mamba_head_dim=64, mamba_num_groups=8, mamba_num_heads=None, use_mamba_mem_eff_path=True, mlp_chunks_for_prefill=1, heterogeneous_block_specs=False, hetereogenous_dist_checkpoint=False, quant_recipe=None, transformer_impl='transformer_engine', patch_size=16, temporal_patch_size=2, in_channels=3, spatial_merge_size=2, num_position_embeddings=2304, out_hidden_size=4096, apply_rotary_pos_emb_in_fp32=False, deepstack_visual_indexes=[8, 16, 24])
[36m(TaskRunner pid=245980)[0m step:20 - actor/entropy:0.31501662731170654 - perf/mfu/actor_infer:0 - actor/kl_loss:0.007501856700557294 - actor/kl_coef:0.009999999999999998 - actor/pg_clipfrac:0.0009535650008934505 - actor/ppo_kl:-1.8576001210746693e-06 - actor/pg_clipfrac_lower:9.223664966812458e-07 - actor/pg_loss:0.07765945757273585 - actor/grad_norm:0.10611753449816873 - perf/mfu/actor:0.0 - perf/max_memory_allocated_gb:80.36351919174194 - perf/max_memory_reserved_gb:82.96484375 - perf/cpu_memory_used_gb:342.73339080810547 - actor/lr:1e-06 - val-aux/hiyouga/geometry3k/reward/mean@1:0.5076538967015144 - val-core/hiyouga/geometry3k/acc/mean@1:0.5076539101497505 - val-aux/num_turns/min:2 - val-aux/num_turns/max:2 - val-aux/num_turns/mean:2.0 - training/global_step:20 - training/epoch:4 - critic/score/mean:0.49253907799720764 - critic/score/max:0.8999999761581421 - critic/score/min:0.0 - critic/rewards/mean:0.49253907799720764 - critic/rewards/max:0.8999999761581421 - critic/rewards/min:0.0 - critic/advantages/mean:-0.07747787982225418 - critic/advantages/max:1.7888498306274414 - critic/advantages/min:-1.7888498306274414 - critic/returns/mean:-0.07747787982225418 - critic/returns/max:1.7888498306274414 - critic/returns/min:-1.7888498306274414 - response_length/mean:898.6832275390625 - response_length/max:2048.0 - response_length/min:88.0 - response_length/clip_ratio:0.19765624403953552 - response_length_non_aborted/mean:898.6832275390625 - response_length_non_aborted/max:2048.0 - response_length_non_aborted/min:88.0 - response_length_non_aborted/clip_ratio:0.19765624403953552 - response/aborted_ratio:0.0 - prompt_length/mean:285.6484375 - prompt_length/max:842.0 - prompt_length/min:190.0 - prompt_length/clip_ratio:0.0 - num_turns/min:2 - num_turns/max:2 - num_turns/mean:2.0 - timing_s/start_profile:6.718910299241543e-05 - timing_s/agent_loop/generate_sequences/min:5.47754257498309 - timing_s/agent_loop/generate_sequences/max:50.73855916108005 - timing_s/agent_loop/generate_sequences/mean:25.323224790348014 - timing_s/agent_loop/tool_calls/min:0.0 - timing_s/agent_loop/tool_calls/max:0.0 - timing_s/agent_loop/tool_calls/mean:0.0 - timing_s/agent_loop/slowest/generate_sequences:50.73855916108005 - timing_s/agent_loop/slowest/tool_calls:0.0 - timing_s/agent_loop/slowest/prompt_length:277 - timing_s/agent_loop/slowest/response_length:2048 - timing_s/gen:66.31064325198531 - timing_s/reward:0.00010216794908046722 - timing_s/old_log_prob:64.2068878619466 - timing_s/ref:61.373927034204826 - timing_s/adv:0.04366566799581051 - timing_s/update_actor:193.39694651495665 - timing_s/step:385.6026509969961 - timing_s/testing:41.96226703305729 - timing_s/save_checkpoint:476.5590157059487 - timing_s/stop_profile:6.595905870199203e-05 - timing_per_token_ms/ref:0.020242801446294645 - timing_per_token_ms/gen:0.028822832039405447 - timing_per_token_ms/update_actor:0.0637876078296259 - timing_per_token_ms/adv:1.4402132794376874e-05 - perf/total_num_tokens:3031889 - perf/time_per_step:385.6026509969961 - perf/throughput:491.42053875940854[36m(TaskRunner pid=245980)[0m 
Training Progress:  17%|█▋        | 20/120 [2:25:07<14:56:01, 537.61s/it]
[36m(TaskRunner pid=245980)[0m 
Training Progress:  18%|█▊        | 21/120 [2:31:35<13:33:05, 492.78s/it]
[36m(WorkerDict pid=246589)[0m INFO:2026-01-03 04:32:36,660:[Rank 7] Saved bridge checkpoint to /mnt/cfs/danerli/workspace/test_benchmark/TestBenchmarkWithTrainingCard/recipe/exp/checkpoint/qwen3_vl_8b_megatron_mutil_node/global_step_20/actor/huggingface[32m [repeated 15x across cluster][0m
[36m(WorkerDict pid=246541)[0m INFO:2026-01-03 04:32:37,935:[Rank 0] Dist checkpointing save completed for /mnt/cfs/danerli/workspace/test_benchmark/TestBenchmarkWithTrainingCard/recipe/exp/checkpoint/qwen3_vl_8b_megatron_mutil_node/global_step_20/actor/dist_ckpt[32m [repeated 15x across cluster][0m
[36m(TaskRunner pid=245980)[0m 
Training Progress:  18%|█▊        | 22/120 [2:37:45<12:24:53, 456.06s/it]

[36m(TaskRunner pid=245980)[0m step:21 - actor/entropy:0.3143179714679718 - perf/mfu/actor_infer:0 - actor/kl_loss:0.008014571511328382 - actor/kl_coef:0.009999999999999998 - actor/pg_clipfrac:0.0009129964401717702 - actor/ppo_kl:3.230551931951793e-05 - actor/pg_clipfrac_lower:0.0 - actor/pg_loss:0.08066286144663615 - actor/grad_norm:0.09757310964637876 - perf/mfu/actor:0.0 - perf/max_memory_allocated_gb:80.63290214538574 - perf/max_memory_reserved_gb:83.23828125 - perf/cpu_memory_used_gb:346.55863761901855 - actor/lr:1e-06 - training/global_step:21 - training/epoch:5 - critic/score/mean:0.479179710149765 - critic/score/max:0.8999999761581421 - critic/score/min:0.0 - critic/rewards/mean:0.479179710149765 - critic/rewards/max:0.8999999761581421 - critic/rewards/min:0.0 - critic/advantages/mean:-0.08060040324926376 - critic/advantages/max:1.7888498306274414 - critic/advantages/min:-1.7888498306274414 - critic/returns/mean:-0.08060040324926376 - critic/returns/max:1.7888498306274414 - critic/returns/min:-1.7888498306274414 - response_length/mean:894.2023315429688 - response_length/max:2048.0 - response_length/min:117.0 - response_length/clip_ratio:0.19648437201976776 - response_length_non_aborted/mean:894.2023315429688 - response_length_non_aborted/max:2048.0 - response_length_non_aborted/min:117.0 - response_length_non_aborted/clip_ratio:0.19648437201976776 - response/aborted_ratio:0.0 - prompt_length/mean:276.041015625 - prompt_length/max:842.0 - prompt_length/min:190.0 - prompt_length/clip_ratio:0.0 - num_turns/min:2 - num_turns/max:2 - num_turns/mean:2.0 - timing_s/start_profile:0.0001883469521999359 - timing_s/agent_loop/generate_sequences/min:5.827427325770259 - timing_s/agent_loop/generate_sequences/max:48.534367854939774 - timing_s/agent_loop/generate_sequences/mean:24.855284020454746 - timing_s/agent_loop/tool_calls/min:0.0 - timing_s/agent_loop/tool_calls/max:0.0 - timing_s/agent_loop/tool_calls/mean:0.0 - timing_s/agent_loop/slowest/generate_sequences:48.534367854939774 - timing_s/agent_loop/slowest/tool_calls:0.0 - timing_s/agent_loop/slowest/prompt_length:205 - timing_s/agent_loop/slowest/response_length:2048 - timing_s/gen:66.23329140502028 - timing_s/reward:0.00013445713557302952 - timing_s/old_log_prob:62.85653898003511 - timing_s/ref:60.96544282394461 - timing_s/adv:0.04552264092490077 - timing_s/update_actor:189.48982951790094 - timing_s/step:379.859650002094 - timing_s/stop_profile:2.786889672279358e-05 - timing_per_token_ms/ref:0.02035014846469388 - timing_per_token_ms/gen:0.028933473095793423 - timing_per_token_ms/update_actor:0.06325134345984423 - timing_per_token_ms/adv:1.519537066271965e-05 - perf/total_num_tokens:2995823 - perf/time_per_step:379.859650002094 - perf/throughput:492.9161007202735
[36m(TaskRunner pid=245980)[0m step:22 - actor/entropy:0.3129948675632477 - perf/mfu/actor_infer:0 - actor/kl_loss:0.008778756756025055 - actor/kl_coef:0.009999999999999998 - actor/pg_clipfrac:0.0009762616153036813 - actor/ppo_kl:1.3524446417356728e-05 - actor/pg_clipfrac_lower:4.5329272527144186e-07 - actor/pg_loss:0.06518423857633024 - actor/grad_norm:0.11301255652701848 - perf/mfu/actor:0.0 - perf/max_memory_allocated_gb:80.6994686126709 - perf/max_memory_reserved_gb:83.306640625 - perf/cpu_memory_used_gb:347.4437961578369 - actor/lr:1e-06 - training/global_step:22 - training/epoch:5 - critic/score/mean:0.5020312666893005 - critic/score/max:0.8999999761581421 - critic/score/min:0.0 - critic/rewards/mean:0.5020312666893005 - critic/rewards/max:0.8999999761581421 - critic/rewards/min:0.0 - critic/advantages/mean:-0.0657467320561409 - critic/advantages/max:1.7888498306274414 - critic/advantages/min:-1.7888498306274414 - critic/returns/mean:-0.0657467320561409 - critic/returns/max:1.7888498306274414 - critic/returns/min:-1.7888498306274414 - response_length/mean:866.3421630859375 - response_length/max:2048.0 - response_length/min:68.0 - response_length/clip_ratio:0.18359375 - response_length_non_aborted/mean:866.3421630859375 - response_length_non_aborted/max:2048.0 - response_length_non_aborted/min:68.0 - response_length_non_aborted/clip_ratio:0.18359375 - response/aborted_ratio:0.0 - prompt_length/mean:282.751953125 - prompt_length/max:669.0 - prompt_length/min:190.0 - prompt_length/clip_ratio:0.0 - num_turns/min:2 - num_turns/max:2 - num_turns/mean:2.0 - timing_s/start_profile:7.583899423480034e-05 - timing_s/agent_loop/generate_sequences/min:6.328612055629492 - timing_s/agent_loop/generate_sequences/max:47.551200846908614 - timing_s/agent_loop/generate_sequences/mean:24.21292909009162 - timing_s/agent_loop/tool_calls/min:0.0 - timing_s/agent_loop/tool_calls/max:0.0 - timing_s/agent_loop/tool_calls/mean:0.0 - timing_s/agent_loop/slowest/generate_sequences:47.551200846908614 - timing_s/agent_loop/slowest/tool_calls:0.0 - timing_s/agent_loop/slowest/prompt_length:324 - timing_s/agent_loop/slowest/response_length:2048 - timing_s/gen:62.84875159803778 - timing_s/reward:0.00011238805018365383 - timing_s/old_log_prob:60.487434417940676 - timing_s/ref:59.24823719006963 - timing_s/adv:0.03688341588713229 - timing_s/update_actor:186.15935528301634 - timing_s/step:369.048399514053 - timing_s/stop_profile:2.7938978746533394e-05 - timing_per_token_ms/ref:0.02014094566680399 - timing_per_token_ms/gen:0.02833787150990325 - timing_per_token_ms/update_actor:0.0632833251746251 - timing_per_token_ms/adv:1.2538210596979172e-05 - perf/total_num_tokens:2941681 - perf/time_per_step:369.048399514053 - perf/throughput:498.18685771864176
[36m(TaskRunner pid=245980)[0m step:23 - actor/entropy:0.3065232038497925 - perf/mfu/actor_infer:0 - actor/kl_loss:0.009290657697103756 - actor/kl_coef:0.009999999999999998 - actor/pg_clipfrac:0.001065079975571438 - actor/ppo_kl:7.1622800196960075e-06 - actor/pg_clipfrac_lower:0.0 - actor/pg_loss:0.08233940262558147 - actor/grad_norm:0.17323433218738749 - perf/mfu/actor:0.0 - perf/max_memory_allocated_gb:80.7643871307373 - perf/max_memory_reserved_gb:83.416015625 - perf/cpu_memory_used_gb:351.4512634277344 - actor/lr:1e-06 - training/global_step:23 - training/epoch:5 - critic/score/mean:0.5020312070846558 - critic/score/max:0.8999999761581421 - critic/score/min:0.0 - critic/rewards/mean:0.5020312070846558 - critic/rewards/max:0.8999999761581421 - critic/rewards/min:0.0 - critic/advantages/mean:-0.08342351019382477 - critic/advantages/max:1.7888498306274414 - critic/advantages/min:-1.7888498306274414 - critic/returns/mean:-0.08342351019382477 - critic/returns/max:1.7888498306274414 - critic/returns/min:-1.7888498306274414 - response_length/mean:885.7726440429688 - response_length/max:2048.0 - response_length/min:51.0 - response_length/clip_ratio:0.19453124701976776 - response_length_non_aborted/mean:885.7726440429688 - response_length_non_aborted/max:2048.0 - response_length_non_aborted/min:51.0 - response_length_non_aborted/clip_ratio:0.19453124701976776 - response/aborted_ratio:0.0 - prompt_length/mean:280.0625 - prompt_length/max:842.0 - prompt_length/min:189.0 - prompt_length/clip_ratio:0.0 - num_turns/min:2 - num_turns/max:2 - num_turns/mean:2.0 - timing_s/start_profile:7.402920164167881e-05 - timing_s/agent_loop/generate_sequences/min:3.965384823968634 - timing_s/agent_loop/generate_sequences/max:51.56798831000924 - timing_s/agent_loop/generate_sequences/mean:24.53573489707287 - timing_s/agent_loop/tool_calls/min:0.0 - timing_s/agent_loop/tool_calls/max:0.0 - timing_s/agent_loop/tool_calls/mean:0.0 - timing_s/agent_loop/slowest/generate_sequences:51.56798831000924 - timing_s/agent_loop/slowest/tool_calls:0.0 - timing_s/agent_loop/slowest/prompt_length:204 - timing_s/agent_loop/slowest/response_length:2048 - timing_s/gen:67.43256594915874 - timing_s/reward:0.0001277979463338852 - timing_s/old_log_prob:61.99214072711766 - timing_s/ref:59.22214064793661 - timing_s/adv:0.042919271159917116 - timing_s/update_actor:194.4731633020565 - timing_s/step:383.44980925205164 - timing_s/stop_profile:2.8409995138645172e-05 - timing_per_token_ms/ref:0.01984298429034464 - timing_per_token_ms/gen:0.029737705141414647 - timing_per_token_ms/update_actor:0.06516022355957823 - timing_per_token_ms/adv:1.4380541028432915e-05 - perf/total_num_tokens:2984538 - perf/time_per_step:383.44980925205164 - perf/throughput:486.4616450425368[36m(TaskRunner pid=245980)[0m 
Training Progress:  19%|█▉        | 23/120 [2:44:10<11:42:25, 434.49s/it]
[36m(TaskRunner pid=245980)[0m 
Training Progress:  20%|██        | 24/120 [2:50:20<11:04:12, 415.13s/it]
[36m(TaskRunner pid=245980)[0m 
Training Progress:  21%|██        | 25/120 [2:57:21<11:00:28, 417.14s/it]

[36m(TaskRunner pid=245980)[0m step:24 - actor/entropy:0.30608195066452026 - perf/mfu/actor_infer:0 - actor/kl_loss:0.010080130739409603 - actor/kl_coef:0.009999999999999998 - actor/pg_clipfrac:0.000886993756415741 - actor/ppo_kl:2.4211455192772936e-06 - actor/pg_clipfrac_lower:4.591351212133141e-07 - actor/pg_loss:0.06263377894078423 - actor/grad_norm:0.09803802782426663 - perf/mfu/actor:0.0 - perf/max_memory_allocated_gb:80.96372985839844 - perf/max_memory_reserved_gb:83.568359375 - perf/cpu_memory_used_gb:351.8928813934326 - actor/lr:1e-06 - training/global_step:24 - training/epoch:5 - critic/score/mean:0.4848046898841858 - critic/score/max:0.8999999761581421 - critic/score/min:0.0 - critic/rewards/mean:0.4848046898841858 - critic/rewards/max:0.8999999761581421 - critic/rewards/min:0.0 - critic/advantages/mean:-0.06315486133098602 - critic/advantages/max:1.7888498306274414 - critic/advantages/min:-1.7888498306274414 - critic/returns/mean:-0.06315486133098602 - critic/returns/max:1.7888498306274414 - critic/returns/min:-1.7888498306274414 - response_length/mean:851.5285034179688 - response_length/max:2048.0 - response_length/min:67.0 - response_length/clip_ratio:0.171875 - response_length_non_aborted/mean:851.5285034179688 - response_length_non_aborted/max:2048.0 - response_length_non_aborted/min:67.0 - response_length_non_aborted/clip_ratio:0.171875 - response/aborted_ratio:0.0 - prompt_length/mean:284.017578125 - prompt_length/max:842.0 - prompt_length/min:190.0 - prompt_length/clip_ratio:0.0 - num_turns/min:2 - num_turns/max:2 - num_turns/mean:2.0 - timing_s/start_profile:7.502781227231026e-05 - timing_s/agent_loop/generate_sequences/min:5.91482806392014 - timing_s/agent_loop/generate_sequences/max:49.58844866044819 - timing_s/agent_loop/generate_sequences/mean:23.88113257413279 - timing_s/agent_loop/tool_calls/min:0.0 - timing_s/agent_loop/tool_calls/max:0.0 - timing_s/agent_loop/tool_calls/mean:0.0 - timing_s/agent_loop/slowest/generate_sequences:49.58844866044819 - timing_s/agent_loop/slowest/tool_calls:0.0 - timing_s/agent_loop/slowest/prompt_length:207 - timing_s/agent_loop/slowest/response_length:2048 - timing_s/gen:65.0238334890455 - timing_s/reward:0.0001052978914231062 - timing_s/old_log_prob:59.25141863990575 - timing_s/ref:57.21163148083724 - timing_s/adv:0.0550184678286314 - timing_s/update_actor:187.6869796339888 - timing_s/step:369.49998243292794 - timing_s/stop_profile:2.932013012468815e-05 - timing_per_token_ms/ref:0.019680657324441655 - timing_per_token_ms/gen:0.02982863696351437 - timing_per_token_ms/update_actor:0.06456384890322897 - timing_per_token_ms/adv:1.8926214544568453e-05 - perf/total_num_tokens:2906998 - perf/time_per_step:369.49998243292794 - perf/throughput:491.7114577481207
[36m(TaskRunner pid=245980)[0m test_gen_batch meta info: {'eos_token_id': 151645, 'pad_token_id': 151643, 'recompute_log_prob': False, 'do_sample': False, 'validate': True, 'global_steps': 25}
[36m(TaskRunner pid=245980)[0m validation generation end
[36m(TaskRunner pid=245980)[0m step:25 - actor/entropy:0.3033769726753235 - perf/mfu/actor_infer:0 - actor/kl_loss:0.010333520439665088 - actor/kl_coef:0.009999999999999998 - actor/pg_clipfrac:0.0009174326033975045 - actor/ppo_kl:1.1251391672330932e-05 - actor/pg_clipfrac_lower:0.0 - actor/pg_loss:0.0608160489173315 - actor/grad_norm:0.1104131994502603 - perf/mfu/actor:0.0 - perf/max_memory_allocated_gb:81.1360092163086 - perf/max_memory_reserved_gb:83.705078125 - perf/cpu_memory_used_gb:352.66357040405273 - actor/lr:1e-06 - val-aux/hiyouga/geometry3k/reward/mean@1:0.5151414173018317 - val-core/hiyouga/geometry3k/acc/mean@1:0.5151414309484194 - val-aux/num_turns/min:2 - val-aux/num_turns/max:2 - val-aux/num_turns/mean:2.0 - training/global_step:25 - training/epoch:6 - critic/score/mean:0.5034374594688416 - critic/score/max:0.8999999761581421 - critic/score/min:0.0 - critic/rewards/mean:0.5034374594688416 - critic/rewards/max:0.8999999761581421 - critic/rewards/min:0.0 - critic/advantages/mean:-0.06152057647705078 - critic/advantages/max:1.7888498306274414 - critic/advantages/min:-1.7888498306274414 - critic/returns/mean:-0.06152057647705078 - critic/returns/max:1.7888498306274414 - critic/returns/min:-1.7888498306274414 - response_length/mean:849.6668090820312 - response_length/max:2048.0 - response_length/min:54.0 - response_length/clip_ratio:0.17304687201976776 - response_length_non_aborted/mean:849.6668090820312 - response_length_non_aborted/max:2048.0 - response_length_non_aborted/min:54.0 - response_length_non_aborted/clip_ratio:0.17304687201976776 - response/aborted_ratio:0.0 - prompt_length/mean:272.955078125 - prompt_length/max:842.0 - prompt_length/min:189.0 - prompt_length/clip_ratio:0.0 - num_turns/min:2 - num_turns/max:2 - num_turns/mean:2.0 - timing_s/start_profile:0.00019386690109968185 - timing_s/agent_loop/generate_sequences/min:4.252682873979211 - timing_s/agent_loop/generate_sequences/max:49.23899865709245 - timing_s/agent_loop/generate_sequences/mean:23.108786077957483 - timing_s/agent_loop/tool_calls/min:0.0 - timing_s/agent_loop/tool_calls/max:0.0 - timing_s/agent_loop/tool_calls/mean:0.0 - timing_s/agent_loop/slowest/generate_sequences:49.23899865709245 - timing_s/agent_loop/slowest/tool_calls:0.0 - timing_s/agent_loop/slowest/prompt_length:368 - timing_s/agent_loop/slowest/response_length:2048 - timing_s/gen:67.06240091100335 - timing_s/reward:0.0001398769672960043 - timing_s/old_log_prob:60.178555282065645 - timing_s/ref:57.53480458515696 - timing_s/adv:0.038795938016846776 - timing_s/update_actor:183.18236811901443 - timing_s/step:368.27115150610916 - timing_s/testing:44.274349216138944 - timing_s/stop_profile:3.48798930644989e-05 - timing_per_token_ms/ref:0.020019682086701667 - timing_per_token_ms/gen:0.030831204011040794 - timing_per_token_ms/update_actor:0.06373972763223593 - timing_per_token_ms/adv:1.3499347933007962e-05 - perf/total_num_tokens:2873912 - perf/time_per_step:368.27115150610916 - perf/throughput:487.73709063393835
[36m(TaskRunner pid=245980)[0m step:26 - actor/entropy:0.31214389204978943 - perf/mfu/actor_infer:0 - actor/kl_loss:0.010132147468656542 - actor/kl_coef:0.009999999999999998 - actor/pg_clipfrac:0.0008330861312588827 - actor/ppo_kl:3.403642660263388e-05 - actor/pg_clipfrac_lower:2.1869413866361063e-06 - actor/pg_loss:0.06499499551606394 - actor/grad_norm:0.10257989892752245 - perf/mfu/actor:0.0 - perf/max_memory_allocated_gb:81.320068359375 - perf/max_memory_reserved_gb:83.78515625 - perf/cpu_memory_used_gb:368.8183078765869 - actor/lr:1e-06 - training/global_step:26 - training/epoch:6 - critic/score/mean:0.4872656464576721 - critic/score/max:0.8999999761581421 - critic/score/min:0.0 - critic/rewards/mean:0.4872656464576721 - critic/rewards/max:0.8999999761581421 - critic/rewards/min:0.0 - critic/advantages/mean:-0.0655275508761406 - critic/advantages/max:1.7888498306274414 - critic/advantages/min:-1.7888498306274414 - critic/returns/mean:-0.0655275508761406 - critic/returns/max:1.7888498306274414 - critic/returns/min:-1.7888498306274414 - response_length/mean:904.0245971679688 - response_length/max:2048.0 - response_length/min:43.0 - response_length/clip_ratio:0.18828125298023224 - response_length_non_aborted/mean:904.0245971679688 - response_length_non_aborted/max:2048.0 - response_length_non_aborted/min:43.0 - response_length_non_aborted/clip_ratio:0.18828125298023224 - response/aborted_ratio:0.0 - prompt_length/mean:282.98828125 - prompt_length/max:600.0 - prompt_length/min:189.0 - prompt_length/clip_ratio:0.0 - num_turns/min:2 - num_turns/max:2 - num_turns/mean:2.0 - timing_s/start_profile:8.268794044852257e-05 - timing_s/agent_loop/generate_sequences/min:4.743994700955227 - timing_s/agent_loop/generate_sequences/max:50.884266518987715 - timing_s/agent_loop/generate_sequences/mean:25.51321441475102 - timing_s/agent_loop/tool_calls/min:0.0 - timing_s/agent_loop/tool_calls/max:0.0 - timing_s/agent_loop/tool_calls/mean:0.0 - timing_s/agent_loop/slowest/generate_sequences:50.884266518987715 - timing_s/agent_loop/slowest/tool_calls:0.0 - timing_s/agent_loop/slowest/prompt_length:229 - timing_s/agent_loop/slowest/response_length:2048 - timing_s/gen:66.97887991694734 - timing_s/reward:0.00012888689525425434 - timing_s/old_log_prob:63.65461522503756 - timing_s/ref:61.44831347302534 - timing_s/adv:0.047455424908548594 - timing_s/update_actor:193.6920026759617 - timing_s/step:386.0993160319049 - timing_s/stop_profile:3.1359028071165085e-05 - timing_per_token_ms/ref:0.020221555839854487 - timing_per_token_ms/gen:0.0289412751558233 - timing_per_token_ms/update_actor:0.06374062079937451 - timing_per_token_ms/adv:1.561674308788789e-05 - perf/total_num_tokens:3038753 - perf/time_per_step:386.0993160319049 - perf/throughput:491.89950516334505[36m(TaskRunner pid=245980)[0m 
Training Progress:  22%|██▏       | 26/120 [3:03:49<10:39:32, 408.22s/it]
[36m(TaskRunner pid=245980)[0m 
Training Progress:  22%|██▎       | 27/120 [3:09:54<10:12:45, 395.33s/it]
[36m(TaskRunner pid=245980)[0m 
Training Progress:  23%|██▎       | 28/120 [3:15:55<9:50:19, 384.99s/it] 

[36m(TaskRunner pid=245980)[0m step:27 - actor/entropy:0.302095890045166 - perf/mfu/actor_infer:0 - actor/kl_loss:0.010691448048667306 - actor/kl_coef:0.009999999999999998 - actor/pg_clipfrac:0.0010487814916731704 - actor/ppo_kl:1.382336751420965e-05 - actor/pg_clipfrac_lower:4.820819661042399e-07 - actor/pg_loss:0.08600687875481196 - actor/grad_norm:0.1081433929266506 - perf/mfu/actor:0.0 - perf/max_memory_allocated_gb:81.3717269897461 - perf/max_memory_reserved_gb:83.9140625 - perf/cpu_memory_used_gb:357.7568645477295 - actor/lr:1e-06 - training/global_step:27 - training/epoch:6 - critic/score/mean:0.5153906345367432 - critic/score/max:0.8999999761581421 - critic/score/min:0.0 - critic/rewards/mean:0.5153906345367432 - critic/rewards/max:0.8999999761581421 - critic/rewards/min:0.0 - critic/advantages/mean:-0.08675055205821991 - critic/advantages/max:1.7888498306274414 - critic/advantages/min:-1.7888498306274414 - critic/returns/mean:-0.08675055205821991 - critic/returns/max:1.7888498306274414 - critic/returns/min:-1.7888498306274414 - response_length/mean:838.1437377929688 - response_length/max:2048.0 - response_length/min:93.0 - response_length/clip_ratio:0.16484375298023224 - response_length_non_aborted/mean:838.1437377929688 - response_length_non_aborted/max:2048.0 - response_length_non_aborted/min:93.0 - response_length_non_aborted/clip_ratio:0.16484375298023224 - response/aborted_ratio:0.0 - prompt_length/mean:282.287109375 - prompt_length/max:842.0 - prompt_length/min:190.0 - prompt_length/clip_ratio:0.0 - num_turns/min:2 - num_turns/max:2 - num_turns/mean:2.0 - timing_s/start_profile:5.254894495010376e-05 - timing_s/agent_loop/generate_sequences/min:5.4578334130346775 - timing_s/agent_loop/generate_sequences/max:48.117378648836166 - timing_s/agent_loop/generate_sequences/mean:23.426463060961034 - timing_s/agent_loop/tool_calls/min:0.0 - timing_s/agent_loop/tool_calls/max:0.0 - timing_s/agent_loop/tool_calls/mean:0.0 - timing_s/agent_loop/slowest/generate_sequences:48.117378648836166 - timing_s/agent_loop/slowest/tool_calls:0.0 - timing_s/agent_loop/slowest/prompt_length:194 - timing_s/agent_loop/slowest/response_length:2048 - timing_s/gen:62.729726476129144 - timing_s/reward:0.00012096809223294258 - timing_s/old_log_prob:60.07000601501204 - timing_s/ref:56.916753557976335 - timing_s/adv:0.044638489140197635 - timing_s/update_actor:185.025692518102 - timing_s/step:365.0608655870892 - timing_s/stop_profile:2.958020195364952e-05 - timing_per_token_ms/ref:0.01984335461001726 - timing_per_token_ms/gen:0.029235795655265517 - timing_per_token_ms/update_actor:0.06450702471743815 - timing_per_token_ms/adv:1.5562682582766755e-05 - perf/total_num_tokens:2868303 - perf/time_per_step:365.0608655870892 - perf/throughput:491.06588626447405
[36m(TaskRunner pid=245980)[0m step:28 - actor/entropy:0.3003576993942261 - perf/mfu/actor_infer:0 - actor/kl_loss:0.011113721889519501 - actor/kl_coef:0.009999999999999998 - actor/pg_clipfrac:0.001007557022603578 - actor/ppo_kl:5.1476007689412326e-05 - actor/pg_clipfrac_lower:4.688672349804493e-07 - actor/pg_loss:0.08211548908950009 - actor/grad_norm:0.11949982237264889 - perf/mfu/actor:0.0 - perf/max_memory_allocated_gb:81.48834323883057 - perf/max_memory_reserved_gb:84.16796875 - perf/cpu_memory_used_gb:368.33688735961914 - actor/lr:1e-06 - training/global_step:28 - training/epoch:6 - critic/score/mean:0.5245312452316284 - critic/score/max:0.8999999761581421 - critic/score/min:0.0 - critic/rewards/mean:0.5245312452316284 - critic/rewards/max:0.8999999761581421 - critic/rewards/min:0.0 - critic/advantages/mean:-0.0820389986038208 - critic/advantages/max:1.7888498306274414 - critic/advantages/min:-1.7888498306274414 - critic/returns/mean:-0.0820389986038208 - critic/returns/max:1.7888498306274414 - critic/returns/min:-1.7888498306274414 - response_length/mean:815.4249877929688 - response_length/max:2048.0 - response_length/min:84.0 - response_length/clip_ratio:0.14296874403953552 - response_length_non_aborted/mean:815.4249877929688 - response_length_non_aborted/max:2048.0 - response_length_non_aborted/min:84.0 - response_length_non_aborted/clip_ratio:0.14296874403953552 - response/aborted_ratio:0.0 - prompt_length/mean:282.416015625 - prompt_length/max:669.0 - prompt_length/min:190.0 - prompt_length/clip_ratio:0.0 - num_turns/min:2 - num_turns/max:2 - num_turns/mean:2.0 - timing_s/start_profile:3.4428900107741356e-05 - timing_s/agent_loop/generate_sequences/min:5.889930489938706 - timing_s/agent_loop/generate_sequences/max:47.932069800794125 - timing_s/agent_loop/generate_sequences/mean:23.093654529368543 - timing_s/agent_loop/tool_calls/min:0.0 - timing_s/agent_loop/tool_calls/max:0.0 - timing_s/agent_loop/tool_calls/mean:0.0 - timing_s/agent_loop/slowest/generate_sequences:47.932069800794125 - timing_s/agent_loop/slowest/tool_calls:0.0 - timing_s/agent_loop/slowest/prompt_length:249 - timing_s/agent_loop/slowest/response_length:2048 - timing_s/gen:63.690292292041704 - timing_s/reward:0.00011006812565028667 - timing_s/old_log_prob:59.21263049193658 - timing_s/ref:57.582324360031635 - timing_s/adv:0.03821529098786414 - timing_s/update_actor:179.8691569790244 - timing_s/step:360.66976240603253 - timing_s/stop_profile:3.054901026189327e-05 - timing_per_token_ms/ref:0.0204884816043533 - timing_per_token_ms/gen:0.030510495050530446 - timing_per_token_ms/update_actor:0.0639996032621642 - timing_per_token_ms/adv:1.3597458857588789e-05 - perf/total_num_tokens:2810473 - perf/time_per_step:360.66976240603253 - perf/throughput:487.02325730941845
[36m(TaskRunner pid=245980)[0m step:29 - actor/entropy:0.302076518535614 - perf/mfu/actor_infer:0 - actor/kl_loss:0.010894557615922002 - actor/kl_coef:0.009999999999999998 - actor/pg_clipfrac:0.0010337034310313438 - actor/ppo_kl:-1.6345349184942005e-05 - actor/pg_clipfrac_lower:4.5331245763174427e-07 - actor/pg_loss:0.07879903733092677 - actor/grad_norm:0.11202617653166787 - perf/mfu/actor:0.0 - perf/max_memory_allocated_gb:81.58875179290771 - perf/max_memory_reserved_gb:84.16796875 - perf/cpu_memory_used_gb:359.8009605407715 - actor/lr:1e-06 - training/global_step:29 - training/epoch:7 - critic/score/mean:0.5006250143051147 - critic/score/max:0.8999999761581421 - critic/score/min:0.0 - critic/rewards/mean:0.5006250143051147 - critic/rewards/max:0.8999999761581421 - critic/rewards/min:0.0 - critic/advantages/mean:-0.07952464371919632 - critic/advantages/max:1.7888498306274414 - critic/advantages/min:-1.7888498306274414 - critic/returns/mean:-0.07952464371919632 - critic/returns/max:1.7888498306274414 - critic/returns/min:-1.7888498306274414 - response_length/mean:836.8308715820312 - response_length/max:2048.0 - response_length/min:43.0 - response_length/clip_ratio:0.15937499701976776 - response_length_non_aborted/mean:836.8308715820312 - response_length_non_aborted/max:2048.0 - response_length_non_aborted/min:43.0 - response_length_non_aborted/clip_ratio:0.15937499701976776 - response/aborted_ratio:0.0 - prompt_length/mean:279.685546875 - prompt_length/max:842.0 - prompt_length/min:189.0 - prompt_length/clip_ratio:0.0 - num_turns/min:2 - num_turns/max:2 - num_turns/mean:2.0 - timing_s/start_profile:0.0002046460285782814 - timing_s/agent_loop/generate_sequences/min:4.821116179227829 - timing_s/agent_loop/generate_sequences/max:45.63200497627258 - timing_s/agent_loop/generate_sequences/mean:23.237639773935733 - timing_s/agent_loop/tool_calls/min:0.0 - timing_s/agent_loop/tool_calls/max:0.0 - timing_s/agent_loop/tool_calls/mean:0.0 - timing_s/agent_loop/slowest/generate_sequences:45.63200497627258 - timing_s/agent_loop/slowest/tool_calls:0.0 - timing_s/agent_loop/slowest/prompt_length:294 - timing_s/agent_loop/slowest/response_length:2048 - timing_s/gen:63.22479519317858 - timing_s/reward:0.00015832693316042423 - timing_s/old_log_prob:60.58045961195603 - timing_s/ref:57.01310142898001 - timing_s/adv:0.14510319102555513 - timing_s/update_actor:182.01127419807017 - timing_s/step:363.2647500401363 - timing_s/stop_profile:2.868007868528366e-05 - timing_per_token_ms/ref:0.01994663277765455 - timing_per_token_ms/gen:0.02951275678430508 - timing_per_token_ms/update_actor:0.06367855732851768 - timing_per_token_ms/adv:5.076587650398216e-05 - perf/total_num_tokens:2858282 - perf/time_per_step:363.2647500401363 - perf/throughput:491.7697766718686[36m(TaskRunner pid=245980)[0m 
Training Progress:  24%|██▍       | 29/120 [3:22:07<9:37:59, 381.09s/it]
[36m(TaskRunner pid=245980)[0m 
Training Progress:  25%|██▌       | 30/120 [3:29:04<9:47:58, 391.98s/it]
[36m(TaskRunner pid=245980)[0m 
Training Progress:  26%|██▌       | 31/120 [3:35:26<9:36:51, 388.89s/it]

[36m(TaskRunner pid=245980)[0m test_gen_batch meta info: {'eos_token_id': 151645, 'pad_token_id': 151643, 'recompute_log_prob': False, 'do_sample': False, 'validate': True, 'global_steps': 30}
[36m(TaskRunner pid=245980)[0m validation generation end
[36m(TaskRunner pid=245980)[0m step:30 - actor/entropy:0.3176818788051605 - perf/mfu/actor_infer:0 - actor/kl_loss:0.010778853630957505 - actor/kl_coef:0.009999999999999998 - actor/pg_clipfrac:0.0009990470923690333 - actor/ppo_kl:5.918973646619937e-05 - actor/pg_clipfrac_lower:0.0 - actor/pg_loss:0.0736706313483915 - actor/grad_norm:0.10739873058655042 - perf/mfu/actor:0.0 - perf/max_memory_allocated_gb:81.76253318786621 - perf/max_memory_reserved_gb:84.318359375 - perf/cpu_memory_used_gb:362.68871307373047 - actor/lr:1e-06 - val-aux/hiyouga/geometry3k/reward/mean@1:0.5181364255419587 - val-core/hiyouga/geometry3k/acc/mean@1:0.5181364392678868 - val-aux/num_turns/min:2 - val-aux/num_turns/max:2 - val-aux/num_turns/mean:2.0 - training/global_step:30 - training/epoch:7 - critic/score/mean:0.5020312666893005 - critic/score/max:0.8999999761581421 - critic/score/min:0.0 - critic/rewards/mean:0.5020312666893005 - critic/rewards/max:0.8999999761581421 - critic/rewards/min:0.0 - critic/advantages/mean:-0.07426241040229797 - critic/advantages/max:1.7888498306274414 - critic/advantages/min:-1.7888498306274414 - critic/returns/mean:-0.07426241040229797 - critic/returns/max:1.7888498306274414 - critic/returns/min:-1.7888498306274414 - response_length/mean:870.1038818359375 - response_length/max:2048.0 - response_length/min:61.0 - response_length/clip_ratio:0.18125000596046448 - response_length_non_aborted/mean:870.1038818359375 - response_length_non_aborted/max:2048.0 - response_length_non_aborted/min:61.0 - response_length_non_aborted/clip_ratio:0.18125000596046448 - response/aborted_ratio:0.0 - prompt_length/mean:280.892578125 - prompt_length/max:842.0 - prompt_length/min:190.0 - prompt_length/clip_ratio:0.0 - num_turns/min:2 - num_turns/max:2 - num_turns/mean:2.0 - timing_s/start_profile:7.5917923822999e-05 - timing_s/agent_loop/generate_sequences/min:4.104807555675507 - timing_s/agent_loop/generate_sequences/max:48.6137830640655 - timing_s/agent_loop/generate_sequences/mean:24.097768361276756 - timing_s/agent_loop/tool_calls/min:0.0 - timing_s/agent_loop/tool_calls/max:0.0 - timing_s/agent_loop/tool_calls/mean:0.0 - timing_s/agent_loop/slowest/generate_sequences:48.6137830640655 - timing_s/agent_loop/slowest/tool_calls:0.0 - timing_s/agent_loop/slowest/prompt_length:367 - timing_s/agent_loop/slowest/response_length:2048 - timing_s/gen:64.14944564690813 - timing_s/reward:0.00011376803740859032 - timing_s/old_log_prob:60.3710653281305 - timing_s/ref:59.18412456102669 - timing_s/adv:0.047570074908435345 - timing_s/update_actor:187.49008186603896 - timing_s/step:371.51758740702644 - timing_s/testing:44.40300293290056 - timing_s/stop_profile:3.625894896686077e-05 - timing_per_token_ms/ref:0.020085898584829075 - timing_per_token_ms/gen:0.028799292849771056 - timing_per_token_ms/update_actor:0.06363035354420778 - timing_per_token_ms/adv:1.614432429930293e-05 - perf/total_num_tokens:2946551 - perf/time_per_step:371.51758740702644 - perf/throughput:495.6950727025448
[36m(TaskRunner pid=245980)[0m step:31 - actor/entropy:0.3011957108974457 - perf/mfu/actor_infer:0 - actor/kl_loss:0.011324179402759506 - actor/kl_coef:0.009999999999999998 - actor/pg_clipfrac:0.001070383873189308 - actor/ppo_kl:2.8766307218417195e-05 - actor/pg_clipfrac_lower:9.048112891226386e-07 - actor/pg_loss:0.07401168326743775 - actor/grad_norm:0.1068874195125955 - perf/mfu/actor:0.0 - perf/max_memory_allocated_gb:81.9593391418457 - perf/max_memory_reserved_gb:84.619140625 - perf/cpu_memory_used_gb:364.27575874328613 - actor/lr:1e-06 - training/global_step:31 - training/epoch:7 - critic/score/mean:0.5238281488418579 - critic/score/max:0.8999999761581421 - critic/score/min:0.0 - critic/rewards/mean:0.5238281488418579 - critic/rewards/max:0.8999999761581421 - critic/rewards/min:0.0 - critic/advantages/mean:-0.07525448501110077 - critic/advantages/max:1.7888498306274414 - critic/advantages/min:-1.7888498306274414 - critic/returns/mean:-0.07525448501110077 - critic/returns/max:1.7888498306274414 - critic/returns/min:-1.7888498306274414 - response_length/mean:862.4636840820312 - response_length/max:2048.0 - response_length/min:98.0 - response_length/clip_ratio:0.177734375 - response_length_non_aborted/mean:862.4636840820312 - response_length_non_aborted/max:2048.0 - response_length_non_aborted/min:98.0 - response_length_non_aborted/clip_ratio:0.177734375 - response/aborted_ratio:0.0 - prompt_length/mean:286.55078125 - prompt_length/max:842.0 - prompt_length/min:190.0 - prompt_length/clip_ratio:0.0 - num_turns/min:2 - num_turns/max:2 - num_turns/mean:2.0 - timing_s/start_profile:8.375803008675575e-05 - timing_s/agent_loop/generate_sequences/min:6.496302546933293 - timing_s/agent_loop/generate_sequences/max:48.59280568920076 - timing_s/agent_loop/generate_sequences/mean:24.201129416299956 - timing_s/agent_loop/tool_calls/min:0.0 - timing_s/agent_loop/tool_calls/max:0.0 - timing_s/agent_loop/tool_calls/mean:0.0 - timing_s/agent_loop/slowest/generate_sequences:48.59280568920076 - timing_s/agent_loop/slowest/tool_calls:0.0 - timing_s/agent_loop/slowest/prompt_length:232 - timing_s/agent_loop/slowest/response_length:2048 - timing_s/gen:64.10255245305598 - timing_s/reward:0.00014158710837364197 - timing_s/old_log_prob:64.62686286401004 - timing_s/ref:60.64633474801667 - timing_s/adv:0.06553352205082774 - timing_s/update_actor:191.12685332400724 - timing_s/step:380.8470269520767 - timing_s/stop_profile:2.7860049158334732e-05 - timing_per_token_ms/ref:0.02061764710314467 - timing_per_token_ms/gen:0.029033175968487795 - timing_per_token_ms/update_actor:0.06497649083232922 - timing_per_token_ms/adv:2.2279121016695947e-05 - perf/total_num_tokens:2941477 - perf/time_per_step:380.8470269520767 - perf/throughput:482.71956846110163
[36m(TaskRunner pid=245980)[0m step:32 - actor/entropy:0.29454556107521057 - perf/mfu/actor_infer:0 - actor/kl_loss:0.01194676227698272 - actor/kl_coef:0.009999999999999998 - actor/pg_clipfrac:0.0010316636504615997 - actor/ppo_kl:2.4070195202987385e-05 - actor/pg_clipfrac_lower:9.333165590677791e-07 - actor/pg_loss:0.06528024829987605 - actor/grad_norm:0.17655692898927042 - perf/mfu/actor:0.0 - perf/max_memory_allocated_gb:82.03601360321045 - perf/max_memory_reserved_gb:84.681640625 - perf/cpu_memory_used_gb:364.8648738861084 - actor/lr:1e-06 - training/global_step:32 - training/epoch:7 - critic/score/mean:0.5030859112739563 - critic/score/max:0.8999999761581421 - critic/score/min:0.0 - critic/rewards/mean:0.5030859112739563 - critic/rewards/max:0.8999999761581421 - critic/rewards/min:0.0 - critic/advantages/mean:-0.06643079966306686 - critic/advantages/max:1.7888498306274414 - critic/advantages/min:-1.7888498306274414 - critic/returns/mean:-0.06643079966306686 - critic/returns/max:1.7888498306274414 - critic/returns/min:-1.7888498306274414 - response_length/mean:842.8097534179688 - response_length/max:2048.0 - response_length/min:78.0 - response_length/clip_ratio:0.15390625596046448 - response_length_non_aborted/mean:842.8097534179688 - response_length_non_aborted/max:2048.0 - response_length_non_aborted/min:78.0 - response_length_non_aborted/clip_ratio:0.15390625596046448 - response/aborted_ratio:0.0 - prompt_length/mean:275.14453125 - prompt_length/max:663.0 - prompt_length/min:189.0 - prompt_length/clip_ratio:0.0 - num_turns/min:2 - num_turns/max:2 - num_turns/mean:2.0 - timing_s/start_profile:7.271813228726387e-05 - timing_s/agent_loop/generate_sequences/min:4.483923852909356 - timing_s/agent_loop/generate_sequences/max:48.06799172051251 - timing_s/agent_loop/generate_sequences/mean:23.45039085947492 - timing_s/agent_loop/tool_calls/min:0.0 - timing_s/agent_loop/tool_calls/max:0.0 - timing_s/agent_loop/tool_calls/mean:0.0 - timing_s/agent_loop/slowest/generate_sequences:48.06799172051251 - timing_s/agent_loop/slowest/tool_calls:0.0 - timing_s/agent_loop/slowest/prompt_length:241 - timing_s/agent_loop/slowest/response_length:2048 - timing_s/gen:63.80685859709047 - timing_s/reward:0.00013189716264605522 - timing_s/old_log_prob:57.95009136199951 - timing_s/ref:56.171940417960286 - timing_s/adv:0.04818890313617885 - timing_s/update_actor:183.06768606812693 - timing_s/step:361.32918457197957 - timing_s/stop_profile:3.0179042369127274e-05 - timing_per_token_ms/ref:0.019627067302393598 - timing_per_token_ms/gen:0.029573167227132487 - timing_per_token_ms/update_actor:0.06396577666032961 - timing_per_token_ms/adv:1.68377100389414e-05 - perf/total_num_tokens:2861963 - perf/time_per_step:361.32918457197957 - perf/throughput:495.0407969726763[36m(TaskRunner pid=245980)[0m 
Training Progress:  27%|██▋       | 32/120 [3:41:28<9:18:35, 380.86s/it]
[36m(TaskRunner pid=245980)[0m 
Training Progress:  28%|██▊       | 33/120 [3:47:42<9:09:19, 378.85s/it]
[36m(TaskRunner pid=245980)[0m 
Training Progress:  28%|██▊       | 34/120 [3:53:46<8:56:26, 374.26s/it]

[36m(TaskRunner pid=245980)[0m step:33 - actor/entropy:0.2908712327480316 - perf/mfu/actor_infer:0 - actor/kl_loss:0.012477604554559308 - actor/kl_coef:0.009999999999999998 - actor/pg_clipfrac:0.0010485477576931488 - actor/ppo_kl:2.177008819173885e-05 - actor/pg_clipfrac_lower:0.0 - actor/pg_loss:0.07539212062216268 - actor/grad_norm:0.11062070947906211 - perf/mfu/actor:0.0 - perf/max_memory_allocated_gb:82.1142988204956 - perf/max_memory_reserved_gb:84.80078125 - perf/cpu_memory_used_gb:366.3271141052246 - actor/lr:1e-06 - training/global_step:33 - training/epoch:8 - critic/score/mean:0.5245312452316284 - critic/score/max:0.8999999761581421 - critic/score/min:0.0 - critic/rewards/mean:0.5245312452316284 - critic/rewards/max:0.8999999761581421 - critic/rewards/min:0.0 - critic/advantages/mean:-0.07540885359048843 - critic/advantages/max:1.7888498306274414 - critic/advantages/min:-1.7888498306274414 - critic/returns/mean:-0.07540885359048843 - critic/returns/max:1.7888498306274414 - critic/returns/min:-1.7888498306274414 - response_length/mean:833.4801025390625 - response_length/max:2048.0 - response_length/min:57.0 - response_length/clip_ratio:0.15078124403953552 - response_length_non_aborted/mean:833.4801025390625 - response_length_non_aborted/max:2048.0 - response_length_non_aborted/min:57.0 - response_length_non_aborted/clip_ratio:0.15078124403953552 - response/aborted_ratio:0.0 - prompt_length/mean:279.611328125 - prompt_length/max:842.0 - prompt_length/min:190.0 - prompt_length/clip_ratio:0.0 - num_turns/min:2 - num_turns/max:2 - num_turns/mean:2.0 - timing_s/start_profile:0.00017822603695094585 - timing_s/agent_loop/generate_sequences/min:4.2854175344109535 - timing_s/agent_loop/generate_sequences/max:46.425834169611335 - timing_s/agent_loop/generate_sequences/mean:23.376013720514766 - timing_s/agent_loop/tool_calls/min:0.0 - timing_s/agent_loop/tool_calls/max:0.0 - timing_s/agent_loop/tool_calls/mean:0.0 - timing_s/agent_loop/slowest/generate_sequences:46.425834169611335 - timing_s/agent_loop/slowest/tool_calls:0.0 - timing_s/agent_loop/slowest/prompt_length:207 - timing_s/agent_loop/slowest/response_length:2048 - timing_s/gen:63.47511374205351 - timing_s/reward:0.00018818583339452744 - timing_s/old_log_prob:59.56629457697272 - timing_s/ref:57.02761456603184 - timing_s/adv:0.055831207195296884 - timing_s/update_actor:184.40876557305455 - timing_s/step:364.8183151150588 - timing_s/stop_profile:2.729007974267006e-05 - timing_per_token_ms/ref:0.02001310208198024 - timing_per_token_ms/gen:0.029748721002748505 - timing_per_token_ms/update_actor:0.06471586578379841 - timing_per_token_ms/adv:1.9593238424270555e-05 - perf/total_num_tokens:2849514 - perf/time_per_step:364.8183151150588 - perf/throughput:488.1734760049844
[36m(TaskRunner pid=245980)[0m step:34 - actor/entropy:0.29794132709503174 - perf/mfu/actor_infer:0 - actor/kl_loss:0.012807264072100887 - actor/kl_coef:0.009999999999999998 - actor/pg_clipfrac:0.0010021373108512225 - actor/ppo_kl:-7.751701852046464e-06 - actor/pg_clipfrac_lower:4.588772423052102e-07 - actor/pg_loss:0.06846800514838171 - actor/grad_norm:0.10406328564039427 - perf/mfu/actor:0.0 - perf/max_memory_allocated_gb:82.21362018585205 - perf/max_memory_reserved_gb:84.80078125 - perf/cpu_memory_used_gb:367.3232879638672 - actor/lr:1e-06 - training/global_step:34 - training/epoch:8 - critic/score/mean:0.509765625 - critic/score/max:0.8999999761581421 - critic/score/min:0.0 - critic/rewards/mean:0.509765625 - critic/rewards/max:0.8999999761581421 - critic/rewards/min:0.0 - critic/advantages/mean:-0.06891310960054398 - critic/advantages/max:1.7888498306274414 - critic/advantages/min:-1.7888498306274414 - critic/returns/mean:-0.06891310960054398 - critic/returns/max:1.7888498306274414 - critic/returns/min:-1.7888498306274414 - response_length/mean:840.4000244140625 - response_length/max:2048.0 - response_length/min:55.0 - response_length/clip_ratio:0.15273436903953552 - response_length_non_aborted/mean:840.4000244140625 - response_length_non_aborted/max:2048.0 - response_length_non_aborted/min:55.0 - response_length_non_aborted/clip_ratio:0.15273436903953552 - response/aborted_ratio:0.0 - prompt_length/mean:275.400390625 - prompt_length/max:597.0 - prompt_length/min:189.0 - prompt_length/clip_ratio:0.0 - num_turns/min:2 - num_turns/max:2 - num_turns/mean:2.0 - timing_s/start_profile:5.749892443418503e-05 - timing_s/agent_loop/generate_sequences/min:3.9973764549940825 - timing_s/agent_loop/generate_sequences/max:47.51950089400634 - timing_s/agent_loop/generate_sequences/mean:23.499446534115123 - timing_s/agent_loop/tool_calls/min:0.0 - timing_s/agent_loop/tool_calls/max:0.0 - timing_s/agent_loop/tool_calls/mean:0.0 - timing_s/agent_loop/slowest/generate_sequences:47.51950089400634 - timing_s/agent_loop/slowest/tool_calls:0.0 - timing_s/agent_loop/slowest/prompt_length:205 - timing_s/agent_loop/slowest/response_length:2048 - timing_s/gen:62.523943742970005 - timing_s/reward:0.00012691784650087357 - timing_s/old_log_prob:58.05142731103115 - timing_s/ref:57.521303585032 - timing_s/adv:0.3651302878279239 - timing_s/update_actor:184.57073365687393 - timing_s/step:363.3248051290866 - timing_s/stop_profile:2.9269838705658913e-05 - timing_per_token_ms/ref:0.02013734660938529 - timing_per_token_ms/gen:0.02906165578843129 - timing_per_token_ms/update_actor:0.0646154486416085 - timing_per_token_ms/adv:0.0001278266434401328 - perf/total_num_tokens:2856449 - perf/time_per_step:363.3248051290866 - perf/throughput:491.3731734792242
[36m(TaskRunner pid=245980)[0m test_gen_batch meta info: {'eos_token_id': 151645, 'pad_token_id': 151643, 'recompute_log_prob': False, 'do_sample': False, 'validate': True, 'global_steps': 35}
[36m(TaskRunner pid=245980)[0m validation generation end
[36m(TaskRunner pid=245980)[0m step:35 - actor/entropy:0.30296754837036133 - perf/mfu/actor_infer:0 - actor/kl_loss:0.012896467165274362 - actor/kl_coef:0.009999999999999998 - actor/pg_clipfrac:0.00093251869015608 - actor/ppo_kl:4.254216464393901e-05 - actor/pg_clipfrac_lower:0.0 - actor/pg_loss:0.06684227618721447 - actor/grad_norm:0.09930067914995183 - perf/mfu/actor:0.0 - perf/max_memory_allocated_gb:82.41851043701172 - perf/max_memory_reserved_gb:85.197265625 - perf/cpu_memory_used_gb:367.3591499328613 - actor/lr:1e-06 - val-aux/hiyouga/geometry3k/reward/mean@1:0.5495840120632914 - val-core/hiyouga/geometry3k/acc/mean@1:0.5495840266222963 - val-aux/num_turns/min:2 - val-aux/num_turns/max:2 - val-aux/num_turns/mean:2.0 - training/global_step:35 - training/epoch:8 - critic/score/mean:0.4862109124660492 - critic/score/max:0.8999999761581421 - critic/score/min:0.0 - critic/rewards/mean:0.4862109124660492 - critic/rewards/max:0.8999999761581421 - critic/rewards/min:0.0 - critic/advantages/mean:-0.06698711216449738 - critic/advantages/max:1.7888498306274414 - critic/advantages/min:-1.7888498306274414 - critic/returns/mean:-0.06698711216449738 - critic/returns/max:1.7888498306274414 - critic/returns/min:-1.7888498306274414 - response_length/mean:880.2816162109375 - response_length/max:2048.0 - response_length/min:86.0 - response_length/clip_ratio:0.173828125 - response_length_non_aborted/mean:880.2816162109375 - response_length_non_aborted/max:2048.0 - response_length_non_aborted/min:86.0 - response_length_non_aborted/clip_ratio:0.173828125 - response/aborted_ratio:0.0 - prompt_length/mean:280.068359375 - prompt_length/max:600.0 - prompt_length/min:190.0 - prompt_length/clip_ratio:0.0 - num_turns/min:2 - num_turns/max:2 - num_turns/mean:2.0 - timing_s/start_profile:8.455803617835045e-05 - timing_s/agent_loop/generate_sequences/min:6.161869037896395 - timing_s/agent_loop/generate_sequences/max:48.15857792412862 - timing_s/agent_loop/generate_sequences/mean:24.660519327626663 - timing_s/agent_loop/tool_calls/min:0.0 - timing_s/agent_loop/tool_calls/max:0.0 - timing_s/agent_loop/tool_calls/mean:0.0 - timing_s/agent_loop/slowest/generate_sequences:48.15857792412862 - timing_s/agent_loop/slowest/tool_calls:0.0 - timing_s/agent_loop/slowest/prompt_length:365 - timing_s/agent_loop/slowest/response_length:2048 - timing_s/gen:63.84194754716009 - timing_s/reward:0.00010882783681154251 - timing_s/old_log_prob:63.1296359191183 - timing_s/ref:59.21354304300621 - timing_s/adv:0.03702942398376763 - timing_s/update_actor:191.2532616960816 - timing_s/step:377.7506189660635 - timing_s/testing:42.68692413507961 - timing_s/stop_profile:3.546895459294319e-05 - timing_per_token_ms/ref:0.01993389085291016 - timing_per_token_ms/gen:0.02832986581760724 - timing_per_token_ms/update_actor:0.06438428521569516 - timing_per_token_ms/adv:1.2465737702985504e-05 - perf/total_num_tokens:2970496 - perf/time_per_step:377.7506189660635 - perf/throughput:491.4776857498122[36m(TaskRunner pid=245980)[0m 
Training Progress:  29%|██▉       | 35/120 [4:00:47<9:10:00, 388.25s/it]
[36m(TaskRunner pid=245980)[0m 
Training Progress:  30%|███       | 36/120 [4:06:47<8:51:52, 379.92s/it]
[36m(TaskRunner pid=245980)[0m 
Training Progress:  31%|███       | 37/120 [4:12:54<8:40:12, 376.05s/it]

[36m(TaskRunner pid=245980)[0m step:36 - actor/entropy:0.28543025255203247 - perf/mfu/actor_infer:0 - actor/kl_loss:0.013656461752171433 - actor/kl_coef:0.009999999999999998 - actor/pg_clipfrac:0.0009638162713980459 - actor/ppo_kl:5.5113977598526076e-05 - actor/pg_clipfrac_lower:0.0 - actor/pg_loss:0.07388118592525432 - actor/grad_norm:0.10539984363556147 - perf/mfu/actor:0.0 - perf/max_memory_allocated_gb:82.6070327758789 - perf/max_memory_reserved_gb:85.2421875 - perf/cpu_memory_used_gb:368.24801445007324 - actor/lr:1e-06 - training/global_step:36 - training/epoch:8 - critic/score/mean:0.5421093702316284 - critic/score/max:0.8999999761581421 - critic/score/min:0.0 - critic/rewards/mean:0.5421093702316284 - critic/rewards/max:0.8999999761581421 - critic/rewards/min:0.0 - critic/advantages/mean:-0.07360748946666718 - critic/advantages/max:1.7888498306274414 - critic/advantages/min:-1.7888498306274414 - critic/returns/mean:-0.07360748946666718 - critic/returns/max:1.7888498306274414 - critic/returns/min:-1.7888498306274414 - response_length/mean:803.013671875 - response_length/max:2048.0 - response_length/min:54.0 - response_length/clip_ratio:0.14492186903953552 - response_length_non_aborted/mean:803.013671875 - response_length_non_aborted/max:2048.0 - response_length_non_aborted/min:54.0 - response_length_non_aborted/clip_ratio:0.14492186903953552 - response/aborted_ratio:0.0 - prompt_length/mean:286.384765625 - prompt_length/max:842.0 - prompt_length/min:189.0 - prompt_length/clip_ratio:0.0 - num_turns/min:2 - num_turns/max:2 - num_turns/mean:2.0 - timing_s/start_profile:7.970794104039669e-05 - timing_s/agent_loop/generate_sequences/min:5.586051208898425 - timing_s/agent_loop/generate_sequences/max:45.02857982739806 - timing_s/agent_loop/generate_sequences/mean:22.343989296975632 - timing_s/agent_loop/tool_calls/min:0.0 - timing_s/agent_loop/tool_calls/max:0.0 - timing_s/agent_loop/tool_calls/mean:0.0 - timing_s/agent_loop/slowest/generate_sequences:45.02857982739806 - timing_s/agent_loop/slowest/tool_calls:0.0 - timing_s/agent_loop/slowest/prompt_length:232 - timing_s/agent_loop/slowest/response_length:2048 - timing_s/gen:62.50445601111278 - timing_s/reward:0.00010544806718826294 - timing_s/old_log_prob:59.9602559148334 - timing_s/ref:58.208713048836216 - timing_s/adv:0.03788975812494755 - timing_s/update_actor:178.48148475703783 - timing_s/step:359.4628682851326 - timing_s/stop_profile:3.013014793395996e-05 - timing_per_token_ms/ref:0.02087186629979139 - timing_per_token_ms/gen:0.030405214736046963 - timing_per_token_ms/update_actor:0.06399800805957913 - timing_per_token_ms/adv:1.3586109781397255e-05 - perf/total_num_tokens:2788860 - perf/time_per_step:359.4628682851326 - perf/throughput:484.9005707642077
[36m(TaskRunner pid=245980)[0m step:37 - actor/entropy:0.2948598861694336 - perf/mfu/actor_infer:0 - actor/kl_loss:0.014136324272326686 - actor/kl_coef:0.009999999999999998 - actor/pg_clipfrac:0.0010027376374209245 - actor/ppo_kl:2.6666375505910707e-05 - actor/pg_clipfrac_lower:9.482727738727323e-07 - actor/pg_loss:0.057611950291046765 - actor/grad_norm:0.12404805271247615 - perf/mfu/actor:0.0 - perf/max_memory_allocated_gb:82.73570251464844 - perf/max_memory_reserved_gb:85.45703125 - perf/cpu_memory_used_gb:368.4383239746094 - actor/lr:1e-06 - training/global_step:37 - training/epoch:9 - critic/score/mean:0.5494921803474426 - critic/score/max:0.8999999761581421 - critic/score/min:0.0 - critic/rewards/mean:0.5494921803474426 - critic/rewards/max:0.8999999761581421 - critic/rewards/min:0.0 - critic/advantages/mean:-0.05834991857409477 - critic/advantages/max:1.7888498306274414 - critic/advantages/min:-1.7888498306274414 - critic/returns/mean:-0.05834991857409477 - critic/returns/max:1.7888498306274414 - critic/returns/min:-1.7888498306274414 - response_length/mean:807.7027587890625 - response_length/max:2048.0 - response_length/min:50.0 - response_length/clip_ratio:0.1484375 - response_length_non_aborted/mean:807.7027587890625 - response_length_non_aborted/max:2048.0 - response_length_non_aborted/min:50.0 - response_length_non_aborted/clip_ratio:0.1484375 - response/aborted_ratio:0.0 - prompt_length/mean:275.357421875 - prompt_length/max:842.0 - prompt_length/min:190.0 - prompt_length/clip_ratio:0.0 - num_turns/min:2 - num_turns/max:2 - num_turns/mean:2.0 - timing_s/start_profile:0.00019632605835795403 - timing_s/agent_loop/generate_sequences/min:3.7465313370339572 - timing_s/agent_loop/generate_sequences/max:46.17091381410137 - timing_s/agent_loop/generate_sequences/mean:22.239123929875497 - timing_s/agent_loop/tool_calls/min:0.0 - timing_s/agent_loop/tool_calls/max:0.0 - timing_s/agent_loop/tool_calls/mean:0.0 - timing_s/agent_loop/slowest/generate_sequences:46.17091381410137 - timing_s/agent_loop/slowest/tool_calls:0.0 - timing_s/agent_loop/slowest/prompt_length:321 - timing_s/agent_loop/slowest/response_length:2048 - timing_s/gen:62.93835748312995 - timing_s/reward:0.00014278688468039036 - timing_s/old_log_prob:59.47411108785309 - timing_s/ref:55.52877182816155 - timing_s/adv:0.04686034703627229 - timing_s/update_actor:180.22630278696306 - timing_s/step:358.49301093583927 - timing_s/stop_profile:3.0538998544216156e-05 - timing_per_token_ms/ref:0.020027443877612967 - timing_per_token_ms/gen:0.03043854483279882 - timing_per_token_ms/update_actor:0.06500183680462804 - timing_per_token_ms/adv:1.6901021568758186e-05 - perf/total_num_tokens:2772634 - perf/time_per_step:358.49301093583927 - perf/throughput:483.3835520185755
[36m(TaskRunner pid=245980)[0m step:38 - actor/entropy:0.2929532527923584 - perf/mfu/actor_infer:0 - actor/kl_loss:0.014382691321026703 - actor/kl_coef:0.009999999999999998 - actor/pg_clipfrac:0.00108961909146191 - actor/ppo_kl:2.537817532009192e-05 - actor/pg_clipfrac_lower:9.169187003201593e-07 - actor/pg_loss:0.06593482529867535 - actor/grad_norm:0.10913594531768393 - perf/mfu/actor:0.0 - perf/max_memory_allocated_gb:82.77161312103271 - perf/max_memory_reserved_gb:85.5 - perf/cpu_memory_used_gb:366.6707248687744 - actor/lr:1e-06 - training/global_step:38 - training/epoch:9 - critic/score/mean:0.5241796970367432 - critic/score/max:0.8999999761581421 - critic/score/min:0.0 - critic/rewards/mean:0.5241796970367432 - critic/rewards/max:0.8999999761581421 - critic/rewards/min:0.0 - critic/advantages/mean:-0.0663907453417778 - critic/advantages/max:1.7888498306274414 - critic/advantages/min:-1.7888498306274414 - critic/returns/mean:-0.0663907453417778 - critic/returns/max:1.7888498306274414 - critic/returns/min:-1.7888498306274414 - response_length/mean:829.29296875 - response_length/max:2048.0 - response_length/min:40.0 - response_length/clip_ratio:0.14179687201976776 - response_length_non_aborted/mean:829.29296875 - response_length_non_aborted/max:2048.0 - response_length_non_aborted/min:40.0 - response_length_non_aborted/clip_ratio:0.14179687201976776 - response/aborted_ratio:0.0 - prompt_length/mean:284.615234375 - prompt_length/max:842.0 - prompt_length/min:190.0 - prompt_length/clip_ratio:0.0 - num_turns/min:2 - num_turns/max:2 - num_turns/mean:2.0 - timing_s/start_profile:7.680896669626236e-05 - timing_s/agent_loop/generate_sequences/min:6.072965750936419 - timing_s/agent_loop/generate_sequences/max:49.20138122886419 - timing_s/agent_loop/generate_sequences/mean:23.94414879373562 - timing_s/agent_loop/tool_calls/min:0.0 - timing_s/agent_loop/tool_calls/max:0.0 - timing_s/agent_loop/tool_calls/mean:0.0 - timing_s/agent_loop/slowest/generate_sequences:49.20138122886419 - timing_s/agent_loop/slowest/tool_calls:0.0 - timing_s/agent_loop/slowest/prompt_length:272 - timing_s/agent_loop/slowest/response_length:2048 - timing_s/gen:65.13769082492217 - timing_s/reward:0.00011664698831737041 - timing_s/old_log_prob:59.777588721131906 - timing_s/ref:56.79137960309163 - timing_s/adv:0.04479421698488295 - timing_s/update_actor:181.0818591339048 - timing_s/step:363.1005869260989 - timing_s/stop_profile:2.8510112315416336e-05 - timing_per_token_ms/ref:0.01991558424223959 - timing_per_token_ms/gen:0.030682052588529466 - timing_per_token_ms/update_actor:0.06350173293071965 - timing_per_token_ms/adv:1.5708422795191814e-05 - perf/total_num_tokens:2851605 - perf/time_per_step:363.1005869260989 - perf/throughput:490.84281027690497[36m(TaskRunner pid=245980)[0m 
Training Progress:  32%|███▏      | 38/120 [4:18:59<8:29:14, 372.62s/it]
[36m(TaskRunner pid=245980)[0m 
Training Progress:  32%|███▎      | 39/120 [4:25:02<8:19:01, 369.64s/it]
[36m(WorkerDict pid=246556)[0m WARNING:2026-01-03 06:39:27,408:Rank 6 common state dict differs from rank 0 common state dict. Keys only on rank 0: [], Keys only on 6: [('optimizer', 'param_state', 49), ('optimizer', 'param_state', 50), ('optimizer', 'param_state', 51), ('optimizer', 'param_state', 52), ('optimizer', 'param_state', 53), ('optimizer', 'param_state', 54), ('optimizer', 'param_state', 55), ('optimizer', 'param_state', 56), ('optimizer', 'param_state', 57), ('optimizer', 'param_state', 58), ('optimizer', 'param_state', 59), ('optimizer', 'param_state', 60), ('optimizer', 'param_state', 61), ('optimizer', 'param_state', 62), ('optimizer', 'param_state', 63), ('optimizer', 'param_state', 64), ('optimizer', 'param_state', 65), ('optimizer', 'param_state', 66), ('optimizer', 'param_state', 67), ('optimizer', 'param_state', 68), ('optimizer', 'param_state', 69), ('optimizer', 'param_state', 70), ('optimizer', 'param_state', 71), ('optimizer', 'param_state', 72), ('optimizer', 'param_state', 73), ('optimizer', 'param_state', 74), ('optimizer', 'param_state', 75), ('optimizer', 'param_state', 76), ('optimizer', 'param_state', 77), ('optimizer', 'param_state', 78), ('optimizer', 'param_state', 79), ('optimizer', 'param_state', 80), ('optimizer', 'param_state', 81), ('optimizer', 'param_state', 82), ('optimizer', 'param_state', 83), ('optimizer', 'param_state', 84), ('optimizer', 'param_state', 85), ('optimizer', 'param_state', 86), ('optimizer', 'param_state', 87), ('optimizer', 'param_state', 88), ('optimizer', 'param_state', 89), ('optimizer', 'param_state', 90), ('optimizer', 'param_state', 91), ('optimizer', 'param_state', 92), ('optimizer', 'param_state', 93), ('optimizer', 'param_state', 94), ('optimizer', 'param_state', 95), ('optimizer', 'param_state', 96), ('optimizer', 'param_state', 97), ('optimizer', 'param_state', 98), ('optimizer', 'param_state', 99), ('optimizer', 'param_state', 100), ('optimizer', 'param_state', 101), ('optimizer', 'param_state', 102), ('optimizer', 'param_state', 103), ('optimizer', 'param_state', 104), ('optimizer', 'param_state', 105), ('optimizer', 'param_state', 106), ('optimizer', 'param_state', 107), ('optimizer', 'param_state', 108), ('optimizer', 'param_state', 109), ('optimizer', 'param_state', 110), ('optimizer', 'param_state', 111), ('optimizer', 'param_state', 112), ('optimizer', 'param_state', 113), ('optimizer', 'param_state', 114), ('optimizer', 'param_state', 115), ('optimizer', 'param_state', 116), ('optimizer', 'param_state', 117), ('optimizer', 'param_state', 118), ('optimizer', 'param_state', 119), ('optimizer', 'param_state', 120), ('optimizer', 'param_state', 121), ('optimizer', 'param_state', 122), ('optimizer', 'param_state', 123), ('optimizer', 'param_state', 124), ('optimizer', 'param_state', 125), ('optimizer', 'param_state', 126), ('optimizer', 'param_state', 127), ('optimizer', 'param_state', 128), ('optimizer', 'param_state', 129), ('optimizer', 'param_state', 130), ('optimizer', 'param_state', 131), ('optimizer', 'param_state', 132), ('optimizer', 'param_state', 133), ('optimizer', 'param_state', 134), ('optimizer', 'param_state', 135), ('optimizer', 'param_state', 136), ('optimizer', 'param_state', 137), ('optimizer', 'param_state', 138), ('optimizer', 'param_state', 139), ('optimizer', 'param_state', 140), ('optimizer', 'param_state', 141), ('optimizer', 'param_state', 142), ('optimizer', 'param_state', 143), ('optimizer', 'param_state', 144), ('optimizer', 'param_state', 145), ('optimizer', 'param_state', 146), ('optimizer', 'param_state', 147), ('optimizer', 'param_state', 148), ('optimizer', 'param_state', 149), ('optimizer', 'param_state', 150), ('optimizer', 'param_state', 151), ('optimizer', 'param_state', 152), ('optimizer', 'param_state', 153), ('optimizer', 'param_state', 154), ('optimizer', 'param_state', 155), ('optimizer', 'param_state', 156), ('optimizer', 'param_state', 157), ('optimizer', 'param_state', 158), ('optimizer', 'param_state', 159), ('optimizer', 'param_state', 160), ('optimizer', 'param_state', 161), ('optimizer', 'param_state', 162), ('optimizer', 'param_state', 163), ('optimizer', 'param_state', 164), ('optimizer', 'param_state', 165), ('optimizer', 'param_state', 166), ('optimizer', 'param_state', 167), ('optimizer', 'param_state', 168), ('optimizer', 'param_state', 169), ('optimizer', 'param_state', 170), ('optimizer', 'param_state', 171), ('optimizer', 'param_state', 172), ('optimizer', 'param_state', 173), ('optimizer', 'param_state', 174), ('optimizer', 'param_state', 175), ('optimizer', 'param_state', 176), ('optimizer', 'param_state', 177), ('optimizer', 'param_state', 178), ('optimizer', 'param_state', 179), ('optimizer', 'param_state', 180), ('optimizer', 'param_state', 181), ('optimizer', 'param_state', 182), ('optimizer', 'param_state', 183), ('optimizer', 'param_state', 184), ('optimizer', 'param_state', 185), ('optimizer', 'param_state', 186), ('optimizer', 'param_state', 187), ('optimizer', 'param_state', 188), ('optimizer', 'param_state', 189), ('optimizer', 'param_state', 190), ('optimizer', 'param_state', 191), ('optimizer', 'param_state', 192), ('optimizer', 'param_state', 193), ('optimizer', 'param_state', 194), ('optimizer', 'param_state', 195), ('optimizer', 'param_state', 196), ('optimizer', 'param_state', 197), ('optimizer', 'param_state', 198), ('optimizer', 'param_state', 199), ('optimizer', 'param_state', 200), ('optimizer', 'param_state', 201), ('optimizer', 'param_state', 202), ('optimizer', 'param_state', 203), ('optimizer', 'param_state', 204), ('optimizer', 'param_state', 205), ('optimizer', 'param_state', 206), ('optimizer', 'param_state', 207), ('optimizer', 'param_state', 208), ('optimizer', 'param_state', 209), ('optimizer', 'param_state', 210), ('optimizer', 'param_state', 211), ('optimizer', 'param_state', 212), ('optimizer', 'param_state', 213), ('optimizer', 'param_state', 214), ('optimizer', 'param_state', 215), ('optimizer', 'param_state', 216), ('optimizer', 'param_state', 217), ('optimizer', 'param_state', 218), ('optimizer', 'param_state', 219), ('optimizer', 'param_state', 220), ('optimizer', 'param_state', 221), ('optimizer', 'param_state', 222), ('optimizer', 'param_state', 223), ('optimizer', 'param_state', 224), ('optimizer', 'param_state', 225), ('optimizer', 'param_state', 226), ('optimizer', 'param_state', 227), ('optimizer', 'param_state', 228), ('optimizer', 'param_state', 229), ('optimizer', 'param_state', 230), ('optimizer', 'param_state', 231), ('optimizer', 'param_state', 232), ('optimizer', 'param_state', 233), ('optimizer', 'param_state', 234), ('optimizer', 'param_state', 235), ('optimizer', 'param_state', 236), ('optimizer', 'param_state', 237), ('optimizer', 'param_state', 238), ('optimizer', 'param_state', 239), ('optimizer', 'param_state', 240), ('optimizer', 'param_state', 241), ('optimizer', 'param_state', 242), ('optimizer', 'param_state', 243), ('optimizer', 'param_state', 244), ('optimizer', 'param_state', 245), ('optimizer', 'param_state', 246), ('optimizer', 'param_state', 247), ('optimizer', 'param_state', 248), ('optimizer', 'param_state', 249), ('optimizer', 'param_state', 250), ('optimizer', 'param_state', 251), ('optimizer', 'param_state', 252), ('optimizer', 'param_state', 253), ('optimizer', 'param_state', 254), ('optimizer', 'param_state', 255), ('optimizer', 'param_state', 256), ('optimizer', 'param_state', 257), ('optimizer', 'param_state', 258), ('optimizer', 'param_state', 259), ('optimizer', 'param_state', 260), ('optimizer', 'param_state', 261), ('optimizer', 'param_state', 262), ('optimizer', 'param_state', 263), ('optimizer', 'param_state', 264), ('optimizer', 'param_state', 265), ('optimizer', 'param_state', 266), ('optimizer', 'param_state', 267), ('optimizer', 'param_state', 268), ('optimizer', 'param_state', 269), ('optimizer', 'param_state', 270), ('optimizer', 'param_state', 271), ('optimizer', 'param_state', 272), ('optimizer', 'param_state', 273), ('optimizer', 'param_state', 274), ('optimizer', 'param_state', 275), ('optimizer', 'param_state', 276), ('optimizer', 'param_state', 277), ('optimizer', 'param_state', 278), ('optimizer', 'param_state', 279), ('optimizer', 'param_state', 280), ('optimizer', 'param_state', 281), ('optimizer', 'param_state', 282), ('optimizer', 'param_state', 283), ('optimizer', 'param_state', 284), ('optimizer', 'param_state', 285), ('optimizer', 'param_state', 286), ('optimizer', 'param_state', 287), ('optimizer', 'param_state', 288), ('optimizer', 'param_state', 289), ('optimizer', 'param_state', 290), ('optimizer', 'param_state', 291), ('optimizer', 'param_state', 292), ('optimizer', 'param_state', 293), ('optimizer', 'param_state', 294), ('optimizer', 'param_state', 295), ('optimizer', 'param_state', 296), ('optimizer', 'param_state', 297), ('optimizer', 'param_state', 298), ('optimizer', 'param_state', 299), ('optimizer', 'param_state', 300), ('optimizer', 'param_state', 301), ('optimizer', 'param_state', 302), ('optimizer', 'param_state', 303), ('optimizer', 'param_state', 304), ('optimizer', 'param_state', 305), ('optimizer', 'param_state', 306), ('optimizer', 'param_state', 307), ('optimizer', 'param_state', 308), ('optimizer', 'param_state', 309), ('optimizer', 'param_state', 310), ('optimizer', 'param_state', 311), ('optimizer', 'param_state', 312), ('optimizer', 'param_state', 313), ('optimizer', 'param_state', 314), ('optimizer', 'param_state', 315), ('optimizer', 'param_state', 316), ('optimizer', 'param_state', 317), ('optimizer', 'param_state', 318), ('optimizer', 'param_state', 319), ('optimizer', 'param_state', 320), ('optimizer', 'param_state', 321), ('optimizer', 'param_state', 322), ('optimizer', 'param_state', 323), ('optimizer', 'param_state', 324), ('optimizer', 'param_state', 325), ('optimizer', 'param_state', 326), ('optimizer', 'param_state', 327), ('optimizer', 'param_state', 328), ('optimizer', 'param_state', 329), ('optimizer', 'param_state', 330), ('optimizer', 'param_state', 331), ('optimizer', 'param_state', 332), ('optimizer', 'param_state', 333), ('optimizer', 'param_state', 334), ('optimizer', 'param_state', 335), ('optimizer', 'param_state', 336), ('optimizer', 'param_state', 337), ('optimizer', 'param_state', 338), ('optimizer', 'param_state', 339), ('optimizer', 'param_state', 340), ('optimizer', 'param_state', 341), ('optimizer', 'param_state', 342), ('optimizer', 'param_state', 343), ('optimizer', 'param_state', 344), ('optimizer', 'param_state', 345), ('optimizer', 'param_state', 346), ('optimizer', 'param_state', 347), ('optimizer', 'param_state', 348), ('optimizer', 'param_state', 349), ('optimizer', 'param_state', 350), ('optimizer', 'param_state', 351)], Mismatched keys: []
[36m(WorkerDict pid=71406, ip=node2)[0m WARNING:2026-01-03 06:39:27,407:Rank 9 common state dict differs from rank 0 common state dict. Keys only on rank 0: [('optimizer', 'param_state', 19), ('optimizer', 'param_state', 20), ('optimizer', 'param_state', 21), ('optimizer', 'param_state', 22), ('optimizer', 'param_state', 23), ('optimizer', 'param_state', 24), ('optimizer', 'param_state', 25), ('optimizer', 'param_state', 26), ('optimizer', 'param_state', 27), ('optimizer', 'param_state', 28), ('optimizer', 'param_state', 29), ('optimizer', 'param_state', 30), ('optimizer', 'param_state', 31), ('optimizer', 'param_state', 32), ('optimizer', 'param_state', 33), ('optimizer', 'param_state', 34), ('optimizer', 'param_state', 35), ('optimizer', 'param_state', 36), ('optimizer', 'param_state', 37), ('optimizer', 'param_state', 38), ('optimizer', 'param_state', 39), ('optimizer', 'param_state', 40), ('optimizer', 'param_state', 41), ('optimizer', 'param_state', 42), ('optimizer', 'param_state', 43), ('optimizer', 'param_state', 44), ('optimizer', 'param_state', 45), ('optimizer', 'param_state', 46), ('optimizer', 'param_state', 47), ('optimizer', 'param_state', 48)], Keys only on 9: [], Mismatched keys: []
[36m(WorkerDict pid=71407, ip=node2)[0m WARNING:2026-01-03 06:39:27,407:Rank 10 common state dict differs from rank 0 common state dict. Keys only on rank 0: [('optimizer', 'param_state', 42), ('optimizer', 'param_state', 43), ('optimizer', 'param_state', 44), ('optimizer', 'param_state', 45), ('optimizer', 'param_state', 46), ('optimizer', 'param_state', 47), ('optimizer', 'param_state', 48)], Keys only on 10: [], Mismatched keys: []
[36m(WorkerDict pid=71409, ip=node2)[0m WARNING:2026-01-03 06:39:27,407:Rank 15 common state dict differs from rank 0 common state dict. Keys only on rank 0: [('optimizer', 'param_state', 48), ('optimizer', 'param_state', 47)], Keys only on 15: [], Mismatched keys: []
[36m(WorkerDict pid=71414, ip=node2)[0m WARNING:2026-01-03 06:39:27,408:Rank 12 common state dict differs from rank 0 common state dict. Keys only on rank 0: [('optimizer', 'param_state', 41), ('optimizer', 'param_state', 42), ('optimizer', 'param_state', 43), ('optimizer', 'param_state', 44), ('optimizer', 'param_state', 45), ('optimizer', 'param_state', 46), ('optimizer', 'param_state', 47), ('optimizer', 'param_state', 48)], Keys only on 12: [], Mismatched keys: []
[36m(WorkerDict pid=246541)[0m INFO:2026-01-03 06:45:05,042:[Rank 0] Saving HF model checkpoint to /mnt/cfs/danerli/workspace/test_benchmark/TestBenchmarkWithTrainingCard/recipe/exp/checkpoint/qwen3_vl_8b_megatron_mutil_node/global_step_40/actor with bridge
[36m(WorkerDict pid=246589)[0m WARNING:2026-01-03 06:39:27,408:Rank 7 common state dict differs from rank 0 common state dict. Keys only on rank 0: [], Keys only on 7: [('optimizer', 'param_state', 49), ('optimizer', 'param_state', 50), ('optimizer', 'param_state', 51), ('optimizer', 'param_state', 52), ('optimizer', 'param_state', 53), ('optimizer', 'param_state', 54), ('optimizer', 'param_state', 55), ('optimizer', 'param_state', 56), ('optimizer', 'param_state', 57), ('optimizer', 'param_state', 58), ('optimizer', 'param_state', 59), ('optimizer', 'param_state', 60), ('optimizer', 'param_state', 61), ('optimizer', 'param_state', 62), ('optimizer', 'param_state', 63), ('optimizer', 'param_state', 64), ('optimizer', 'param_state', 65), ('optimizer', 'param_state', 66), ('optimizer', 'param_state', 67), ('optimizer', 'param_state', 68), ('optimizer', 'param_state', 69), ('optimizer', 'param_state', 70), ('optimizer', 'param_state', 71), ('optimizer', 'param_state', 72), ('optimizer', 'param_state', 73), ('optimizer', 'param_state', 74), ('optimizer', 'param_state', 75), ('optimizer', 'param_state', 76), ('optimizer', 'param_state', 77), ('optimizer', 'param_state', 78), ('optimizer', 'param_state', 79), ('optimizer', 'param_state', 80), ('optimizer', 'param_state', 81), ('optimizer', 'param_state', 82), ('optimizer', 'param_state', 83), ('optimizer', 'param_state', 84), ('optimizer', 'param_state', 85), ('optimizer', 'param_state', 86), ('optimizer', 'param_state', 87), ('optimizer', 'param_state', 88), ('optimizer', 'param_state', 89), ('optimizer', 'param_state', 90), ('optimizer', 'param_state', 91), ('optimizer', 'param_state', 92), ('optimizer', 'param_state', 93), ('optimizer', 'param_state', 94), ('optimizer', 'param_state', 95), ('optimizer', 'param_state', 96), ('optimizer', 'param_state', 97), ('optimizer', 'param_state', 98), ('optimizer', 'param_state', 99), ('optimizer', 'param_state', 100), ('optimizer', 'param_state', 101), ('optimizer', 'param_state', 102), ('optimizer', 'param_state', 103), ('optimizer', 'param_state', 104), ('optimizer', 'param_state', 105), ('optimizer', 'param_state', 106), ('optimizer', 'param_state', 107), ('optimizer', 'param_state', 108), ('optimizer', 'param_state', 109), ('optimizer', 'param_state', 110), ('optimizer', 'param_state', 111), ('optimizer', 'param_state', 112), ('optimizer', 'param_state', 113), ('optimizer', 'param_state', 114), ('optimizer', 'param_state', 115), ('optimizer', 'param_state', 116), ('optimizer', 'param_state', 117), ('optimizer', 'param_state', 118), ('optimizer', 'param_state', 119), ('optimizer', 'param_state', 120), ('optimizer', 'param_state', 121), ('optimizer', 'param_state', 122), ('optimizer', 'param_state', 123), ('optimizer', 'param_state', 124), ('optimizer', 'param_state', 125), ('optimizer', 'param_state', 126), ('optimizer', 'param_state', 127), ('optimizer', 'param_state', 128), ('optimizer', 'param_state', 129), ('optimizer', 'param_state', 130), ('optimizer', 'param_state', 131), ('optimizer', 'param_state', 132), ('optimizer', 'param_state', 133), ('optimizer', 'param_state', 134), ('optimizer', 'param_state', 135), ('optimizer', 'param_state', 136), ('optimizer', 'param_state', 137), ('optimizer', 'param_state', 138), ('optimizer', 'param_state', 139), ('optimizer', 'param_state', 140), ('optimizer', 'param_state', 141), ('optimizer', 'param_state', 142), ('optimizer', 'param_state', 143), ('optimizer', 'param_state', 144), ('optimizer', 'param_state', 145), ('optimizer', 'param_state', 146), ('optimizer', 'param_state', 147), ('optimizer', 'param_state', 148), ('optimizer', 'param_state', 149), ('optimizer', 'param_state', 150), ('optimizer', 'param_state', 151), ('optimizer', 'param_state', 152), ('optimizer', 'param_state', 153), ('optimizer', 'param_state', 154), ('optimizer', 'param_state', 155), ('optimizer', 'param_state', 156), ('optimizer', 'param_state', 157), ('optimizer', 'param_state', 158), ('optimizer', 'param_state', 159), ('optimizer', 'param_state', 160), ('optimizer', 'param_state', 161), ('optimizer', 'param_state', 162), ('optimizer', 'param_state', 163), ('optimizer', 'param_state', 164), ('optimizer', 'param_state', 165), ('optimizer', 'param_state', 166), ('optimizer', 'param_state', 167), ('optimizer', 'param_state', 168), ('optimizer', 'param_state', 169), ('optimizer', 'param_state', 170), ('optimizer', 'param_state', 171), ('optimizer', 'param_state', 172), ('optimizer', 'param_state', 173), ('optimizer', 'param_state', 174), ('optimizer', 'param_state', 175), ('optimizer', 'param_state', 176), ('optimizer', 'param_state', 177), ('optimizer', 'param_state', 178), ('optimizer', 'param_state', 179), ('optimizer', 'param_state', 180), ('optimizer', 'param_state', 181), ('optimizer', 'param_state', 182), ('optimizer', 'param_state', 183), ('optimizer', 'param_state', 184), ('optimizer', 'param_state', 185), ('optimizer', 'param_state', 186), ('optimizer', 'param_state', 187), ('optimizer', 'param_state', 188), ('optimizer', 'param_state', 189), ('optimizer', 'param_state', 190), ('optimizer', 'param_state', 191), ('optimizer', 'param_state', 192), ('optimizer', 'param_state', 193), ('optimizer', 'param_state', 194), ('optimizer', 'param_state', 195), ('optimizer', 'param_state', 196), ('optimizer', 'param_state', 197), ('optimizer', 'param_state', 198), ('optimizer', 'param_state', 199), ('optimizer', 'param_state', 200), ('optimizer', 'param_state', 201), ('optimizer', 'param_state', 202), ('optimizer', 'param_state', 203), ('optimizer', 'param_state', 204), ('optimizer', 'param_state', 205), ('optimizer', 'param_state', 206), ('optimizer', 'param_state', 207), ('optimizer', 'param_state', 208), ('optimizer', 'param_state', 209), ('optimizer', 'param_state', 210), ('optimizer', 'param_state', 211), ('optimizer', 'param_state', 212), ('optimizer', 'param_state', 213), ('optimizer', 'param_state', 214), ('optimizer', 'param_state', 215), ('optimizer', 'param_state', 216), ('optimizer', 'param_state', 217), ('optimizer', 'param_state', 218), ('optimizer', 'param_state', 219), ('optimizer', 'param_state', 220), ('optimizer', 'param_state', 221), ('optimizer', 'param_state', 222), ('optimizer', 'param_state', 223), ('optimizer', 'param_state', 224), ('optimizer', 'param_state', 225), ('optimizer', 'param_state', 226), ('optimizer', 'param_state', 227), ('optimizer', 'param_state', 228), ('optimizer', 'param_state', 229), ('optimizer', 'param_state', 230), ('optimizer', 'param_state', 231), ('optimizer', 'param_state', 232), ('optimizer', 'param_state', 233), ('optimizer', 'param_state', 234), ('optimizer', 'param_state', 235), ('optimizer', 'param_state', 236), ('optimizer', 'param_state', 237), ('optimizer', 'param_state', 238), ('optimizer', 'param_state', 239), ('optimizer', 'param_state', 240), ('optimizer', 'param_state', 241), ('optimizer', 'param_state', 242), ('optimizer', 'param_state', 243), ('optimizer', 'param_state', 244), ('optimizer', 'param_state', 245), ('optimizer', 'param_state', 246), ('optimizer', 'param_state', 247), ('optimizer', 'param_state', 248), ('optimizer', 'param_state', 249), ('optimizer', 'param_state', 250), ('optimizer', 'param_state', 251), ('optimizer', 'param_state', 252), ('optimizer', 'param_state', 253), ('optimizer', 'param_state', 254), ('optimizer', 'param_state', 255), ('optimizer', 'param_state', 256), ('optimizer', 'param_state', 257), ('optimizer', 'param_state', 258), ('optimizer', 'param_state', 259), ('optimizer', 'param_state', 260), ('optimizer', 'param_state', 261), ('optimizer', 'param_state', 262), ('optimizer', 'param_state', 263), ('optimizer', 'param_state', 264), ('optimizer', 'param_state', 265), ('optimizer', 'param_state', 266), ('optimizer', 'param_state', 267), ('optimizer', 'param_state', 268), ('optimizer', 'param_state', 269), ('optimizer', 'param_state', 270), ('optimizer', 'param_state', 271), ('optimizer', 'param_state', 272), ('optimizer', 'param_state', 273), ('optimizer', 'param_state', 274), ('optimizer', 'param_state', 275), ('optimizer', 'param_state', 276), ('optimizer', 'param_state', 277), ('optimizer', 'param_state', 278), ('optimizer', 'param_state', 279), ('optimizer', 'param_state', 280), ('optimizer', 'param_state', 281), ('optimizer', 'param_state', 282), ('optimizer', 'param_state', 283), ('optimizer', 'param_state', 284), ('optimizer', 'param_state', 285), ('optimizer', 'param_state', 286), ('optimizer', 'param_state', 287), ('optimizer', 'param_state', 288), ('optimizer', 'param_state', 289), ('optimizer', 'param_state', 290), ('optimizer', 'param_state', 291), ('optimizer', 'param_state', 292), ('optimizer', 'param_state', 293), ('optimizer', 'param_state', 294), ('optimizer', 'param_state', 295), ('optimizer', 'param_state', 296), ('optimizer', 'param_state', 297), ('optimizer', 'param_state', 298), ('optimizer', 'param_state', 299), ('optimizer', 'param_state', 300), ('optimizer', 'param_state', 301), ('optimizer', 'param_state', 302), ('optimizer', 'param_state', 303), ('optimizer', 'param_state', 304), ('optimizer', 'param_state', 305), ('optimizer', 'param_state', 306), ('optimizer', 'param_state', 307), ('optimizer', 'param_state', 308), ('optimizer', 'param_state', 309), ('optimizer', 'param_state', 310), ('optimizer', 'param_state', 311), ('optimizer', 'param_state', 312), ('optimizer', 'param_state', 313), ('optimizer', 'param_state', 314), ('optimizer', 'param_state', 315), ('optimizer', 'param_state', 316), ('optimizer', 'param_state', 317), ('optimizer', 'param_state', 318), ('optimizer', 'param_state', 319), ('optimizer', 'param_state', 320), ('optimizer', 'param_state', 321), ('optimizer', 'param_state', 322), ('optimizer', 'param_state', 323), ('optimizer', 'param_state', 324), ('optimizer', 'param_state', 325), ('optimizer', 'param_state', 326), ('optimizer', 'param_state', 327), ('optimizer', 'param_state', 328), ('optimizer', 'param_state', 329), ('optimizer', 'param_state', 330), ('optimizer', 'param_state', 331), ('optimizer', 'param_state', 332), ('optimizer', 'param_state', 333), ('optimizer', 'param_state', 334), ('optimizer', 'param_state', 335), ('optimizer', 'param_state', 336), ('optimizer', 'param_state', 337), ('optimizer', 'param_state', 338), ('optimizer', 'param_state', 339), ('optimizer', 'param_state', 340), ('optimizer', 'param_state', 341), ('optimizer', 'param_state', 342), ('optimizer', 'param_state', 343), ('optimizer', 'param_state', 344), ('optimizer', 'param_state', 345), ('optimizer', 'param_state', 346), ('optimizer', 'param_state', 347), ('optimizer', 'param_state', 348), ('optimizer', 'param_state', 349), ('optimizer', 'param_state', 350), ('optimizer', 'param_state', 351)], Mismatched keys: []
[36m(WorkerDict pid=71418, ip=node2)[0m WARNING:2026-01-03 06:39:27,407:Rank 8 common state dict differs from rank 0 common state dict. Keys only on rank 0: [('optimizer', 'param_state', 19), ('optimizer', 'param_state', 20), ('optimizer', 'param_state', 21), ('optimizer', 'param_state', 22), ('optimizer', 'param_state', 23), ('optimizer', 'param_state', 24), ('optimizer', 'param_state', 25), ('optimizer', 'param_state', 26), ('optimizer', 'param_state', 27), ('optimizer', 'param_state', 28), ('optimizer', 'param_state', 29), ('optimizer', 'param_state', 30), ('optimizer', 'param_state', 31), ('optimizer', 'param_state', 32), ('optimizer', 'param_state', 33), ('optimizer', 'param_state', 34), ('optimizer', 'param_state', 35), ('optimizer', 'param_state', 36), ('optimizer', 'param_state', 37), ('optimizer', 'param_state', 38), ('optimizer', 'param_state', 39), ('optimizer', 'param_state', 40), ('optimizer', 'param_state', 41), ('optimizer', 'param_state', 42), ('optimizer', 'param_state', 43), ('optimizer', 'param_state', 44), ('optimizer', 'param_state', 45), ('optimizer', 'param_state', 46), ('optimizer', 'param_state', 47), ('optimizer', 'param_state', 48)], Keys only on 8: [], Mismatched keys: []
[36m(WorkerDict pid=71408, ip=node2)[0m WARNING:2026-01-03 06:39:27,407:Rank 11 common state dict differs from rank 0 common state dict. Keys only on rank 0: [('optimizer', 'param_state', 42), ('optimizer', 'param_state', 43), ('optimizer', 'param_state', 44), ('optimizer', 'param_state', 45), ('optimizer', 'param_state', 46), ('optimizer', 'param_state', 47), ('optimizer', 'param_state', 48)], Keys only on 11: [], Mismatched keys: []
[36m(WorkerDict pid=71413, ip=node2)[0m WARNING:2026-01-03 06:39:27,407:Rank 14 common state dict differs from rank 0 common state dict. Keys only on rank 0: [('optimizer', 'param_state', 48), ('optimizer', 'param_state', 47)], Keys only on 14: [], Mismatched keys: []
[36m(WorkerDict pid=71422, ip=node2)[0m WARNING:2026-01-03 06:39:27,407:Rank 13 common state dict differs from rank 0 common state dict. Keys only on rank 0: [('optimizer', 'param_state', 41), ('optimizer', 'param_state', 42), ('optimizer', 'param_state', 43), ('optimizer', 'param_state', 44), ('optimizer', 'param_state', 45), ('optimizer', 'param_state', 46), ('optimizer', 'param_state', 47), ('optimizer', 'param_state', 48)], Keys only on 13: [], Mismatched keys: []
[36m(WorkerDict pid=71406, ip=node2)[0m INFO:2026-01-03 06:47:35,163:[Rank 9] Saved bridge checkpoint to /mnt/cfs/danerli/workspace/test_benchmark/TestBenchmarkWithTrainingCard/recipe/exp/checkpoint/qwen3_vl_8b_megatron_mutil_node/global_step_40/actor/huggingface
[36m(WorkerDict pid=71406, ip=node2)[0m INFO:2026-01-03 06:47:35,163:[Rank 9] Dist checkpointing save completed for /mnt/cfs/danerli/workspace/test_benchmark/TestBenchmarkWithTrainingCard/recipe/exp/checkpoint/qwen3_vl_8b_megatron_mutil_node/global_step_40/actor/dist_ckpt
[36m(WorkerDict pid=71422, ip=node2)[0m INFO:2026-01-03 06:45:05,042:[Rank 13] Saving HF model checkpoint to /mnt/cfs/danerli/workspace/test_benchmark/TestBenchmarkWithTrainingCard/recipe/exp/checkpoint/qwen3_vl_8b_megatron_mutil_node/global_step_40/actor with bridge[32m [repeated 15x across cluster][0m

[36m(TaskRunner pid=245980)[0m step:39 - actor/entropy:0.28759297728538513 - perf/mfu/actor_infer:0 - actor/kl_loss:0.014066064793785865 - actor/kl_coef:0.009999999999999998 - actor/pg_clipfrac:0.0010360955753970882 - actor/ppo_kl:-3.539422116202476e-07 - actor/pg_clipfrac_lower:0.0 - actor/pg_loss:0.07576561412067596 - actor/grad_norm:0.10812017036431651 - perf/mfu/actor:0.0 - perf/max_memory_allocated_gb:82.93167209625244 - perf/max_memory_reserved_gb:85.689453125 - perf/cpu_memory_used_gb:366.73703956604004 - actor/lr:1e-06 - training/global_step:39 - training/epoch:9 - critic/score/mean:0.5203125476837158 - critic/score/max:0.8999999761581421 - critic/score/min:0.0 - critic/rewards/mean:0.5203125476837158 - critic/rewards/max:0.8999999761581421 - critic/rewards/min:0.0 - critic/advantages/mean:-0.07615651935338974 - critic/advantages/max:1.7888498306274414 - critic/advantages/min:-1.7888498306274414 - critic/returns/mean:-0.07615651935338974 - critic/returns/max:1.7888498306274414 - critic/returns/min:-1.7888498306274414 - response_length/mean:841.1296997070312 - response_length/max:2048.0 - response_length/min:70.0 - response_length/clip_ratio:0.1484375 - response_length_non_aborted/mean:841.1296997070312 - response_length_non_aborted/max:2048.0 - response_length_non_aborted/min:70.0 - response_length_non_aborted/clip_ratio:0.1484375 - response/aborted_ratio:0.0 - prompt_length/mean:282.365234375 - prompt_length/max:842.0 - prompt_length/min:189.0 - prompt_length/clip_ratio:0.0 - num_turns/min:2 - num_turns/max:2 - num_turns/mean:2.0 - timing_s/start_profile:8.310889825224876e-05 - timing_s/agent_loop/generate_sequences/min:6.220835282932967 - timing_s/agent_loop/generate_sequences/max:47.40443430794403 - timing_s/agent_loop/generate_sequences/mean:23.718945383099072 - timing_s/agent_loop/tool_calls/min:0.0 - timing_s/agent_loop/tool_calls/max:0.0 - timing_s/agent_loop/tool_calls/mean:0.0 - timing_s/agent_loop/slowest/generate_sequences:47.40443430794403 - timing_s/agent_loop/slowest/tool_calls:0.0 - timing_s/agent_loop/slowest/prompt_length:197 - timing_s/agent_loop/slowest/response_length:2048 - timing_s/gen:63.511103050084785 - timing_s/reward:0.00011005694977939129 - timing_s/old_log_prob:60.717415003106 - timing_s/ref:57.83280812809244 - timing_s/adv:0.03764285217039287 - timing_s/update_actor:179.7399896448478 - timing_s/step:362.0909038670361 - timing_s/stop_profile:2.8659123927354813e-05 - timing_per_token_ms/ref:0.020107737235994003 - timing_per_token_ms/gen:0.029494886457612245 - timing_per_token_ms/update_actor:0.062493325148140134 - timing_per_token_ms/adv:1.3087944451515472e-05 - perf/total_num_tokens:2876147 - perf/time_per_step:362.0909038670361 - perf/throughput:496.44767537714677
[36m(TaskRunner pid=245980)[0m test_gen_batch meta info: {'eos_token_id': 151645, 'pad_token_id': 151643, 'recompute_log_prob': False, 'do_sample': False, 'validate': True, 'global_steps': 40}
[36m(TaskRunner pid=245980)[0m validation generation end
[36m(TaskRunner pid=245980)[0m local_global_step_folder: /mnt/cfs/danerli/workspace/test_benchmark/TestBenchmarkWithTrainingCard/recipe/exp/checkpoint/qwen3_vl_8b_megatron_mutil_node/global_step_40
[36m(WorkerDict pid=246541)[0m Qwen3VLTransformerConfig(tensor_model_parallel_size=2, pipeline_model_parallel_comm_backend=None, pipeline_model_parallel_size=2, virtual_pipeline_model_parallel_size=None, sequence_parallel=True, context_parallel_size=2, hierarchical_context_parallel_sizes=None, expert_model_parallel_size=1, expert_tensor_parallel_size=2, moe_extended_tp=False, perform_initialization=True, use_cpu_initialization=False, fp16=False, bf16=True, params_dtype=torch.bfloat16, timers=None, finalize_model_grads_func=<function finalize_model_grads at 0x7f05ca96e5c0>, grad_scale_func=<bound method MegatronOptimizer.scale_loss of <megatron.core.optimizer.optimizer.ChainedOptimizer object at 0x7f05443634a0>>, no_sync_func=None, grad_sync_func=None, param_sync_func=None, deterministic_mode=False, enable_autocast=False, autocast_dtype=torch.bfloat16, num_microbatches_with_partial_activation_checkpoints=None, gradient_accumulation_fusion=True, async_tensor_model_parallel_allreduce=True, use_te_rng_tracker=False, tp_comm_overlap=False, tp_comm_bulk_wgrad=True, tp_comm_bulk_dgrad=True, tp_comm_overlap_ag=True, tp_comm_overlap_rs=True, tp_comm_overlap_rs_dgrad=False, tp_comm_split_ag=True, tp_comm_atomic_ag=False, tp_comm_split_rs=True, tp_comm_atomic_rs=False, cross_entropy_loss_fusion=False, cross_entropy_fusion_impl='native', tp_comm_overlap_disable_qkv=False, tp_comm_overlap_disable_fc1=False, tp_comm_bootstrap_backend='nccl', overlap_moe_expert_parallel_comm=False, delay_wgrad_compute=False, pipeline_dtype=torch.bfloat16, variable_seq_lengths=True, overlap_p2p_comm=False, batch_p2p_comm=False, batch_p2p_sync=True, use_ring_exchange_p2p=False, deallocate_pipeline_outputs=True, defer_embedding_wgrad_compute=False, wgrad_deferral_limit=0, overlap_p2p_comm_warmup_flush=False, microbatch_group_size_per_vp_stage=2, cpu_offloading=False, cpu_offloading_num_layers=0, _cpu_offloading_context=None, cpu_offloading_activations=True, cpu_offloading_weights=True, barrier_with_L1_time=True, num_layers=36, mtp_num_layers=None, mtp_loss_scaling_factor=None, num_layers_in_first_pipeline_stage=None, num_layers_in_last_pipeline_stage=None, pipeline_model_parallel_layout=None, account_for_embedding_in_pipeline_split=True, account_for_loss_in_pipeline_split=True, hidden_size=4096, num_attention_heads=32, attention_backend=<AttnBackend.flash: 1>, softmax_scale=None, num_query_groups=8, ffn_hidden_size=12288, kv_channels=128, hidden_dropout=0.0, attention_dropout=0.0, fp32_residual_connection=False, apply_residual_connection_post_layernorm=False, layernorm_epsilon=1e-06, layernorm_zero_centered_gamma=False, add_bias_linear=False, add_qkv_bias=False, gated_linear_unit=True, activation_func=<function silu at 0x7f37d04f5800>, activation_func_fp8_input_store=False, num_moe_experts=None, rotary_interleaved=False, window_size=None, normalization='RMSNorm', qk_layernorm=True, test_mode=False, calculate_per_token_loss=False, multi_latent_attention=False, no_rope_freq=None, moe_deepep_num_sms=20, init_method=functools.partial(<function normal_ at 0x7f37d037a160>, mean=0.0, std=0.02), output_layer_init_method=functools.partial(<function normal_ at 0x7f37d037a160>, mean=0.0, std=0.0023570226039551587), init_method_std=0.02, embedding_init_method=functools.partial(<function normal_ at 0x7f37d037a160>, mean=0.0, std=0.02), embedding_init_method_std=0.02, init_model_with_meta_device=False, apply_query_key_layer_scaling=False, attention_softmax_in_fp32=True, disable_bf16_reduced_precision_matmul=False, bias_activation_fusion=True, masked_softmax_fusion=False, persist_layer_norm=True, memory_efficient_layer_norm=False, bias_dropout_fusion=True, apply_rope_fusion=False, use_fused_weighted_squared_relu=False, recompute_granularity='full', recompute_method='uniform', recompute_num_layers=1, distribute_saved_activations=False, recompute_modules=['core_attn'], fp8=None, fp8_recipe='delayed', fp8_param=False, fp8_margin=0, fp8_interval=1, fp8_amax_history_len=1, fp8_amax_compute_algo='most_recent', fp8_wgrad=True, fp8_dot_product_attention=False, fp8_multi_head_attention=False, tp_only_amax_red=False, first_last_layers_bf16=False, num_layers_at_start_in_bf16=1, num_layers_at_end_in_bf16=1, use_kitchen=False, moe_shared_expert_intermediate_size=None, moe_shared_expert_overlap=False, moe_layer_freq=1, moe_ffn_hidden_size=None, moe_router_load_balancing_type='aux_loss', moe_router_topk=2, moe_router_topk_limited_devices=None, moe_router_padding_for_fp8=False, moe_router_num_groups=None, moe_router_group_topk=None, moe_router_pre_softmax=False, moe_router_topk_scaling_factor=None, moe_router_score_function='softmax', moe_router_dtype='fp32', moe_router_enable_expert_bias=False, moe_router_bias_update_rate=0.001, moe_router_force_load_balancing=False, moe_grouped_gemm=False, moe_use_legacy_grouped_gemm=False, moe_aux_loss_coeff=0.0, moe_z_loss_coeff=None, moe_input_jitter_eps=None, moe_token_dropping=False, moe_token_dispatcher_type='flex', moe_enable_deepep=True, moe_per_layer_logging=False, moe_expert_capacity_factor=None, moe_pad_expert_input_to_capacity=False, moe_token_drop_policy='probs', moe_layer_recompute=False, moe_permute_fusion=True, moe_router_fusion=False, moe_apply_probs_on_input=False, cp_comm_type='p2p', enable_cuda_graph=False, cuda_graph_use_single_mempool=False, cuda_graph_retain_backward_graph=False, cuda_graph_warmup_steps=3, external_cuda_graph=False, cuda_graph_scope='full', clone_scatter_output_in_embedding=True, disable_parameter_transpose_cache=False, config_logger_dir='', flash_decode=False, inference_rng_tracker=False, symmetric_ar_type=None, mrope_section=[24, 20, 20], is_hybrid_model=False, mamba_state_dim=128, mamba_head_dim=64, mamba_num_groups=8, mamba_num_heads=None, use_mamba_mem_eff_path=True, mlp_chunks_for_prefill=1, heterogeneous_block_specs=False, hetereogenous_dist_checkpoint=False, quant_recipe=None, transformer_impl='transformer_engine', patch_size=16, temporal_patch_size=2, in_channels=3, spatial_merge_size=2, num_position_embeddings=2304, out_hidden_size=4096, apply_rotary_pos_emb_in_fp32=False, deepstack_visual_indexes=[8, 16, 24])[36m(WorkerDict pid=246541)[0m INFO:2026-01-03 06:47:36,245:[Rank 0] Saved Huggingface config and tokenizer to /mnt/cfs/danerli/workspace/test_benchmark/TestBenchmarkWithTrainingCard/recipe/exp/checkpoint/qwen3_vl_8b_megatron_mutil_node/global_step_40/actor/huggingface
[36m(TaskRunner pid=245980)[0m 
Training Progress:  33%|███▎      | 40/120 [4:40:05<11:46:23, 529.79s/it]
[36m(TaskRunner pid=245980)[0m 
Training Progress:  34%|███▍      | 41/120 [4:46:27<10:39:17, 485.54s/it]
[36m(WorkerDict pid=246589)[0m INFO:2026-01-03 06:47:35,164:[Rank 7] Saved bridge checkpoint to /mnt/cfs/danerli/workspace/test_benchmark/TestBenchmarkWithTrainingCard/recipe/exp/checkpoint/qwen3_vl_8b_megatron_mutil_node/global_step_40/actor/huggingface[32m [repeated 15x across cluster][0m
[36m(WorkerDict pid=246541)[0m INFO:2026-01-03 06:47:36,261:[Rank 0] Dist checkpointing save completed for /mnt/cfs/danerli/workspace/test_benchmark/TestBenchmarkWithTrainingCard/recipe/exp/checkpoint/qwen3_vl_8b_megatron_mutil_node/global_step_40/actor/dist_ckpt[32m [repeated 15x across cluster][0m

[36m(TaskRunner pid=245980)[0m step:40 - actor/entropy:0.28658527135849 - perf/mfu/actor_infer:0 - actor/kl_loss:0.014370381099235436 - actor/kl_coef:0.009999999999999998 - actor/pg_clipfrac:0.001091305021707905 - actor/ppo_kl:3.617254244726485e-05 - actor/pg_clipfrac_lower:4.7316941411488434e-07 - actor/pg_loss:0.05600246573025784 - actor/grad_norm:0.1018995832000204 - perf/mfu/actor:0.0 - perf/max_memory_allocated_gb:82.99976444244385 - perf/max_memory_reserved_gb:85.783203125 - perf/cpu_memory_used_gb:363.57946395874023 - actor/lr:1e-06 - val-aux/hiyouga/geometry3k/reward/mean@1:0.545091499703101 - val-core/hiyouga/geometry3k/acc/mean@1:0.5450915141430949 - val-aux/num_turns/min:2 - val-aux/num_turns/max:2 - val-aux/num_turns/mean:2.0 - training/global_step:40 - training/epoch:9 - critic/score/mean:0.5234765410423279 - critic/score/max:0.8999999761581421 - critic/score/min:0.0 - critic/rewards/mean:0.5234765410423279 - critic/rewards/max:0.8999999761581421 - critic/rewards/min:0.0 - critic/advantages/mean:-0.05648320913314819 - critic/advantages/max:1.7888498306274414 - critic/advantages/min:-1.7888498306274414 - critic/returns/mean:-0.05648320913314819 - critic/returns/max:1.7888498306274414 - critic/returns/min:-1.7888498306274414 - response_length/mean:842.2855224609375 - response_length/max:2048.0 - response_length/min:64.0 - response_length/clip_ratio:0.15585938096046448 - response_length_non_aborted/mean:842.2855224609375 - response_length_non_aborted/max:2048.0 - response_length_non_aborted/min:64.0 - response_length_non_aborted/clip_ratio:0.15585938096046448 - response/aborted_ratio:0.0 - prompt_length/mean:279.966796875 - prompt_length/max:842.0 - prompt_length/min:191.0 - prompt_length/clip_ratio:0.0 - num_turns/min:2 - num_turns/max:2 - num_turns/mean:2.0 - timing_s/start_profile:7.924786768853664e-05 - timing_s/agent_loop/generate_sequences/min:4.523546885699034 - timing_s/agent_loop/generate_sequences/max:47.88570542796515 - timing_s/agent_loop/generate_sequences/mean:23.665958918802154 - timing_s/agent_loop/tool_calls/min:0.0 - timing_s/agent_loop/tool_calls/max:0.0 - timing_s/agent_loop/tool_calls/mean:0.0 - timing_s/agent_loop/slowest/generate_sequences:47.88570542796515 - timing_s/agent_loop/slowest/tool_calls:0.0 - timing_s/agent_loop/slowest/prompt_length:337 - timing_s/agent_loop/slowest/response_length:2048 - timing_s/gen:63.23447104101069 - timing_s/reward:0.00011442787945270538 - timing_s/old_log_prob:59.698934781132266 - timing_s/ref:57.95198057591915 - timing_s/adv:0.039905938087031245 - timing_s/update_actor:186.08617073995993 - timing_s/step:367.28571917000227 - timing_s/testing:42.974527321057394 - timing_s/save_checkpoint:492.59445325890556 - timing_s/stop_profile:5.162903107702732e-05 - timing_per_token_ms/ref:0.02017148151976708 - timing_per_token_ms/gen:0.029326117896761875 - timing_per_token_ms/update_actor:0.06477144899729406 - timing_per_token_ms/adv:1.389015327262183e-05 - perf/total_num_tokens:2872966 - perf/time_per_step:367.28571917000227 - perf/throughput:488.8847173415106
[36m(TaskRunner pid=245980)[0m step:41 - actor/entropy:0.28427204489707947 - perf/mfu/actor_infer:0 - actor/kl_loss:0.014329752781618894 - actor/kl_coef:0.009999999999999998 - actor/pg_clipfrac:0.001099461811546379 - actor/ppo_kl:1.939218225555095e-06 - actor/pg_clipfrac_lower:4.382766085406977e-07 - actor/pg_loss:0.0728370970431239 - actor/grad_norm:0.11017047508181158 - perf/mfu/actor:0.0 - perf/max_memory_allocated_gb:83.14117050170898 - perf/max_memory_reserved_gb:85.841796875 - perf/cpu_memory_used_gb:362.789342880249 - actor/lr:1e-06 - training/global_step:41 - training/epoch:10 - critic/score/mean:0.5199609398841858 - critic/score/max:0.8999999761581421 - critic/score/min:0.0 - critic/rewards/mean:0.5199609398841858 - critic/rewards/max:0.8999999761581421 - critic/rewards/min:0.0 - critic/advantages/mean:-0.07423926144838333 - critic/advantages/max:1.7888498306274414 - critic/advantages/min:-1.7888498306274414 - critic/returns/mean:-0.07423926144838333 - critic/returns/max:1.7888498306274414 - critic/returns/min:-1.7888498306274414 - response_length/mean:840.3671875 - response_length/max:2048.0 - response_length/min:63.0 - response_length/clip_ratio:0.16054686903953552 - response_length_non_aborted/mean:840.3671875 - response_length_non_aborted/max:2048.0 - response_length_non_aborted/min:63.0 - response_length_non_aborted/clip_ratio:0.16054686903953552 - response/aborted_ratio:0.0 - prompt_length/mean:279.015625 - prompt_length/max:669.0 - prompt_length/min:189.0 - prompt_length/clip_ratio:0.0 - num_turns/min:2 - num_turns/max:2 - num_turns/mean:2.0 - timing_s/start_profile:0.000203785952180624 - timing_s/agent_loop/generate_sequences/min:4.596254084259272 - timing_s/agent_loop/generate_sequences/max:46.240807903930545 - timing_s/agent_loop/generate_sequences/mean:23.515419678988746 - timing_s/agent_loop/tool_calls/min:0.0 - timing_s/agent_loop/tool_calls/max:0.0 - timing_s/agent_loop/tool_calls/mean:0.0 - timing_s/agent_loop/slowest/generate_sequences:46.240807903930545 - timing_s/agent_loop/slowest/tool_calls:0.0 - timing_s/agent_loop/slowest/prompt_length:203 - timing_s/agent_loop/slowest/response_length:2048 - timing_s/gen:63.72833849606104 - timing_s/reward:0.0001373870763927698 - timing_s/old_log_prob:62.71337141189724 - timing_s/ref:56.5710295769386 - timing_s/adv:0.03876275010406971 - timing_s/update_actor:189.75107267708518 - timing_s/step:373.08061728300527 - timing_s/stop_profile:3.8319965824484825e-05 - timing_per_token_ms/ref:0.019741287950579143 - timing_per_token_ms/gen:0.02962262519920656 - timing_per_token_ms/update_actor:0.06621641134452062 - timing_per_token_ms/adv:1.352682843645344e-05 - perf/total_num_tokens:2865620 - perf/time_per_step:373.08061728300527 - perf/throughput:480.0604526290369
[36m(TaskRunner pid=245980)[0m step:42 - actor/entropy:0.2849644422531128 - perf/mfu/actor_infer:0 - actor/kl_loss:0.014105912127309817 - actor/kl_coef:0.009999999999999998 - actor/pg_clipfrac:0.0010219531883525303 - actor/ppo_kl:-2.2948577517955083e-05 - actor/pg_clipfrac_lower:9.078033310123085e-07 - actor/pg_loss:0.06287822576268809 - actor/grad_norm:0.10363448647822224 - perf/mfu/actor:0.0 - perf/max_memory_allocated_gb:83.2625846862793 - perf/max_memory_reserved_gb:85.95703125 - perf/cpu_memory_used_gb:362.1559524536133 - actor/lr:1e-06 - training/global_step:42 - training/epoch:10 - critic/score/mean:0.508007824420929 - critic/score/max:0.8999999761581421 - critic/score/min:0.0 - critic/rewards/mean:0.508007824420929 - critic/rewards/max:0.8999999761581421 - critic/rewards/min:0.0 - critic/advantages/mean:-0.06328633427619934 - critic/advantages/max:1.7888498306274414 - critic/advantages/min:-1.7888498306274414 - critic/returns/mean:-0.06328633427619934 - critic/returns/max:1.7888498306274414 - critic/returns/min:-1.7888498306274414 - response_length/mean:838.8206787109375 - response_length/max:2048.0 - response_length/min:124.0 - response_length/clip_ratio:0.15585938096046448 - response_length_non_aborted/mean:838.8206787109375 - response_length_non_aborted/max:2048.0 - response_length_non_aborted/min:124.0 - response_length_non_aborted/clip_ratio:0.15585938096046448 - response/aborted_ratio:0.0 - prompt_length/mean:279.998046875 - prompt_length/max:842.0 - prompt_length/min:190.0 - prompt_length/clip_ratio:0.0 - num_turns/min:2 - num_turns/max:2 - num_turns/mean:2.0 - timing_s/start_profile:9.13180410861969e-05 - timing_s/agent_loop/generate_sequences/min:7.195266147144139 - timing_s/agent_loop/generate_sequences/max:47.86507315188646 - timing_s/agent_loop/generate_sequences/mean:23.62568157259666 - timing_s/agent_loop/tool_calls/min:0.0 - timing_s/agent_loop/tool_calls/max:0.0 - timing_s/agent_loop/tool_calls/mean:0.0 - timing_s/agent_loop/slowest/generate_sequences:47.86507315188646 - timing_s/agent_loop/slowest/tool_calls:0.0 - timing_s/agent_loop/slowest/prompt_length:250 - timing_s/agent_loop/slowest/response_length:2048 - timing_s/gen:63.99321702308953 - timing_s/reward:0.0001236980315297842 - timing_s/old_log_prob:58.41151051991619 - timing_s/ref:57.37366661103442 - timing_s/adv:0.03889071708545089 - timing_s/update_actor:183.54127008095384 - timing_s/step:363.6338699951302 - timing_s/stop_profile:2.842000685632229e-05 - timing_per_token_ms/ref:0.020031473837862766 - timing_per_token_ms/gen:0.02980058826220849 - timing_per_token_ms/update_actor:0.06408170101311994 - timing_per_token_ms/adv:1.3578326571220095e-05 - perf/total_num_tokens:2864176 - perf/time_per_step:363.6338699951302 - perf/throughput:492.2836258415568[36m(TaskRunner pid=245980)[0m 
Training Progress:  35%|███▌      | 42/120 [4:52:31<9:43:51, 449.12s/it] 
[36m(TaskRunner pid=245980)[0m 
Training Progress:  36%|███▌      | 43/120 [4:58:39<9:05:07, 424.77s/it]
[36m(TaskRunner pid=245980)[0m 
Training Progress:  37%|███▋      | 44/120 [5:04:51<8:37:47, 408.78s/it]

[36m(TaskRunner pid=245980)[0m step:43 - actor/entropy:0.29585036635398865 - perf/mfu/actor_infer:0 - actor/kl_loss:0.014397440391875217 - actor/kl_coef:0.009999999999999998 - actor/pg_clipfrac:0.0009565334756884154 - actor/ppo_kl:2.915545871545557e-06 - actor/pg_clipfrac_lower:0.0 - actor/pg_loss:0.06029056856657897 - actor/grad_norm:0.10680907546766691 - perf/mfu/actor:0.0 - perf/max_memory_allocated_gb:83.35194396972656 - perf/max_memory_reserved_gb:86.11328125 - perf/cpu_memory_used_gb:368.05712509155273 - actor/lr:1e-06 - training/global_step:43 - training/epoch:10 - critic/score/mean:0.5276952981948853 - critic/score/max:0.8999999761581421 - critic/score/min:0.0 - critic/rewards/mean:0.5276952981948853 - critic/rewards/max:0.8999999761581421 - critic/rewards/min:0.0 - critic/advantages/mean:-0.06077943369746208 - critic/advantages/max:1.7888498306274414 - critic/advantages/min:-1.7888498306274414 - critic/returns/mean:-0.06077943369746208 - critic/returns/max:1.7888498306274414 - critic/returns/min:-1.7888498306274414 - response_length/mean:852.5613403320312 - response_length/max:2048.0 - response_length/min:124.0 - response_length/clip_ratio:0.15664061903953552 - response_length_non_aborted/mean:852.5613403320312 - response_length_non_aborted/max:2048.0 - response_length_non_aborted/min:124.0 - response_length_non_aborted/clip_ratio:0.15664061903953552 - response/aborted_ratio:0.0 - prompt_length/mean:278.3671875 - prompt_length/max:842.0 - prompt_length/min:189.0 - prompt_length/clip_ratio:0.0 - num_turns/min:2 - num_turns/max:2 - num_turns/mean:2.0 - timing_s/start_profile:3.8428930565714836e-05 - timing_s/agent_loop/generate_sequences/min:6.961716663092375 - timing_s/agent_loop/generate_sequences/max:47.8128756005317 - timing_s/agent_loop/generate_sequences/mean:23.886803151960976 - timing_s/agent_loop/tool_calls/min:0.0 - timing_s/agent_loop/tool_calls/max:0.0 - timing_s/agent_loop/tool_calls/mean:0.0 - timing_s/agent_loop/slowest/generate_sequences:47.8128756005317 - timing_s/agent_loop/slowest/tool_calls:0.0 - timing_s/agent_loop/slowest/prompt_length:234 - timing_s/agent_loop/slowest/response_length:2048 - timing_s/gen:63.34679406811483 - timing_s/reward:0.00011140783317387104 - timing_s/old_log_prob:59.74671397078782 - timing_s/ref:57.35673311399296 - timing_s/adv:0.038442886201664805 - timing_s/update_actor:186.6999168379698 - timing_s/step:367.46449500788003 - timing_s/stop_profile:2.96090729534626e-05 - timing_per_token_ms/ref:0.019811131794012234 - timing_per_token_ms/gen:0.02902411898892667 - timing_per_token_ms/update_actor:0.06448652943774069 - timing_per_token_ms/adv:1.3278250760373133e-05 - perf/total_num_tokens:2895177 - perf/time_per_step:367.46449500788003 - perf/throughput:492.42461505327117
[36m(TaskRunner pid=245980)[0m step:44 - actor/entropy:0.2914144992828369 - perf/mfu/actor_infer:0 - actor/kl_loss:0.01489577613685323 - actor/kl_coef:0.009999999999999998 - actor/pg_clipfrac:0.0011325594678891812 - actor/ppo_kl:5.341231520141076e-05 - actor/pg_clipfrac_lower:4.81656601989706e-07 - actor/pg_loss:0.0691957698623789 - actor/grad_norm:0.11866788093482536 - perf/mfu/actor:0.0 - perf/max_memory_allocated_gb:83.45062828063965 - perf/max_memory_reserved_gb:86.28125 - perf/cpu_memory_used_gb:362.18935775756836 - actor/lr:1e-06 - training/global_step:44 - training/epoch:10 - critic/score/mean:0.5487890243530273 - critic/score/max:0.8999999761581421 - critic/score/min:0.0 - critic/rewards/mean:0.5487890243530273 - critic/rewards/max:0.8999999761581421 - critic/rewards/min:0.0 - critic/advantages/mean:-0.0691680833697319 - critic/advantages/max:1.7888498306274414 - critic/advantages/min:-1.7888498306274414 - critic/returns/mean:-0.0691680833697319 - critic/returns/max:1.7888498306274414 - critic/returns/min:-1.7888498306274414 - response_length/mean:816.552734375 - response_length/max:2048.0 - response_length/min:55.0 - response_length/clip_ratio:0.14179687201976776 - response_length_non_aborted/mean:816.552734375 - response_length_non_aborted/max:2048.0 - response_length_non_aborted/min:55.0 - response_length_non_aborted/clip_ratio:0.14179687201976776 - response/aborted_ratio:0.0 - prompt_length/mean:284.85546875 - prompt_length/max:663.0 - prompt_length/min:190.0 - prompt_length/clip_ratio:0.0 - num_turns/min:2 - num_turns/max:2 - num_turns/mean:2.0 - timing_s/start_profile:7.27588776499033e-05 - timing_s/agent_loop/generate_sequences/min:4.447738083079457 - timing_s/agent_loop/generate_sequences/max:46.76343759219162 - timing_s/agent_loop/generate_sequences/mean:23.129387058898647 - timing_s/agent_loop/tool_calls/min:0.0 - timing_s/agent_loop/tool_calls/max:0.0 - timing_s/agent_loop/tool_calls/mean:0.0 - timing_s/agent_loop/slowest/generate_sequences:46.76343759219162 - timing_s/agent_loop/slowest/tool_calls:0.0 - timing_s/agent_loop/slowest/prompt_length:365 - timing_s/agent_loop/slowest/response_length:2048 - timing_s/gen:63.84823735104874 - timing_s/reward:0.00011072796769440174 - timing_s/old_log_prob:61.95265421201475 - timing_s/ref:59.140629885019735 - timing_s/adv:0.038979084929451346 - timing_s/update_actor:185.7258086190559 - timing_s/step:370.9887026909273 - timing_s/stop_profile:2.9159942641854286e-05 - timing_per_token_ms/ref:0.020974792527683746 - timing_per_token_ms/gen:0.030543915494133225 - timing_per_token_ms/update_actor:0.06586944221586212 - timing_per_token_ms/adv:1.3824306925775541e-05 - perf/total_num_tokens:2819605 - perf/time_per_step:370.9887026909273 - perf/throughput:475.0153069939013
[36m(TaskRunner pid=245980)[0m test_gen_batch meta info: {'eos_token_id': 151645, 'pad_token_id': 151643, 'recompute_log_prob': False, 'do_sample': False, 'validate': True, 'global_steps': 45}
[36m(TaskRunner pid=245980)[0m validation generation end
[36m(TaskRunner pid=245980)[0m step:45 - actor/entropy:0.28456687927246094 - perf/mfu/actor_infer:0 - actor/kl_loss:0.014646392833331929 - actor/kl_coef:0.009999999999999998 - actor/pg_clipfrac:0.0011657180414819295 - actor/ppo_kl:4.544642504134131e-05 - actor/pg_clipfrac_lower:9.853322219843154e-07 - actor/pg_loss:0.06483444529756739 - actor/grad_norm:0.1268262478749495 - perf/mfu/actor:0.0 - perf/max_memory_allocated_gb:83.49250984191895 - perf/max_memory_reserved_gb:86.30078125 - perf/cpu_memory_used_gb:361.5779342651367 - actor/lr:1e-06 - val-aux/hiyouga/geometry3k/reward/mean@1:0.545091499703101 - val-core/hiyouga/geometry3k/acc/mean@1:0.5450915141430949 - val-aux/num_turns/min:2 - val-aux/num_turns/max:2 - val-aux/num_turns/mean:2.0 - training/global_step:45 - training/epoch:11 - critic/score/mean:0.5505468845367432 - critic/score/max:0.8999999761581421 - critic/score/min:0.0 - critic/rewards/mean:0.5505468845367432 - critic/rewards/max:0.8999999761581421 - critic/rewards/min:0.0 - critic/advantages/mean:-0.06479168683290482 - critic/advantages/max:1.7888498306274414 - critic/advantages/min:-1.7888498306274414 - critic/returns/mean:-0.06479168683290482 - critic/returns/max:1.7888498306274414 - critic/returns/min:-1.7888498306274414 - response_length/mean:802.984375 - response_length/max:2048.0 - response_length/min:104.0 - response_length/clip_ratio:0.13671875 - response_length_non_aborted/mean:802.984375 - response_length_non_aborted/max:2048.0 - response_length_non_aborted/min:104.0 - response_length_non_aborted/clip_ratio:0.13671875 - response/aborted_ratio:0.0 - prompt_length/mean:277.0859375 - prompt_length/max:842.0 - prompt_length/min:189.0 - prompt_length/clip_ratio:0.0 - num_turns/min:2 - num_turns/max:2 - num_turns/mean:2.0 - timing_s/start_profile:0.0002255551517009735 - timing_s/agent_loop/generate_sequences/min:5.154819516465068 - timing_s/agent_loop/generate_sequences/max:45.65975448186509 - timing_s/agent_loop/generate_sequences/mean:22.140864967813286 - timing_s/agent_loop/tool_calls/min:0.0 - timing_s/agent_loop/tool_calls/max:0.0 - timing_s/agent_loop/tool_calls/mean:0.0 - timing_s/agent_loop/slowest/generate_sequences:45.65975448186509 - timing_s/agent_loop/slowest/tool_calls:0.0 - timing_s/agent_loop/slowest/prompt_length:412 - timing_s/agent_loop/slowest/response_length:2048 - timing_s/gen:63.21040136506781 - timing_s/reward:0.00018263701349496841 - timing_s/old_log_prob:60.84681141702458 - timing_s/ref:55.944324207957834 - timing_s/adv:0.03879338898696005 - timing_s/update_actor:182.00272784894332 - timing_s/step:362.32600054494105 - timing_s/testing:42.69181731599383 - timing_s/stop_profile:4.0458980947732925e-05 - timing_per_token_ms/ref:0.02023317499871892 - timing_per_token_ms/gen:0.030749742836813747 - timing_per_token_ms/update_actor:0.06582424749869559 - timing_per_token_ms/adv:1.4030260250330944e-05 - perf/total_num_tokens:2764980 - perf/time_per_step:362.32600054494105 - perf/throughput:476.9496247580648[36m(TaskRunner pid=245980)[0m 
Training Progress:  38%|███▊      | 45/120 [5:11:44<8:32:47, 410.23s/it]
[36m(TaskRunner pid=245980)[0m 
Training Progress:  38%|███▊      | 46/120 [5:17:59<8:12:43, 399.50s/it]
[36m(TaskRunner pid=245980)[0m 
Training Progress:  39%|███▉      | 47/120 [5:23:58<7:51:10, 387.26s/it]

[36m(TaskRunner pid=245980)[0m step:46 - actor/entropy:0.30102357268333435 - perf/mfu/actor_infer:0 - actor/kl_loss:0.014591379572326939 - actor/kl_coef:0.009999999999999998 - actor/pg_clipfrac:0.0011116987513863327 - actor/ppo_kl:3.495624837499791e-05 - actor/pg_clipfrac_lower:8.958253602031619e-07 - actor/pg_loss:0.07913203818801169 - actor/grad_norm:0.11012822372602218 - perf/mfu/actor:0.0 - perf/max_memory_allocated_gb:83.68353223800659 - perf/max_memory_reserved_gb:86.48046875 - perf/cpu_memory_used_gb:361.0034637451172 - actor/lr:1e-06 - training/global_step:46 - training/epoch:11 - critic/score/mean:0.5182031393051147 - critic/score/max:0.8999999761581421 - critic/score/min:0.0 - critic/rewards/mean:0.5182031393051147 - critic/rewards/max:0.8999999761581421 - critic/rewards/min:0.0 - critic/advantages/mean:-0.0801202803850174 - critic/advantages/max:1.7888498306274414 - critic/advantages/min:-1.7888498306274414 - critic/returns/mean:-0.0801202803850174 - critic/returns/max:1.7888498306274414 - critic/returns/min:-1.7888498306274414 - response_length/mean:859.7238159179688 - response_length/max:2048.0 - response_length/min:118.0 - response_length/clip_ratio:0.16289062798023224 - response_length_non_aborted/mean:859.7238159179688 - response_length_non_aborted/max:2048.0 - response_length_non_aborted/min:118.0 - response_length_non_aborted/clip_ratio:0.16289062798023224 - response/aborted_ratio:0.0 - prompt_length/mean:280.9453125 - prompt_length/max:600.0 - prompt_length/min:190.0 - prompt_length/clip_ratio:0.0 - num_turns/min:2 - num_turns/max:2 - num_turns/mean:2.0 - timing_s/start_profile:8.517783135175705e-05 - timing_s/agent_loop/generate_sequences/min:6.287090074038133 - timing_s/agent_loop/generate_sequences/max:48.33728011394851 - timing_s/agent_loop/generate_sequences/mean:24.288800648170763 - timing_s/agent_loop/tool_calls/min:0.0 - timing_s/agent_loop/tool_calls/max:0.0 - timing_s/agent_loop/tool_calls/mean:0.0 - timing_s/agent_loop/slowest/generate_sequences:48.33728011394851 - timing_s/agent_loop/slowest/tool_calls:0.0 - timing_s/agent_loop/slowest/prompt_length:248 - timing_s/agent_loop/slowest/response_length:2048 - timing_s/gen:65.2014195190277 - timing_s/reward:0.00013509695418179035 - timing_s/old_log_prob:60.33004518598318 - timing_s/ref:59.951062383828685 - timing_s/adv:0.03852510405704379 - timing_s/update_actor:188.19734328892082 - timing_s/step:373.9940416379832 - timing_s/stop_profile:2.9300106689333916e-05 - timing_per_token_ms/ref:0.02053039124986899 - timing_per_token_ms/gen:0.029624983822033917 - timing_per_token_ms/update_actor:0.06444865088745566 - timing_per_token_ms/adv:1.3193018234925768e-05 - perf/total_num_tokens:2920113 - perf/time_per_step:373.9940416379832 - perf/throughput:487.9945725891062
[36m(TaskRunner pid=245980)[0m step:47 - actor/entropy:0.2930234968662262 - perf/mfu/actor_infer:0 - actor/kl_loss:0.014820470664671612 - actor/kl_coef:0.009999999999999998 - actor/pg_clipfrac:0.0010243495993166305 - actor/ppo_kl:3.972845942532733e-06 - actor/pg_clipfrac_lower:0.0 - actor/pg_loss:0.06416793743244789 - actor/grad_norm:0.10471716901161078 - perf/mfu/actor:0.0 - perf/max_memory_allocated_gb:83.80825471878052 - perf/max_memory_reserved_gb:86.5 - perf/cpu_memory_used_gb:357.9960632324219 - actor/lr:1e-06 - training/global_step:47 - training/epoch:11 - critic/score/mean:0.5399999618530273 - critic/score/max:0.8999999761581421 - critic/score/min:0.0 - critic/rewards/mean:0.5399999618530273 - critic/rewards/max:0.8999999761581421 - critic/rewards/min:0.0 - critic/advantages/mean:-0.06456694006919861 - critic/advantages/max:1.7888498306274414 - critic/advantages/min:-1.7888498306274414 - critic/returns/mean:-0.06456694006919861 - critic/returns/max:1.7888498306274414 - critic/returns/min:-1.7888498306274414 - response_length/mean:828.16015625 - response_length/max:2048.0 - response_length/min:83.0 - response_length/clip_ratio:0.140625 - response_length_non_aborted/mean:828.16015625 - response_length_non_aborted/max:2048.0 - response_length_non_aborted/min:83.0 - response_length_non_aborted/clip_ratio:0.140625 - response/aborted_ratio:0.0 - prompt_length/mean:281.51171875 - prompt_length/max:842.0 - prompt_length/min:189.0 - prompt_length/clip_ratio:0.0 - num_turns/min:2 - num_turns/max:2 - num_turns/mean:2.0 - timing_s/start_profile:7.952889427542686e-05 - timing_s/agent_loop/generate_sequences/min:5.289047875907272 - timing_s/agent_loop/generate_sequences/max:45.96916586207226 - timing_s/agent_loop/generate_sequences/mean:23.377554783229698 - timing_s/agent_loop/tool_calls/min:0.0 - timing_s/agent_loop/tool_calls/max:0.0 - timing_s/agent_loop/tool_calls/mean:0.0 - timing_s/agent_loop/slowest/generate_sequences:45.96916586207226 - timing_s/agent_loop/slowest/tool_calls:0.0 - timing_s/agent_loop/slowest/prompt_length:294 - timing_s/agent_loop/slowest/response_length:2048 - timing_s/gen:61.88504779804498 - timing_s/reward:0.000130196800455451 - timing_s/old_log_prob:57.964386423816904 - timing_s/ref:57.20936603285372 - timing_s/adv:0.04295932920649648 - timing_s/update_actor:179.95377185591497 - timing_s/step:357.33323749597184 - timing_s/stop_profile:3.002909943461418e-05 - timing_per_token_ms/ref:0.020138753725360017 - timing_per_token_ms/gen:0.02918982109157865 - timing_per_token_ms/update_actor:0.06334705214657872 - timing_per_token_ms/adv:1.5122477508306396e-05 - perf/total_num_tokens:2840760 - perf/time_per_step:357.33323749597184 - perf/throughput:496.8681369921584
[36m(TaskRunner pid=245980)[0m step:48 - actor/entropy:0.29418355226516724 - perf/mfu/actor_infer:0 - actor/kl_loss:0.015440285837427637 - actor/kl_coef:0.009999999999999998 - actor/pg_clipfrac:0.0011083742509741235 - actor/ppo_kl:5.5150646272736456e-05 - actor/pg_clipfrac_lower:4.510380342420747e-07 - actor/pg_loss:0.07274638028111545 - actor/grad_norm:0.1160724994810442 - perf/mfu/actor:0.0 - perf/max_memory_allocated_gb:83.83742952346802 - perf/max_memory_reserved_gb:86.62890625 - perf/cpu_memory_used_gb:355.26510429382324 - actor/lr:1e-06 - training/global_step:48 - training/epoch:11 - critic/score/mean:0.5396484732627869 - critic/score/max:0.8999999761581421 - critic/score/min:0.0 - critic/rewards/mean:0.5396484732627869 - critic/rewards/max:0.8999999761581421 - critic/rewards/min:0.0 - critic/advantages/mean:-0.07288315147161484 - critic/advantages/max:1.7888498306274414 - critic/advantages/min:-1.7888498306274414 - critic/returns/mean:-0.07288315147161484 - critic/returns/max:1.7888498306274414 - critic/returns/min:-1.7888498306274414 - response_length/mean:829.55078125 - response_length/max:2048.0 - response_length/min:125.0 - response_length/clip_ratio:0.146484375 - response_length_non_aborted/mean:829.55078125 - response_length_non_aborted/max:2048.0 - response_length_non_aborted/min:125.0 - response_length_non_aborted/clip_ratio:0.146484375 - response/aborted_ratio:0.0 - prompt_length/mean:280.75 - prompt_length/max:842.0 - prompt_length/min:190.0 - prompt_length/clip_ratio:0.0 - num_turns/min:2 - num_turns/max:2 - num_turns/mean:2.0 - timing_s/start_profile:3.640889190137386e-05 - timing_s/agent_loop/generate_sequences/min:6.991227712947875 - timing_s/agent_loop/generate_sequences/max:48.81193567812443 - timing_s/agent_loop/generate_sequences/mean:23.323754887636277 - timing_s/agent_loop/tool_calls/min:0.0 - timing_s/agent_loop/tool_calls/max:0.0 - timing_s/agent_loop/tool_calls/mean:0.0 - timing_s/agent_loop/slowest/generate_sequences:48.81193567812443 - timing_s/agent_loop/slowest/tool_calls:0.0 - timing_s/agent_loop/slowest/prompt_length:384 - timing_s/agent_loop/slowest/response_length:2048 - timing_s/gen:64.64781626290642 - timing_s/reward:0.00011350796557962894 - timing_s/old_log_prob:60.50104318396188 - timing_s/ref:58.98277053190395 - timing_s/adv:0.07270913105458021 - timing_s/update_actor:181.17166217509657 - timing_s/step:365.6680084189866 - timing_s/stop_profile:3.0809082090854645e-05 - timing_per_token_ms/ref:0.020751264097180856 - timing_per_token_ms/gen:0.030441841293483585 - timing_per_token_ms/update_actor:0.06373964760924741 - timing_per_token_ms/adv:2.55804596356492e-05 - perf/total_num_tokens:2842370 - perf/time_per_step:365.6680084189866 - perf/throughput:485.81806696211925[36m(TaskRunner pid=245980)[0m 
Training Progress:  40%|████      | 48/120 [5:30:04<7:37:00, 380.84s/it]
[36m(TaskRunner pid=245980)[0m 
Training Progress:  41%|████      | 49/120 [5:36:05<7:23:42, 374.96s/it]
[36m(TaskRunner pid=245980)[0m 
Training Progress:  42%|████▏     | 50/120 [5:43:04<7:32:51, 388.16s/it]

[36m(TaskRunner pid=245980)[0m step:49 - actor/entropy:0.2947597801685333 - perf/mfu/actor_infer:0 - actor/kl_loss:0.0158878063777506 - actor/kl_coef:0.009999999999999998 - actor/pg_clipfrac:0.001045033544176563 - actor/ppo_kl:-1.7707823494512404e-06 - actor/pg_clipfrac_lower:0.0 - actor/pg_loss:0.053970021000298275 - actor/grad_norm:0.12185267215163487 - perf/mfu/actor:0.0 - perf/max_memory_allocated_gb:83.95034837722778 - perf/max_memory_reserved_gb:86.767578125 - perf/cpu_memory_used_gb:351.3865165710449 - actor/lr:1e-06 - training/global_step:49 - training/epoch:12 - critic/score/mean:0.5421093702316284 - critic/score/max:0.8999999761581421 - critic/score/min:0.0 - critic/rewards/mean:0.5421093702316284 - critic/rewards/max:0.8999999761581421 - critic/rewards/min:0.0 - critic/advantages/mean:-0.05406416207551956 - critic/advantages/max:1.7888498306274414 - critic/advantages/min:-1.7888498306274414 - critic/returns/mean:-0.05406416207551956 - critic/returns/max:1.7888498306274414 - critic/returns/min:-1.7888498306274414 - response_length/mean:792.7976684570312 - response_length/max:2048.0 - response_length/min:111.0 - response_length/clip_ratio:0.13437500596046448 - response_length_non_aborted/mean:792.7976684570312 - response_length_non_aborted/max:2048.0 - response_length_non_aborted/min:111.0 - response_length_non_aborted/clip_ratio:0.13437500596046448 - response/aborted_ratio:0.0 - prompt_length/mean:274.7265625 - prompt_length/max:842.0 - prompt_length/min:189.0 - prompt_length/clip_ratio:0.0 - num_turns/min:2 - num_turns/max:2 - num_turns/mean:2.0 - timing_s/start_profile:0.00019729603081941605 - timing_s/agent_loop/generate_sequences/min:6.704749511554837 - timing_s/agent_loop/generate_sequences/max:44.897822665050626 - timing_s/agent_loop/generate_sequences/mean:21.848745130367387 - timing_s/agent_loop/tool_calls/min:0.0 - timing_s/agent_loop/tool_calls/max:0.0 - timing_s/agent_loop/tool_calls/mean:0.0 - timing_s/agent_loop/slowest/generate_sequences:44.897822665050626 - timing_s/agent_loop/slowest/tool_calls:0.0 - timing_s/agent_loop/slowest/prompt_length:527 - timing_s/agent_loop/slowest/response_length:2048 - timing_s/gen:63.376391406869516 - timing_s/reward:0.00015838700346648693 - timing_s/old_log_prob:57.706304201856256 - timing_s/ref:54.78815318690613 - timing_s/adv:0.03863454214297235 - timing_s/update_actor:175.9358165350277 - timing_s/step:352.12517304788344 - timing_s/stop_profile:2.85289715975523e-05 - timing_per_token_ms/ref:0.020047903328783572 - timing_per_token_ms/gen:0.031226634814245396 - timing_per_token_ms/update_actor:0.06437786340291889 - timing_per_token_ms/adv:1.4137026363926298e-05 - perf/total_num_tokens:2732862 - perf/time_per_step:352.12517304788344 - perf/throughput:485.065789308887
[36m(TaskRunner pid=245980)[0m test_gen_batch meta info: {'eos_token_id': 151645, 'pad_token_id': 151643, 'recompute_log_prob': False, 'do_sample': False, 'validate': True, 'global_steps': 50}
[36m(TaskRunner pid=245980)[0m validation generation end
[36m(TaskRunner pid=245980)[0m step:50 - actor/entropy:0.29813385009765625 - perf/mfu/actor_infer:0 - actor/kl_loss:0.015477668925638446 - actor/kl_coef:0.009999999999999998 - actor/pg_clipfrac:0.0009895816417636607 - actor/ppo_kl:3.5785023741804194e-05 - actor/pg_clipfrac_lower:4.4014237839414663e-07 - actor/pg_loss:0.05889331856140804 - actor/grad_norm:0.10962679970920727 - perf/mfu/actor:0.0 - perf/max_memory_allocated_gb:83.99906206130981 - perf/max_memory_reserved_gb:86.767578125 - perf/cpu_memory_used_gb:351.58214950561523 - actor/lr:1e-06 - val-aux/hiyouga/geometry3k/reward/mean@1:0.545091499703101 - val-core/hiyouga/geometry3k/acc/mean@1:0.5450915141430949 - val-aux/num_turns/min:2 - val-aux/num_turns/max:2 - val-aux/num_turns/mean:2.0 - training/global_step:50 - training/epoch:12 - critic/score/mean:0.5308593511581421 - critic/score/max:0.8999999761581421 - critic/score/min:0.0 - critic/rewards/mean:0.5308593511581421 - critic/rewards/max:0.8999999761581421 - critic/rewards/min:0.0 - critic/advantages/mean:-0.05873320251703262 - critic/advantages/max:1.7888498306274414 - critic/advantages/min:-1.7888498306274414 - critic/returns/mean:-0.05873320251703262 - critic/returns/max:1.7888498306274414 - critic/returns/min:-1.7888498306274414 - response_length/mean:849.6359252929688 - response_length/max:2048.0 - response_length/min:82.0 - response_length/clip_ratio:0.14140625298023224 - response_length_non_aborted/mean:849.6359252929688 - response_length_non_aborted/max:2048.0 - response_length_non_aborted/min:82.0 - response_length_non_aborted/clip_ratio:0.14140625298023224 - response/aborted_ratio:0.0 - prompt_length/mean:284.623046875 - prompt_length/max:842.0 - prompt_length/min:189.0 - prompt_length/clip_ratio:0.0 - num_turns/min:2 - num_turns/max:2 - num_turns/mean:2.0 - timing_s/start_profile:8.623790927231312e-05 - timing_s/agent_loop/generate_sequences/min:4.354816449806094 - timing_s/agent_loop/generate_sequences/max:47.39251075615175 - timing_s/agent_loop/generate_sequences/mean:24.138263188367727 - timing_s/agent_loop/tool_calls/min:0.0 - timing_s/agent_loop/tool_calls/max:0.0 - timing_s/agent_loop/tool_calls/mean:0.0 - timing_s/agent_loop/slowest/generate_sequences:47.39251075615175 - timing_s/agent_loop/slowest/tool_calls:0.0 - timing_s/agent_loop/slowest/prompt_length:449 - timing_s/agent_loop/slowest/response_length:2048 - timing_s/gen:63.43098611407913 - timing_s/reward:0.00011276802979409695 - timing_s/old_log_prob:62.51754296408035 - timing_s/ref:60.343880355823785 - timing_s/adv:0.03829367505386472 - timing_s/update_actor:188.65775363100693 - timing_s/step:375.2617898590397 - timing_s/testing:41.942666466813534 - timing_s/stop_profile:3.678887151181698e-05 - timing_per_token_ms/ref:0.020781698526269314 - timing_per_token_ms/gen:0.02916276002133227 - timing_per_token_ms/update_actor:0.06497143600120499 - timing_per_token_ms/adv:1.3187875982448865e-05 - perf/total_num_tokens:2903703 - perf/time_per_step:375.2617898590397 - perf/throughput:483.61288680142525
[36m(TaskRunner pid=245980)[0m step:51 - actor/entropy:0.29625368118286133 - perf/mfu/actor_infer:0 - actor/kl_loss:0.016748179628074854 - actor/kl_coef:0.009999999999999998 - actor/pg_clipfrac:0.0010019296305786 - actor/ppo_kl:2.4671665005305988e-05 - actor/pg_clipfrac_lower:0.0 - actor/pg_loss:0.06350069478804503 - actor/grad_norm:0.10281936273018433 - perf/mfu/actor:0.0 - perf/max_memory_allocated_gb:84.15227842330933 - perf/max_memory_reserved_gb:87.01171875 - perf/cpu_memory_used_gb:360.46739387512207 - actor/lr:1e-06 - training/global_step:51 - training/epoch:12 - critic/score/mean:0.5424609184265137 - critic/score/max:0.8999999761581421 - critic/score/min:0.0 - critic/rewards/mean:0.5424609184265137 - critic/rewards/max:0.8999999761581421 - critic/rewards/min:0.0 - critic/advantages/mean:-0.06342478841543198 - critic/advantages/max:1.7888498306274414 - critic/advantages/min:-1.7888498306274414 - critic/returns/mean:-0.06342478841543198 - critic/returns/max:1.7888498306274414 - critic/returns/min:-1.7888498306274414 - response_length/mean:826.4937744140625 - response_length/max:2048.0 - response_length/min:111.0 - response_length/clip_ratio:0.14296874403953552 - response_length_non_aborted/mean:826.4937744140625 - response_length_non_aborted/max:2048.0 - response_length_non_aborted/min:111.0 - response_length_non_aborted/clip_ratio:0.14296874403953552 - response/aborted_ratio:0.0 - prompt_length/mean:282.548828125 - prompt_length/max:842.0 - prompt_length/min:190.0 - prompt_length/clip_ratio:0.0 - num_turns/min:2 - num_turns/max:2 - num_turns/mean:2.0 - timing_s/start_profile:3.7329038605093956e-05 - timing_s/agent_loop/generate_sequences/min:7.027695344761014 - timing_s/agent_loop/generate_sequences/max:47.327466659015045 - timing_s/agent_loop/generate_sequences/mean:23.57279368602449 - timing_s/agent_loop/tool_calls/min:0.0 - timing_s/agent_loop/tool_calls/max:0.0 - timing_s/agent_loop/tool_calls/mean:0.0 - timing_s/agent_loop/slowest/generate_sequences:47.327466659015045 - timing_s/agent_loop/slowest/tool_calls:0.0 - timing_s/agent_loop/slowest/prompt_length:318 - timing_s/agent_loop/slowest/response_length:2048 - timing_s/gen:63.95878591691144 - timing_s/reward:0.00011006812565028667 - timing_s/old_log_prob:59.908302827971056 - timing_s/ref:57.57948343711905 - timing_s/adv:0.038111458998173475 - timing_s/update_actor:188.65467517799698 - timing_s/step:370.3995450390503 - timing_s/stop_profile:2.88989394903183e-05 - timing_per_token_ms/ref:0.020280543020855562 - timing_per_token_ms/gen:0.030228783640279835 - timing_per_token_ms/update_actor:0.06644761341444108 - timing_per_token_ms/adv:1.3423550154702509e-05 - perf/total_num_tokens:2839149 - perf/time_per_step:370.3995450390503 - perf/throughput:479.0686567427944[36m(TaskRunner pid=245980)[0m 
Training Progress:  42%|████▎     | 51/120 [5:49:14<7:20:20, 382.90s/it]
[36m(TaskRunner pid=245980)[0m 
Training Progress:  43%|████▎     | 52/120 [5:55:26<7:10:07, 379.52s/it]
[36m(TaskRunner pid=245980)[0m 
Training Progress:  44%|████▍     | 53/120 [6:01:48<7:04:35, 380.23s/it]

[36m(TaskRunner pid=245980)[0m step:52 - actor/entropy:0.29571962356567383 - perf/mfu/actor_infer:0 - actor/kl_loss:0.016797429834365506 - actor/kl_coef:0.009999999999999998 - actor/pg_clipfrac:0.0011119446895380943 - actor/ppo_kl:9.297704608809712e-06 - actor/pg_clipfrac_lower:0.0 - actor/pg_loss:0.056987069109461365 - actor/grad_norm:0.11663795574503018 - perf/mfu/actor:0.0 - perf/max_memory_allocated_gb:84.22503566741943 - perf/max_memory_reserved_gb:87.11328125 - perf/cpu_memory_used_gb:351.56102752685547 - actor/lr:1e-06 - training/global_step:52 - training/epoch:12 - critic/score/mean:0.5435156226158142 - critic/score/max:0.8999999761581421 - critic/score/min:0.0 - critic/rewards/mean:0.5435156226158142 - critic/rewards/max:0.8999999761581421 - critic/rewards/min:0.0 - critic/advantages/mean:-0.05701439827680588 - critic/advantages/max:1.7888498306274414 - critic/advantages/min:-1.7888498306274414 - critic/returns/mean:-0.05701439827680588 - critic/returns/max:1.7888498306274414 - critic/returns/min:-1.7888498306274414 - response_length/mean:836.2535400390625 - response_length/max:2048.0 - response_length/min:58.0 - response_length/clip_ratio:0.14414063096046448 - response_length_non_aborted/mean:836.2535400390625 - response_length_non_aborted/max:2048.0 - response_length_non_aborted/min:58.0 - response_length_non_aborted/clip_ratio:0.14414063096046448 - response/aborted_ratio:0.0 - prompt_length/mean:278.619140625 - prompt_length/max:664.0 - prompt_length/min:190.0 - prompt_length/clip_ratio:0.0 - num_turns/min:2 - num_turns/max:2 - num_turns/mean:2.0 - timing_s/start_profile:7.728906348347664e-05 - timing_s/agent_loop/generate_sequences/min:4.423466466134414 - timing_s/agent_loop/generate_sequences/max:49.41250587697141 - timing_s/agent_loop/generate_sequences/mean:23.722592959687518 - timing_s/agent_loop/tool_calls/min:0.0 - timing_s/agent_loop/tool_calls/max:0.0 - timing_s/agent_loop/tool_calls/mean:0.0 - timing_s/agent_loop/slowest/generate_sequences:49.41250587697141 - timing_s/agent_loop/slowest/tool_calls:0.0 - timing_s/agent_loop/slowest/prompt_length:337 - timing_s/agent_loop/slowest/response_length:2048 - timing_s/gen:64.75348992808722 - timing_s/reward:0.00013094814494252205 - timing_s/old_log_prob:58.423316524829715 - timing_s/ref:57.796621061861515 - timing_s/adv:0.044995147036388516 - timing_s/update_actor:189.529670487158 - timing_s/step:370.80969391204417 - timing_s/stop_profile:2.880883403122425e-05 - timing_per_token_ms/ref:0.020250568507285207 - timing_per_token_ms/gen:0.030247205578866315 - timing_per_token_ms/update_actor:0.06640671211999338 - timing_per_token_ms/adv:1.5765234901543728e-05 - perf/total_num_tokens:2854074 - perf/time_per_step:370.80969391204417 - perf/throughput:481.0543735199963
[36m(TaskRunner pid=245980)[0m step:53 - actor/entropy:0.29423895478248596 - perf/mfu/actor_infer:0 - actor/kl_loss:0.01790045221500537 - actor/kl_coef:0.009999999999999998 - actor/pg_clipfrac:0.0011478019410894964 - actor/ppo_kl:7.204600747289693e-05 - actor/pg_clipfrac_lower:4.715691080919522e-07 - actor/pg_loss:0.06418393506572316 - actor/grad_norm:0.10958527965808179 - perf/mfu/actor:0.0 - perf/max_memory_allocated_gb:84.26942110061646 - perf/max_memory_reserved_gb:87.22265625 - perf/cpu_memory_used_gb:353.2001705169678 - actor/lr:1e-06 - training/global_step:53 - training/epoch:13 - critic/score/mean:0.5660156011581421 - critic/score/max:0.8999999761581421 - critic/score/min:0.0 - critic/rewards/mean:0.5660156011581421 - critic/rewards/max:0.8999999761581421 - critic/rewards/min:0.0 - critic/advantages/mean:-0.06453727185726166 - critic/advantages/max:1.7888498306274414 - critic/advantages/min:-1.7888498306274414 - critic/returns/mean:-0.06453727185726166 - critic/returns/max:1.7888498306274414 - critic/returns/min:-1.7888498306274414 - response_length/mean:798.9281005859375 - response_length/max:2048.0 - response_length/min:96.0 - response_length/clip_ratio:0.12617187201976776 - response_length_non_aborted/mean:798.9281005859375 - response_length_non_aborted/max:2048.0 - response_length_non_aborted/min:96.0 - response_length_non_aborted/clip_ratio:0.12617187201976776 - response/aborted_ratio:0.0 - prompt_length/mean:287.88671875 - prompt_length/max:600.0 - prompt_length/min:191.0 - prompt_length/clip_ratio:0.0 - num_turns/min:2 - num_turns/max:2 - num_turns/mean:2.0 - timing_s/start_profile:0.00012436788529157639 - timing_s/agent_loop/generate_sequences/min:4.748488774523139 - timing_s/agent_loop/generate_sequences/max:46.499158915132284 - timing_s/agent_loop/generate_sequences/mean:22.545618999872385 - timing_s/agent_loop/tool_calls/min:0.0 - timing_s/agent_loop/tool_calls/max:0.0 - timing_s/agent_loop/tool_calls/mean:0.0 - timing_s/agent_loop/slowest/generate_sequences:46.499158915132284 - timing_s/agent_loop/slowest/tool_calls:0.0 - timing_s/agent_loop/slowest/prompt_length:205 - timing_s/agent_loop/slowest/response_length:2048 - timing_s/gen:65.19613296398893 - timing_s/reward:0.00011602696031332016 - timing_s/old_log_prob:67.01787935383618 - timing_s/ref:60.34874645899981 - timing_s/adv:0.039011413929983974 - timing_s/update_actor:178.24647369002923 - timing_s/step:371.1174327121116 - timing_s/stop_profile:3.07189766317606e-05 - timing_per_token_ms/ref:0.021690658000406798 - timing_per_token_ms/gen:0.0318767591753741 - timing_per_token_ms/update_actor:0.06406567704294633 - timing_per_token_ms/adv:1.4021554503082751e-05 - perf/total_num_tokens:2782246 - perf/time_per_step:371.1174327121116 - perf/throughput:468.55889719115584
[36m(TaskRunner pid=245980)[0m step:54 - actor/entropy:0.29758769273757935 - perf/mfu/actor_infer:0 - actor/kl_loss:0.01777220749424706 - actor/kl_coef:0.009999999999999998 - actor/pg_clipfrac:0.001091217669705531 - actor/ppo_kl:3.672563668672687e-05 - actor/pg_clipfrac_lower:1.381502673096805e-06 - actor/pg_loss:0.06067087325380731 - actor/grad_norm:0.11727209265099858 - perf/mfu/actor:0.0 - perf/max_memory_allocated_gb:84.28989458084106 - perf/max_memory_reserved_gb:87.22265625 - perf/cpu_memory_used_gb:348.2613868713379 - actor/lr:1e-06 - training/global_step:54 - training/epoch:13 - critic/score/mean:0.5262890458106995 - critic/score/max:0.8999999761581421 - critic/score/min:0.0 - critic/rewards/mean:0.5262890458106995 - critic/rewards/max:0.8999999761581421 - critic/rewards/min:0.0 - critic/advantages/mean:-0.06123271957039833 - critic/advantages/max:1.7888498306274414 - critic/advantages/min:-1.7888498306274414 - critic/returns/mean:-0.06123271957039833 - critic/returns/max:1.7888498306274414 - critic/returns/min:-1.7888498306274414 - response_length/mean:831.392578125 - response_length/max:2048.0 - response_length/min:135.0 - response_length/clip_ratio:0.13671875 - response_length_non_aborted/mean:831.392578125 - response_length_non_aborted/max:2048.0 - response_length_non_aborted/min:135.0 - response_length_non_aborted/clip_ratio:0.13671875 - response/aborted_ratio:0.0 - prompt_length/mean:277.41796875 - prompt_length/max:842.0 - prompt_length/min:190.0 - prompt_length/clip_ratio:0.0 - num_turns/min:2 - num_turns/max:2 - num_turns/mean:2.0 - timing_s/start_profile:7.793912664055824e-05 - timing_s/agent_loop/generate_sequences/min:7.00928028090857 - timing_s/agent_loop/generate_sequences/max:47.557955156080425 - timing_s/agent_loop/generate_sequences/mean:23.45626177420372 - timing_s/agent_loop/tool_calls/min:0.0 - timing_s/agent_loop/tool_calls/max:0.0 - timing_s/agent_loop/tool_calls/mean:0.0 - timing_s/agent_loop/slowest/generate_sequences:47.557955156080425 - timing_s/agent_loop/slowest/tool_calls:0.0 - timing_s/agent_loop/slowest/prompt_length:352 - timing_s/agent_loop/slowest/response_length:2048 - timing_s/gen:62.81459399103187 - timing_s/reward:0.00011808681301772594 - timing_s/old_log_prob:57.61123069189489 - timing_s/ref:56.99129569809884 - timing_s/adv:0.03900406393222511 - timing_s/update_actor:181.9634510341566 - timing_s/step:359.6812959329691 - timing_s/stop_profile:2.9589980840682983e-05 - timing_per_token_ms/ref:0.020077573165959033 - timing_per_token_ms/gen:0.0295130741160618 - timing_per_token_ms/update_actor:0.06410425411315145 - timing_per_token_ms/adv:1.3740816694488959e-05 - perf/total_num_tokens:2838555 - perf/time_per_step:359.6812959329691 - perf/throughput:493.2413486773647[36m(TaskRunner pid=245980)[0m 
Training Progress:  45%|████▌     | 54/120 [6:07:48<6:51:40, 374.26s/it]
[36m(TaskRunner pid=245980)[0m 
Training Progress:  46%|████▌     | 55/120 [6:14:39<6:57:25, 385.32s/it]
[36m(TaskRunner pid=245980)[0m 
Training Progress:  47%|████▋     | 56/120 [6:20:54<6:47:28, 382.00s/it]

[36m(TaskRunner pid=245980)[0m test_gen_batch meta info: {'eos_token_id': 151645, 'pad_token_id': 151643, 'recompute_log_prob': False, 'do_sample': False, 'validate': True, 'global_steps': 55}
[36m(TaskRunner pid=245980)[0m validation generation end
[36m(TaskRunner pid=245980)[0m step:55 - actor/entropy:0.29445552825927734 - perf/mfu/actor_infer:0 - actor/kl_loss:0.01736245719694543 - actor/kl_coef:0.009999999999999998 - actor/pg_clipfrac:0.0010845397046068683 - actor/ppo_kl:6.312122799768965e-05 - actor/pg_clipfrac_lower:0.0 - actor/pg_loss:0.058972023899838244 - actor/grad_norm:0.11070143549852669 - perf/mfu/actor:0.0 - perf/max_memory_allocated_gb:84.33974695205688 - perf/max_memory_reserved_gb:87.22265625 - perf/cpu_memory_used_gb:348.0499858856201 - actor/lr:1e-06 - val-aux/hiyouga/geometry3k/reward/mean@1:0.5525790203034183 - val-core/hiyouga/geometry3k/acc/mean@1:0.5525790349417637 - val-aux/num_turns/min:2 - val-aux/num_turns/max:2 - val-aux/num_turns/mean:2.0 - training/global_step:55 - training/epoch:13 - critic/score/mean:0.5424609184265137 - critic/score/max:0.8999999761581421 - critic/score/min:0.0 - critic/rewards/mean:0.5424609184265137 - critic/rewards/max:0.8999999761581421 - critic/rewards/min:0.0 - critic/advantages/mean:-0.05856131389737129 - critic/advantages/max:1.7888498306274414 - critic/advantages/min:-1.7888498306274414 - critic/returns/mean:-0.05856131389737129 - critic/returns/max:1.7888498306274414 - critic/returns/min:-1.7888498306274414 - response_length/mean:834.5812377929688 - response_length/max:2048.0 - response_length/min:115.0 - response_length/clip_ratio:0.146484375 - response_length_non_aborted/mean:834.5812377929688 - response_length_non_aborted/max:2048.0 - response_length_non_aborted/min:115.0 - response_length_non_aborted/clip_ratio:0.146484375 - response/aborted_ratio:0.0 - prompt_length/mean:278.552734375 - prompt_length/max:842.0 - prompt_length/min:190.0 - prompt_length/clip_ratio:0.0 - num_turns/min:2 - num_turns/max:2 - num_turns/mean:2.0 - timing_s/start_profile:7.794797420501709e-05 - timing_s/agent_loop/generate_sequences/min:6.477659498108551 - timing_s/agent_loop/generate_sequences/max:48.64323132112622 - timing_s/agent_loop/generate_sequences/mean:23.624811094209598 - timing_s/agent_loop/tool_calls/min:0.0 - timing_s/agent_loop/tool_calls/max:0.0 - timing_s/agent_loop/tool_calls/mean:0.0 - timing_s/agent_loop/slowest/generate_sequences:48.64323132112622 - timing_s/agent_loop/slowest/tool_calls:0.0 - timing_s/agent_loop/slowest/prompt_length:234 - timing_s/agent_loop/slowest/response_length:2048 - timing_s/gen:64.16762870294042 - timing_s/reward:0.0001105868723243475 - timing_s/old_log_prob:57.922410540049896 - timing_s/ref:58.20516888308339 - timing_s/adv:0.03978926897980273 - timing_s/update_actor:187.03494634502567 - timing_s/step:368.1083263999317 - timing_s/testing:42.55312751699239 - timing_s/stop_profile:4.206993617117405e-05 - timing_per_token_ms/ref:0.020425568183259114 - timing_per_token_ms/gen:0.03003360063754859 - timing_per_token_ms/update_actor:0.06563497920427568 - timing_per_token_ms/adv:1.3962994045107976e-05 - perf/total_num_tokens:2849623 - perf/time_per_step:368.1083263999317 - perf/throughput:483.8288751624203
[36m(TaskRunner pid=245980)[0m step:56 - actor/entropy:0.30596640706062317 - perf/mfu/actor_infer:0 - actor/kl_loss:0.01816573444838551 - actor/kl_coef:0.009999999999999998 - actor/pg_clipfrac:0.001084203577316988 - actor/ppo_kl:4.89223974756602e-05 - actor/pg_clipfrac_lower:9.308046587234871e-07 - actor/pg_loss:0.05882424426321946 - actor/grad_norm:0.10592231860027548 - perf/mfu/actor:0.0 - perf/max_memory_allocated_gb:84.48989057540894 - perf/max_memory_reserved_gb:87.248046875 - perf/cpu_memory_used_gb:346.3211555480957 - actor/lr:1e-06 - training/global_step:56 - training/epoch:13 - critic/score/mean:0.5484375357627869 - critic/score/max:0.8999999761581421 - critic/score/min:0.0 - critic/rewards/mean:0.5484375357627869 - critic/rewards/max:0.8999999761581421 - critic/rewards/min:0.0 - critic/advantages/mean:-0.059470150619745255 - critic/advantages/max:1.7888498306274414 - critic/advantages/min:-1.7888498306274414 - critic/returns/mean:-0.059470150619745255 - critic/returns/max:1.7888498306274414 - critic/returns/min:-1.7888498306274414 - response_length/mean:843.8097534179688 - response_length/max:2048.0 - response_length/min:70.0 - response_length/clip_ratio:0.15351562201976776 - response_length_non_aborted/mean:843.8097534179688 - response_length_non_aborted/max:2048.0 - response_length_non_aborted/min:70.0 - response_length_non_aborted/clip_ratio:0.15351562201976776 - response/aborted_ratio:0.0 - prompt_length/mean:277.79296875 - prompt_length/max:596.0 - prompt_length/min:189.0 - prompt_length/clip_ratio:0.0 - num_turns/min:2 - num_turns/max:2 - num_turns/mean:2.0 - timing_s/start_profile:9.049801155924797e-05 - timing_s/agent_loop/generate_sequences/min:4.515634523704648 - timing_s/agent_loop/generate_sequences/max:48.83436533506028 - timing_s/agent_loop/generate_sequences/mean:23.538054392957292 - timing_s/agent_loop/tool_calls/min:0.0 - timing_s/agent_loop/tool_calls/max:0.0 - timing_s/agent_loop/tool_calls/mean:0.0 - timing_s/agent_loop/slowest/generate_sequences:48.83436533506028 - timing_s/agent_loop/slowest/tool_calls:0.0 - timing_s/agent_loop/slowest/prompt_length:277 - timing_s/agent_loop/slowest/response_length:2048 - timing_s/gen:66.03489492903464 - timing_s/reward:0.00013225805014371872 - timing_s/old_log_prob:60.69883240503259 - timing_s/ref:57.547321842983365 - timing_s/adv:0.05108337290585041 - timing_s/update_actor:188.99274103716016 - timing_s/step:373.60772447194904 - timing_s/stop_profile:2.8060050681233406e-05 - timing_per_token_ms/ref:0.020042232339458205 - timing_per_token_ms/gen:0.030569545272503676 - timing_per_token_ms/update_actor:0.06582124597688233 - timing_per_token_ms/adv:1.7791007394848405e-05 - perf/total_num_tokens:2871303 - perf/time_per_step:373.60772447194904 - perf/throughput:480.33385218049426
[36m(TaskRunner pid=245980)[0m step:57 - actor/entropy:0.30190974473953247 - perf/mfu/actor_infer:0 - actor/kl_loss:0.018732913430883652 - actor/kl_coef:0.009999999999999998 - actor/pg_clipfrac:0.0010653750681134018 - actor/ppo_kl:2.5084092987349827e-05 - actor/pg_clipfrac_lower:0.0 - actor/pg_loss:0.06210617241756861 - actor/grad_norm:0.11743337666149524 - perf/mfu/actor:0.0 - perf/max_memory_allocated_gb:84.54461145401001 - perf/max_memory_reserved_gb:87.326171875 - perf/cpu_memory_used_gb:346.29089736938477 - actor/lr:1e-06 - training/global_step:57 - training/epoch:14 - critic/score/mean:0.543164074420929 - critic/score/max:0.8999999761581421 - critic/score/min:0.0 - critic/rewards/mean:0.543164074420929 - critic/rewards/max:0.8999999761581421 - critic/rewards/min:0.0 - critic/advantages/mean:-0.06278674304485321 - critic/advantages/max:1.7888498306274414 - critic/advantages/min:-1.7888498306274414 - critic/returns/mean:-0.06278674304485321 - critic/returns/max:1.7888498306274414 - critic/returns/min:-1.7888498306274414 - response_length/mean:859.2379150390625 - response_length/max:2048.0 - response_length/min:104.0 - response_length/clip_ratio:0.15117187798023224 - response_length_non_aborted/mean:859.2379150390625 - response_length_non_aborted/max:2048.0 - response_length_non_aborted/min:104.0 - response_length_non_aborted/clip_ratio:0.15117187798023224 - response/aborted_ratio:0.0 - prompt_length/mean:285.603515625 - prompt_length/max:842.0 - prompt_length/min:190.0 - prompt_length/clip_ratio:0.0 - num_turns/min:2 - num_turns/max:2 - num_turns/mean:2.0 - timing_s/start_profile:0.00017542694695293903 - timing_s/agent_loop/generate_sequences/min:5.958583296043798 - timing_s/agent_loop/generate_sequences/max:49.80422816425562 - timing_s/agent_loop/generate_sequences/mean:24.18295346685045 - timing_s/agent_loop/tool_calls/min:0.0 - timing_s/agent_loop/tool_calls/max:0.0 - timing_s/agent_loop/tool_calls/mean:0.0 - timing_s/agent_loop/slowest/generate_sequences:49.80422816425562 - timing_s/agent_loop/slowest/tool_calls:0.0 - timing_s/agent_loop/slowest/prompt_length:363 - timing_s/agent_loop/slowest/response_length:2048 - timing_s/gen:67.40661649988033 - timing_s/reward:0.00012312782928347588 - timing_s/old_log_prob:63.1143608239945 - timing_s/ref:59.33261592895724 - timing_s/adv:0.04788093501701951 - timing_s/update_actor:193.09773101308383 - timing_s/step:383.2714914660901 - timing_s/stop_profile:3.0139926820993423e-05 - timing_per_token_ms/ref:0.020244553499480768 - timing_per_token_ms/gen:0.030644260288746217 - timing_per_token_ms/update_actor:0.06588580808241173 - timing_per_token_ms/adv:1.633718883586479e-05 - perf/total_num_tokens:2930794 - perf/time_per_step:383.2714914660901 - perf/throughput:477.9239496768216[36m(TaskRunner pid=245980)[0m 
Training Progress:  48%|████▊     | 57/120 [6:27:27<6:44:42, 385.43s/it]
[36m(TaskRunner pid=245980)[0m 
Training Progress:  48%|████▊     | 58/120 [6:33:34<6:32:37, 379.95s/it]
[36m(TaskRunner pid=245980)[0m 
Training Progress:  49%|████▉     | 59/120 [6:39:42<6:22:33, 376.28s/it]
[36m(WorkerDict pid=246556)[0m WARNING:2026-01-03 08:54:03,338:Rank 6 common state dict differs from rank 0 common state dict. Keys only on rank 0: [], Keys only on 6: [('optimizer', 'param_state', 49), ('optimizer', 'param_state', 50), ('optimizer', 'param_state', 51), ('optimizer', 'param_state', 52), ('optimizer', 'param_state', 53), ('optimizer', 'param_state', 54), ('optimizer', 'param_state', 55), ('optimizer', 'param_state', 56), ('optimizer', 'param_state', 57), ('optimizer', 'param_state', 58), ('optimizer', 'param_state', 59), ('optimizer', 'param_state', 60), ('optimizer', 'param_state', 61), ('optimizer', 'param_state', 62), ('optimizer', 'param_state', 63), ('optimizer', 'param_state', 64), ('optimizer', 'param_state', 65), ('optimizer', 'param_state', 66), ('optimizer', 'param_state', 67), ('optimizer', 'param_state', 68), ('optimizer', 'param_state', 69), ('optimizer', 'param_state', 70), ('optimizer', 'param_state', 71), ('optimizer', 'param_state', 72), ('optimizer', 'param_state', 73), ('optimizer', 'param_state', 74), ('optimizer', 'param_state', 75), ('optimizer', 'param_state', 76), ('optimizer', 'param_state', 77), ('optimizer', 'param_state', 78), ('optimizer', 'param_state', 79), ('optimizer', 'param_state', 80), ('optimizer', 'param_state', 81), ('optimizer', 'param_state', 82), ('optimizer', 'param_state', 83), ('optimizer', 'param_state', 84), ('optimizer', 'param_state', 85), ('optimizer', 'param_state', 86), ('optimizer', 'param_state', 87), ('optimizer', 'param_state', 88), ('optimizer', 'param_state', 89), ('optimizer', 'param_state', 90), ('optimizer', 'param_state', 91), ('optimizer', 'param_state', 92), ('optimizer', 'param_state', 93), ('optimizer', 'param_state', 94), ('optimizer', 'param_state', 95), ('optimizer', 'param_state', 96), ('optimizer', 'param_state', 97), ('optimizer', 'param_state', 98), ('optimizer', 'param_state', 99), ('optimizer', 'param_state', 100), ('optimizer', 'param_state', 101), ('optimizer', 'param_state', 102), ('optimizer', 'param_state', 103), ('optimizer', 'param_state', 104), ('optimizer', 'param_state', 105), ('optimizer', 'param_state', 106), ('optimizer', 'param_state', 107), ('optimizer', 'param_state', 108), ('optimizer', 'param_state', 109), ('optimizer', 'param_state', 110), ('optimizer', 'param_state', 111), ('optimizer', 'param_state', 112), ('optimizer', 'param_state', 113), ('optimizer', 'param_state', 114), ('optimizer', 'param_state', 115), ('optimizer', 'param_state', 116), ('optimizer', 'param_state', 117), ('optimizer', 'param_state', 118), ('optimizer', 'param_state', 119), ('optimizer', 'param_state', 120), ('optimizer', 'param_state', 121), ('optimizer', 'param_state', 122), ('optimizer', 'param_state', 123), ('optimizer', 'param_state', 124), ('optimizer', 'param_state', 125), ('optimizer', 'param_state', 126), ('optimizer', 'param_state', 127), ('optimizer', 'param_state', 128), ('optimizer', 'param_state', 129), ('optimizer', 'param_state', 130), ('optimizer', 'param_state', 131), ('optimizer', 'param_state', 132), ('optimizer', 'param_state', 133), ('optimizer', 'param_state', 134), ('optimizer', 'param_state', 135), ('optimizer', 'param_state', 136), ('optimizer', 'param_state', 137), ('optimizer', 'param_state', 138), ('optimizer', 'param_state', 139), ('optimizer', 'param_state', 140), ('optimizer', 'param_state', 141), ('optimizer', 'param_state', 142), ('optimizer', 'param_state', 143), ('optimizer', 'param_state', 144), ('optimizer', 'param_state', 145), ('optimizer', 'param_state', 146), ('optimizer', 'param_state', 147), ('optimizer', 'param_state', 148), ('optimizer', 'param_state', 149), ('optimizer', 'param_state', 150), ('optimizer', 'param_state', 151), ('optimizer', 'param_state', 152), ('optimizer', 'param_state', 153), ('optimizer', 'param_state', 154), ('optimizer', 'param_state', 155), ('optimizer', 'param_state', 156), ('optimizer', 'param_state', 157), ('optimizer', 'param_state', 158), ('optimizer', 'param_state', 159), ('optimizer', 'param_state', 160), ('optimizer', 'param_state', 161), ('optimizer', 'param_state', 162), ('optimizer', 'param_state', 163), ('optimizer', 'param_state', 164), ('optimizer', 'param_state', 165), ('optimizer', 'param_state', 166), ('optimizer', 'param_state', 167), ('optimizer', 'param_state', 168), ('optimizer', 'param_state', 169), ('optimizer', 'param_state', 170), ('optimizer', 'param_state', 171), ('optimizer', 'param_state', 172), ('optimizer', 'param_state', 173), ('optimizer', 'param_state', 174), ('optimizer', 'param_state', 175), ('optimizer', 'param_state', 176), ('optimizer', 'param_state', 177), ('optimizer', 'param_state', 178), ('optimizer', 'param_state', 179), ('optimizer', 'param_state', 180), ('optimizer', 'param_state', 181), ('optimizer', 'param_state', 182), ('optimizer', 'param_state', 183), ('optimizer', 'param_state', 184), ('optimizer', 'param_state', 185), ('optimizer', 'param_state', 186), ('optimizer', 'param_state', 187), ('optimizer', 'param_state', 188), ('optimizer', 'param_state', 189), ('optimizer', 'param_state', 190), ('optimizer', 'param_state', 191), ('optimizer', 'param_state', 192), ('optimizer', 'param_state', 193), ('optimizer', 'param_state', 194), ('optimizer', 'param_state', 195), ('optimizer', 'param_state', 196), ('optimizer', 'param_state', 197), ('optimizer', 'param_state', 198), ('optimizer', 'param_state', 199), ('optimizer', 'param_state', 200), ('optimizer', 'param_state', 201), ('optimizer', 'param_state', 202), ('optimizer', 'param_state', 203), ('optimizer', 'param_state', 204), ('optimizer', 'param_state', 205), ('optimizer', 'param_state', 206), ('optimizer', 'param_state', 207), ('optimizer', 'param_state', 208), ('optimizer', 'param_state', 209), ('optimizer', 'param_state', 210), ('optimizer', 'param_state', 211), ('optimizer', 'param_state', 212), ('optimizer', 'param_state', 213), ('optimizer', 'param_state', 214), ('optimizer', 'param_state', 215), ('optimizer', 'param_state', 216), ('optimizer', 'param_state', 217), ('optimizer', 'param_state', 218), ('optimizer', 'param_state', 219), ('optimizer', 'param_state', 220), ('optimizer', 'param_state', 221), ('optimizer', 'param_state', 222), ('optimizer', 'param_state', 223), ('optimizer', 'param_state', 224), ('optimizer', 'param_state', 225), ('optimizer', 'param_state', 226), ('optimizer', 'param_state', 227), ('optimizer', 'param_state', 228), ('optimizer', 'param_state', 229), ('optimizer', 'param_state', 230), ('optimizer', 'param_state', 231), ('optimizer', 'param_state', 232), ('optimizer', 'param_state', 233), ('optimizer', 'param_state', 234), ('optimizer', 'param_state', 235), ('optimizer', 'param_state', 236), ('optimizer', 'param_state', 237), ('optimizer', 'param_state', 238), ('optimizer', 'param_state', 239), ('optimizer', 'param_state', 240), ('optimizer', 'param_state', 241), ('optimizer', 'param_state', 242), ('optimizer', 'param_state', 243), ('optimizer', 'param_state', 244), ('optimizer', 'param_state', 245), ('optimizer', 'param_state', 246), ('optimizer', 'param_state', 247), ('optimizer', 'param_state', 248), ('optimizer', 'param_state', 249), ('optimizer', 'param_state', 250), ('optimizer', 'param_state', 251), ('optimizer', 'param_state', 252), ('optimizer', 'param_state', 253), ('optimizer', 'param_state', 254), ('optimizer', 'param_state', 255), ('optimizer', 'param_state', 256), ('optimizer', 'param_state', 257), ('optimizer', 'param_state', 258), ('optimizer', 'param_state', 259), ('optimizer', 'param_state', 260), ('optimizer', 'param_state', 261), ('optimizer', 'param_state', 262), ('optimizer', 'param_state', 263), ('optimizer', 'param_state', 264), ('optimizer', 'param_state', 265), ('optimizer', 'param_state', 266), ('optimizer', 'param_state', 267), ('optimizer', 'param_state', 268), ('optimizer', 'param_state', 269), ('optimizer', 'param_state', 270), ('optimizer', 'param_state', 271), ('optimizer', 'param_state', 272), ('optimizer', 'param_state', 273), ('optimizer', 'param_state', 274), ('optimizer', 'param_state', 275), ('optimizer', 'param_state', 276), ('optimizer', 'param_state', 277), ('optimizer', 'param_state', 278), ('optimizer', 'param_state', 279), ('optimizer', 'param_state', 280), ('optimizer', 'param_state', 281), ('optimizer', 'param_state', 282), ('optimizer', 'param_state', 283), ('optimizer', 'param_state', 284), ('optimizer', 'param_state', 285), ('optimizer', 'param_state', 286), ('optimizer', 'param_state', 287), ('optimizer', 'param_state', 288), ('optimizer', 'param_state', 289), ('optimizer', 'param_state', 290), ('optimizer', 'param_state', 291), ('optimizer', 'param_state', 292), ('optimizer', 'param_state', 293), ('optimizer', 'param_state', 294), ('optimizer', 'param_state', 295), ('optimizer', 'param_state', 296), ('optimizer', 'param_state', 297), ('optimizer', 'param_state', 298), ('optimizer', 'param_state', 299), ('optimizer', 'param_state', 300), ('optimizer', 'param_state', 301), ('optimizer', 'param_state', 302), ('optimizer', 'param_state', 303), ('optimizer', 'param_state', 304), ('optimizer', 'param_state', 305), ('optimizer', 'param_state', 306), ('optimizer', 'param_state', 307), ('optimizer', 'param_state', 308), ('optimizer', 'param_state', 309), ('optimizer', 'param_state', 310), ('optimizer', 'param_state', 311), ('optimizer', 'param_state', 312), ('optimizer', 'param_state', 313), ('optimizer', 'param_state', 314), ('optimizer', 'param_state', 315), ('optimizer', 'param_state', 316), ('optimizer', 'param_state', 317), ('optimizer', 'param_state', 318), ('optimizer', 'param_state', 319), ('optimizer', 'param_state', 320), ('optimizer', 'param_state', 321), ('optimizer', 'param_state', 322), ('optimizer', 'param_state', 323), ('optimizer', 'param_state', 324), ('optimizer', 'param_state', 325), ('optimizer', 'param_state', 326), ('optimizer', 'param_state', 327), ('optimizer', 'param_state', 328), ('optimizer', 'param_state', 329), ('optimizer', 'param_state', 330), ('optimizer', 'param_state', 331), ('optimizer', 'param_state', 332), ('optimizer', 'param_state', 333), ('optimizer', 'param_state', 334), ('optimizer', 'param_state', 335), ('optimizer', 'param_state', 336), ('optimizer', 'param_state', 337), ('optimizer', 'param_state', 338), ('optimizer', 'param_state', 339), ('optimizer', 'param_state', 340), ('optimizer', 'param_state', 341), ('optimizer', 'param_state', 342), ('optimizer', 'param_state', 343), ('optimizer', 'param_state', 344), ('optimizer', 'param_state', 345), ('optimizer', 'param_state', 346), ('optimizer', 'param_state', 347), ('optimizer', 'param_state', 348), ('optimizer', 'param_state', 349), ('optimizer', 'param_state', 350), ('optimizer', 'param_state', 351)], Mismatched keys: []
[36m(WorkerDict pid=71406, ip=node2)[0m WARNING:2026-01-03 08:54:03,337:Rank 9 common state dict differs from rank 0 common state dict. Keys only on rank 0: [('optimizer', 'param_state', 19), ('optimizer', 'param_state', 20), ('optimizer', 'param_state', 21), ('optimizer', 'param_state', 22), ('optimizer', 'param_state', 23), ('optimizer', 'param_state', 24), ('optimizer', 'param_state', 25), ('optimizer', 'param_state', 26), ('optimizer', 'param_state', 27), ('optimizer', 'param_state', 28), ('optimizer', 'param_state', 29), ('optimizer', 'param_state', 30), ('optimizer', 'param_state', 31), ('optimizer', 'param_state', 32), ('optimizer', 'param_state', 33), ('optimizer', 'param_state', 34), ('optimizer', 'param_state', 35), ('optimizer', 'param_state', 36), ('optimizer', 'param_state', 37), ('optimizer', 'param_state', 38), ('optimizer', 'param_state', 39), ('optimizer', 'param_state', 40), ('optimizer', 'param_state', 41), ('optimizer', 'param_state', 42), ('optimizer', 'param_state', 43), ('optimizer', 'param_state', 44), ('optimizer', 'param_state', 45), ('optimizer', 'param_state', 46), ('optimizer', 'param_state', 47), ('optimizer', 'param_state', 48)], Keys only on 9: [], Mismatched keys: []
[36m(WorkerDict pid=71407, ip=node2)[0m WARNING:2026-01-03 08:54:03,337:Rank 10 common state dict differs from rank 0 common state dict. Keys only on rank 0: [('optimizer', 'param_state', 42), ('optimizer', 'param_state', 43), ('optimizer', 'param_state', 44), ('optimizer', 'param_state', 45), ('optimizer', 'param_state', 46), ('optimizer', 'param_state', 47), ('optimizer', 'param_state', 48)], Keys only on 10: [], Mismatched keys: []
[36m(WorkerDict pid=71409, ip=node2)[0m WARNING:2026-01-03 08:54:03,337:Rank 15 common state dict differs from rank 0 common state dict. Keys only on rank 0: [('optimizer', 'param_state', 48), ('optimizer', 'param_state', 47)], Keys only on 15: [], Mismatched keys: []
[36m(WorkerDict pid=71414, ip=node2)[0m WARNING:2026-01-03 08:54:03,337:Rank 12 common state dict differs from rank 0 common state dict. Keys only on rank 0: [('optimizer', 'param_state', 41), ('optimizer', 'param_state', 42), ('optimizer', 'param_state', 43), ('optimizer', 'param_state', 44), ('optimizer', 'param_state', 45), ('optimizer', 'param_state', 46), ('optimizer', 'param_state', 47), ('optimizer', 'param_state', 48)], Keys only on 12: [], Mismatched keys: []
[36m(WorkerDict pid=71406, ip=node2)[0m INFO:2026-01-03 08:59:41,202:[Rank 9] Saving HF model checkpoint to /mnt/cfs/danerli/workspace/test_benchmark/TestBenchmarkWithTrainingCard/recipe/exp/checkpoint/qwen3_vl_8b_megatron_mutil_node/global_step_60/actor with bridge
[36m(WorkerDict pid=246589)[0m WARNING:2026-01-03 08:54:03,338:Rank 7 common state dict differs from rank 0 common state dict. Keys only on rank 0: [], Keys only on 7: [('optimizer', 'param_state', 49), ('optimizer', 'param_state', 50), ('optimizer', 'param_state', 51), ('optimizer', 'param_state', 52), ('optimizer', 'param_state', 53), ('optimizer', 'param_state', 54), ('optimizer', 'param_state', 55), ('optimizer', 'param_state', 56), ('optimizer', 'param_state', 57), ('optimizer', 'param_state', 58), ('optimizer', 'param_state', 59), ('optimizer', 'param_state', 60), ('optimizer', 'param_state', 61), ('optimizer', 'param_state', 62), ('optimizer', 'param_state', 63), ('optimizer', 'param_state', 64), ('optimizer', 'param_state', 65), ('optimizer', 'param_state', 66), ('optimizer', 'param_state', 67), ('optimizer', 'param_state', 68), ('optimizer', 'param_state', 69), ('optimizer', 'param_state', 70), ('optimizer', 'param_state', 71), ('optimizer', 'param_state', 72), ('optimizer', 'param_state', 73), ('optimizer', 'param_state', 74), ('optimizer', 'param_state', 75), ('optimizer', 'param_state', 76), ('optimizer', 'param_state', 77), ('optimizer', 'param_state', 78), ('optimizer', 'param_state', 79), ('optimizer', 'param_state', 80), ('optimizer', 'param_state', 81), ('optimizer', 'param_state', 82), ('optimizer', 'param_state', 83), ('optimizer', 'param_state', 84), ('optimizer', 'param_state', 85), ('optimizer', 'param_state', 86), ('optimizer', 'param_state', 87), ('optimizer', 'param_state', 88), ('optimizer', 'param_state', 89), ('optimizer', 'param_state', 90), ('optimizer', 'param_state', 91), ('optimizer', 'param_state', 92), ('optimizer', 'param_state', 93), ('optimizer', 'param_state', 94), ('optimizer', 'param_state', 95), ('optimizer', 'param_state', 96), ('optimizer', 'param_state', 97), ('optimizer', 'param_state', 98), ('optimizer', 'param_state', 99), ('optimizer', 'param_state', 100), ('optimizer', 'param_state', 101), ('optimizer', 'param_state', 102), ('optimizer', 'param_state', 103), ('optimizer', 'param_state', 104), ('optimizer', 'param_state', 105), ('optimizer', 'param_state', 106), ('optimizer', 'param_state', 107), ('optimizer', 'param_state', 108), ('optimizer', 'param_state', 109), ('optimizer', 'param_state', 110), ('optimizer', 'param_state', 111), ('optimizer', 'param_state', 112), ('optimizer', 'param_state', 113), ('optimizer', 'param_state', 114), ('optimizer', 'param_state', 115), ('optimizer', 'param_state', 116), ('optimizer', 'param_state', 117), ('optimizer', 'param_state', 118), ('optimizer', 'param_state', 119), ('optimizer', 'param_state', 120), ('optimizer', 'param_state', 121), ('optimizer', 'param_state', 122), ('optimizer', 'param_state', 123), ('optimizer', 'param_state', 124), ('optimizer', 'param_state', 125), ('optimizer', 'param_state', 126), ('optimizer', 'param_state', 127), ('optimizer', 'param_state', 128), ('optimizer', 'param_state', 129), ('optimizer', 'param_state', 130), ('optimizer', 'param_state', 131), ('optimizer', 'param_state', 132), ('optimizer', 'param_state', 133), ('optimizer', 'param_state', 134), ('optimizer', 'param_state', 135), ('optimizer', 'param_state', 136), ('optimizer', 'param_state', 137), ('optimizer', 'param_state', 138), ('optimizer', 'param_state', 139), ('optimizer', 'param_state', 140), ('optimizer', 'param_state', 141), ('optimizer', 'param_state', 142), ('optimizer', 'param_state', 143), ('optimizer', 'param_state', 144), ('optimizer', 'param_state', 145), ('optimizer', 'param_state', 146), ('optimizer', 'param_state', 147), ('optimizer', 'param_state', 148), ('optimizer', 'param_state', 149), ('optimizer', 'param_state', 150), ('optimizer', 'param_state', 151), ('optimizer', 'param_state', 152), ('optimizer', 'param_state', 153), ('optimizer', 'param_state', 154), ('optimizer', 'param_state', 155), ('optimizer', 'param_state', 156), ('optimizer', 'param_state', 157), ('optimizer', 'param_state', 158), ('optimizer', 'param_state', 159), ('optimizer', 'param_state', 160), ('optimizer', 'param_state', 161), ('optimizer', 'param_state', 162), ('optimizer', 'param_state', 163), ('optimizer', 'param_state', 164), ('optimizer', 'param_state', 165), ('optimizer', 'param_state', 166), ('optimizer', 'param_state', 167), ('optimizer', 'param_state', 168), ('optimizer', 'param_state', 169), ('optimizer', 'param_state', 170), ('optimizer', 'param_state', 171), ('optimizer', 'param_state', 172), ('optimizer', 'param_state', 173), ('optimizer', 'param_state', 174), ('optimizer', 'param_state', 175), ('optimizer', 'param_state', 176), ('optimizer', 'param_state', 177), ('optimizer', 'param_state', 178), ('optimizer', 'param_state', 179), ('optimizer', 'param_state', 180), ('optimizer', 'param_state', 181), ('optimizer', 'param_state', 182), ('optimizer', 'param_state', 183), ('optimizer', 'param_state', 184), ('optimizer', 'param_state', 185), ('optimizer', 'param_state', 186), ('optimizer', 'param_state', 187), ('optimizer', 'param_state', 188), ('optimizer', 'param_state', 189), ('optimizer', 'param_state', 190), ('optimizer', 'param_state', 191), ('optimizer', 'param_state', 192), ('optimizer', 'param_state', 193), ('optimizer', 'param_state', 194), ('optimizer', 'param_state', 195), ('optimizer', 'param_state', 196), ('optimizer', 'param_state', 197), ('optimizer', 'param_state', 198), ('optimizer', 'param_state', 199), ('optimizer', 'param_state', 200), ('optimizer', 'param_state', 201), ('optimizer', 'param_state', 202), ('optimizer', 'param_state', 203), ('optimizer', 'param_state', 204), ('optimizer', 'param_state', 205), ('optimizer', 'param_state', 206), ('optimizer', 'param_state', 207), ('optimizer', 'param_state', 208), ('optimizer', 'param_state', 209), ('optimizer', 'param_state', 210), ('optimizer', 'param_state', 211), ('optimizer', 'param_state', 212), ('optimizer', 'param_state', 213), ('optimizer', 'param_state', 214), ('optimizer', 'param_state', 215), ('optimizer', 'param_state', 216), ('optimizer', 'param_state', 217), ('optimizer', 'param_state', 218), ('optimizer', 'param_state', 219), ('optimizer', 'param_state', 220), ('optimizer', 'param_state', 221), ('optimizer', 'param_state', 222), ('optimizer', 'param_state', 223), ('optimizer', 'param_state', 224), ('optimizer', 'param_state', 225), ('optimizer', 'param_state', 226), ('optimizer', 'param_state', 227), ('optimizer', 'param_state', 228), ('optimizer', 'param_state', 229), ('optimizer', 'param_state', 230), ('optimizer', 'param_state', 231), ('optimizer', 'param_state', 232), ('optimizer', 'param_state', 233), ('optimizer', 'param_state', 234), ('optimizer', 'param_state', 235), ('optimizer', 'param_state', 236), ('optimizer', 'param_state', 237), ('optimizer', 'param_state', 238), ('optimizer', 'param_state', 239), ('optimizer', 'param_state', 240), ('optimizer', 'param_state', 241), ('optimizer', 'param_state', 242), ('optimizer', 'param_state', 243), ('optimizer', 'param_state', 244), ('optimizer', 'param_state', 245), ('optimizer', 'param_state', 246), ('optimizer', 'param_state', 247), ('optimizer', 'param_state', 248), ('optimizer', 'param_state', 249), ('optimizer', 'param_state', 250), ('optimizer', 'param_state', 251), ('optimizer', 'param_state', 252), ('optimizer', 'param_state', 253), ('optimizer', 'param_state', 254), ('optimizer', 'param_state', 255), ('optimizer', 'param_state', 256), ('optimizer', 'param_state', 257), ('optimizer', 'param_state', 258), ('optimizer', 'param_state', 259), ('optimizer', 'param_state', 260), ('optimizer', 'param_state', 261), ('optimizer', 'param_state', 262), ('optimizer', 'param_state', 263), ('optimizer', 'param_state', 264), ('optimizer', 'param_state', 265), ('optimizer', 'param_state', 266), ('optimizer', 'param_state', 267), ('optimizer', 'param_state', 268), ('optimizer', 'param_state', 269), ('optimizer', 'param_state', 270), ('optimizer', 'param_state', 271), ('optimizer', 'param_state', 272), ('optimizer', 'param_state', 273), ('optimizer', 'param_state', 274), ('optimizer', 'param_state', 275), ('optimizer', 'param_state', 276), ('optimizer', 'param_state', 277), ('optimizer', 'param_state', 278), ('optimizer', 'param_state', 279), ('optimizer', 'param_state', 280), ('optimizer', 'param_state', 281), ('optimizer', 'param_state', 282), ('optimizer', 'param_state', 283), ('optimizer', 'param_state', 284), ('optimizer', 'param_state', 285), ('optimizer', 'param_state', 286), ('optimizer', 'param_state', 287), ('optimizer', 'param_state', 288), ('optimizer', 'param_state', 289), ('optimizer', 'param_state', 290), ('optimizer', 'param_state', 291), ('optimizer', 'param_state', 292), ('optimizer', 'param_state', 293), ('optimizer', 'param_state', 294), ('optimizer', 'param_state', 295), ('optimizer', 'param_state', 296), ('optimizer', 'param_state', 297), ('optimizer', 'param_state', 298), ('optimizer', 'param_state', 299), ('optimizer', 'param_state', 300), ('optimizer', 'param_state', 301), ('optimizer', 'param_state', 302), ('optimizer', 'param_state', 303), ('optimizer', 'param_state', 304), ('optimizer', 'param_state', 305), ('optimizer', 'param_state', 306), ('optimizer', 'param_state', 307), ('optimizer', 'param_state', 308), ('optimizer', 'param_state', 309), ('optimizer', 'param_state', 310), ('optimizer', 'param_state', 311), ('optimizer', 'param_state', 312), ('optimizer', 'param_state', 313), ('optimizer', 'param_state', 314), ('optimizer', 'param_state', 315), ('optimizer', 'param_state', 316), ('optimizer', 'param_state', 317), ('optimizer', 'param_state', 318), ('optimizer', 'param_state', 319), ('optimizer', 'param_state', 320), ('optimizer', 'param_state', 321), ('optimizer', 'param_state', 322), ('optimizer', 'param_state', 323), ('optimizer', 'param_state', 324), ('optimizer', 'param_state', 325), ('optimizer', 'param_state', 326), ('optimizer', 'param_state', 327), ('optimizer', 'param_state', 328), ('optimizer', 'param_state', 329), ('optimizer', 'param_state', 330), ('optimizer', 'param_state', 331), ('optimizer', 'param_state', 332), ('optimizer', 'param_state', 333), ('optimizer', 'param_state', 334), ('optimizer', 'param_state', 335), ('optimizer', 'param_state', 336), ('optimizer', 'param_state', 337), ('optimizer', 'param_state', 338), ('optimizer', 'param_state', 339), ('optimizer', 'param_state', 340), ('optimizer', 'param_state', 341), ('optimizer', 'param_state', 342), ('optimizer', 'param_state', 343), ('optimizer', 'param_state', 344), ('optimizer', 'param_state', 345), ('optimizer', 'param_state', 346), ('optimizer', 'param_state', 347), ('optimizer', 'param_state', 348), ('optimizer', 'param_state', 349), ('optimizer', 'param_state', 350), ('optimizer', 'param_state', 351)], Mismatched keys: []
[36m(WorkerDict pid=71418, ip=node2)[0m WARNING:2026-01-03 08:54:03,337:Rank 8 common state dict differs from rank 0 common state dict. Keys only on rank 0: [('optimizer', 'param_state', 19), ('optimizer', 'param_state', 20), ('optimizer', 'param_state', 21), ('optimizer', 'param_state', 22), ('optimizer', 'param_state', 23), ('optimizer', 'param_state', 24), ('optimizer', 'param_state', 25), ('optimizer', 'param_state', 26), ('optimizer', 'param_state', 27), ('optimizer', 'param_state', 28), ('optimizer', 'param_state', 29), ('optimizer', 'param_state', 30), ('optimizer', 'param_state', 31), ('optimizer', 'param_state', 32), ('optimizer', 'param_state', 33), ('optimizer', 'param_state', 34), ('optimizer', 'param_state', 35), ('optimizer', 'param_state', 36), ('optimizer', 'param_state', 37), ('optimizer', 'param_state', 38), ('optimizer', 'param_state', 39), ('optimizer', 'param_state', 40), ('optimizer', 'param_state', 41), ('optimizer', 'param_state', 42), ('optimizer', 'param_state', 43), ('optimizer', 'param_state', 44), ('optimizer', 'param_state', 45), ('optimizer', 'param_state', 46), ('optimizer', 'param_state', 47), ('optimizer', 'param_state', 48)], Keys only on 8: [], Mismatched keys: []
[36m(WorkerDict pid=71408, ip=node2)[0m WARNING:2026-01-03 08:54:03,337:Rank 11 common state dict differs from rank 0 common state dict. Keys only on rank 0: [('optimizer', 'param_state', 42), ('optimizer', 'param_state', 43), ('optimizer', 'param_state', 44), ('optimizer', 'param_state', 45), ('optimizer', 'param_state', 46), ('optimizer', 'param_state', 47), ('optimizer', 'param_state', 48)], Keys only on 11: [], Mismatched keys: []
[36m(WorkerDict pid=71413, ip=node2)[0m WARNING:2026-01-03 08:54:03,337:Rank 14 common state dict differs from rank 0 common state dict. Keys only on rank 0: [('optimizer', 'param_state', 48), ('optimizer', 'param_state', 47)], Keys only on 14: [], Mismatched keys: []
[36m(WorkerDict pid=71422, ip=node2)[0m WARNING:2026-01-03 08:54:03,337:Rank 13 common state dict differs from rank 0 common state dict. Keys only on rank 0: [('optimizer', 'param_state', 41), ('optimizer', 'param_state', 42), ('optimizer', 'param_state', 43), ('optimizer', 'param_state', 44), ('optimizer', 'param_state', 45), ('optimizer', 'param_state', 46), ('optimizer', 'param_state', 47), ('optimizer', 'param_state', 48)], Keys only on 13: [], Mismatched keys: []
[36m(WorkerDict pid=71406, ip=node2)[0m INFO:2026-01-03 09:01:51,238:[Rank 9] Saved bridge checkpoint to /mnt/cfs/danerli/workspace/test_benchmark/TestBenchmarkWithTrainingCard/recipe/exp/checkpoint/qwen3_vl_8b_megatron_mutil_node/global_step_60/actor/huggingface
[36m(WorkerDict pid=71406, ip=node2)[0m INFO:2026-01-03 09:01:51,238:[Rank 9] Dist checkpointing save completed for /mnt/cfs/danerli/workspace/test_benchmark/TestBenchmarkWithTrainingCard/recipe/exp/checkpoint/qwen3_vl_8b_megatron_mutil_node/global_step_60/actor/dist_ckpt
[36m(WorkerDict pid=246589)[0m INFO:2026-01-03 08:59:41,203:[Rank 7] Saving HF model checkpoint to /mnt/cfs/danerli/workspace/test_benchmark/TestBenchmarkWithTrainingCard/recipe/exp/checkpoint/qwen3_vl_8b_megatron_mutil_node/global_step_60/actor with bridge[32m [repeated 15x across cluster][0m

[36m(TaskRunner pid=245980)[0m step:58 - actor/entropy:0.3036249876022339 - perf/mfu/actor_infer:0 - actor/kl_loss:0.01909901127113368 - actor/kl_coef:0.009999999999999998 - actor/pg_clipfrac:0.0012142379265572924 - actor/ppo_kl:4.9357575638498865e-05 - actor/pg_clipfrac_lower:1.8913331752463074e-06 - actor/pg_loss:0.06499914575124421 - actor/grad_norm:0.1355510322132823 - perf/mfu/actor:0.0 - perf/max_memory_allocated_gb:84.60405206680298 - perf/max_memory_reserved_gb:87.326171875 - perf/cpu_memory_used_gb:345.62750816345215 - actor/lr:1e-06 - training/global_step:58 - training/epoch:14 - critic/score/mean:0.5382421612739563 - critic/score/max:0.8999999761581421 - critic/score/min:0.0 - critic/rewards/mean:0.5382421612739563 - critic/rewards/max:0.8999999761581421 - critic/rewards/min:0.0 - critic/advantages/mean:-0.06547477096319199 - critic/advantages/max:1.7888498306274414 - critic/advantages/min:-1.7888498306274414 - critic/returns/mean:-0.06547477096319199 - critic/returns/max:1.7888498306274414 - critic/returns/min:-1.7888498306274414 - response_length/mean:842.7804565429688 - response_length/max:2048.0 - response_length/min:133.0 - response_length/clip_ratio:0.142578125 - response_length_non_aborted/mean:842.7804565429688 - response_length_non_aborted/max:2048.0 - response_length_non_aborted/min:133.0 - response_length_non_aborted/clip_ratio:0.142578125 - response/aborted_ratio:0.0 - prompt_length/mean:278.51953125 - prompt_length/max:669.0 - prompt_length/min:189.0 - prompt_length/clip_ratio:0.0 - num_turns/min:2 - num_turns/max:2 - num_turns/mean:2.0 - timing_s/start_profile:8.606910705566406e-05 - timing_s/agent_loop/generate_sequences/min:6.435039069503546 - timing_s/agent_loop/generate_sequences/max:46.329720709938556 - timing_s/agent_loop/generate_sequences/mean:23.495757544211394 - timing_s/agent_loop/tool_calls/min:0.0 - timing_s/agent_loop/tool_calls/max:0.0 - timing_s/agent_loop/tool_calls/mean:0.0 - timing_s/agent_loop/slowest/generate_sequences:46.329720709938556 - timing_s/agent_loop/slowest/tool_calls:0.0 - timing_s/agent_loop/slowest/prompt_length:402 - timing_s/agent_loop/slowest/response_length:2048 - timing_s/gen:61.140766786877066 - timing_s/reward:0.0001091579906642437 - timing_s/old_log_prob:58.642819243017584 - timing_s/ref:57.06981339910999 - timing_s/adv:0.04346495890058577 - timing_s/update_actor:189.64486927213147 - timing_s/step:366.81760334805585 - timing_s/stop_profile:3.1638890504837036e-05 - timing_per_token_ms/ref:0.019881294799810344 - timing_per_token_ms/gen:0.02833847355474071 - timing_per_token_ms/update_actor:0.06606619732402244 - timing_per_token_ms/adv:1.5141799313779823e-05 - perf/total_num_tokens:2870528 - perf/time_per_step:366.81760334805585 - perf/throughput:489.09321243715846
[36m(TaskRunner pid=245980)[0m step:59 - actor/entropy:0.3030088245868683 - perf/mfu/actor_infer:0 - actor/kl_loss:0.019567871212281963 - actor/kl_coef:0.009999999999999998 - actor/pg_clipfrac:0.0011071244927569007 - actor/ppo_kl:2.2797614462807562e-05 - actor/pg_clipfrac_lower:4.6957174245934846e-07 - actor/pg_loss:0.061301928233164785 - actor/grad_norm:0.11889878155989975 - perf/mfu/actor:0.0 - perf/max_memory_allocated_gb:84.69621515274048 - perf/max_memory_reserved_gb:87.43359375 - perf/cpu_memory_used_gb:345.89020919799805 - actor/lr:1e-06 - training/global_step:59 - training/epoch:14 - critic/score/mean:0.5709375143051147 - critic/score/max:0.8999999761581421 - critic/score/min:0.0 - critic/rewards/mean:0.5709375143051147 - critic/rewards/max:0.8999999761581421 - critic/rewards/min:0.0 - critic/advantages/mean:-0.06179458275437355 - critic/advantages/max:1.7888498306274414 - critic/advantages/min:-1.7888498306274414 - critic/returns/mean:-0.06179458275437355 - critic/returns/max:1.7888498306274414 - critic/returns/min:-1.7888498306274414 - response_length/mean:845.9757690429688 - response_length/max:2048.0 - response_length/min:104.0 - response_length/clip_ratio:0.1484375 - response_length_non_aborted/mean:845.9757690429688 - response_length_non_aborted/max:2048.0 - response_length_non_aborted/min:104.0 - response_length_non_aborted/clip_ratio:0.1484375 - response/aborted_ratio:0.0 - prompt_length/mean:275.1875 - prompt_length/max:664.0 - prompt_length/min:190.0 - prompt_length/clip_ratio:0.0 - num_turns/min:2 - num_turns/max:2 - num_turns/mean:2.0 - timing_s/start_profile:3.635883331298828e-05 - timing_s/agent_loop/generate_sequences/min:6.040545626077801 - timing_s/agent_loop/generate_sequences/max:46.70531243272126 - timing_s/agent_loop/generate_sequences/mean:23.78316458117888 - timing_s/agent_loop/tool_calls/min:0.0 - timing_s/agent_loop/tool_calls/max:0.0 - timing_s/agent_loop/tool_calls/mean:0.0 - timing_s/agent_loop/slowest/generate_sequences:46.70531243272126 - timing_s/agent_loop/slowest/tool_calls:0.0 - timing_s/agent_loop/slowest/prompt_length:230 - timing_s/agent_loop/slowest/response_length:2048 - timing_s/gen:62.42635328695178 - timing_s/reward:0.00011218804866075516 - timing_s/old_log_prob:59.03369645983912 - timing_s/ref:57.11039021401666 - timing_s/adv:0.0496218919288367 - timing_s/update_actor:188.62722418899648 - timing_s/step:367.5216903879773 - timing_s/stop_profile:3.0510127544403076e-05 - timing_per_token_ms/ref:0.0198978565838135 - timing_per_token_ms/gen:0.028825050070209135 - timing_per_token_ms/update_actor:0.06571969549937198 - timing_per_token_ms/adv:1.728878554878363e-05 - perf/total_num_tokens:2870178 - perf/time_per_step:367.5216903879773 - perf/throughput:488.09670202221145
[36m(TaskRunner pid=245980)[0m test_gen_batch meta info: {'eos_token_id': 151645, 'pad_token_id': 151643, 'recompute_log_prob': False, 'do_sample': False, 'validate': True, 'global_steps': 60}
[36m(TaskRunner pid=245980)[0m validation generation end
[36m(TaskRunner pid=245980)[0m local_global_step_folder: /mnt/cfs/danerli/workspace/test_benchmark/TestBenchmarkWithTrainingCard/recipe/exp/checkpoint/qwen3_vl_8b_megatron_mutil_node/global_step_60
[36m(WorkerDict pid=246541)[0m Qwen3VLTransformerConfig(tensor_model_parallel_size=2, pipeline_model_parallel_comm_backend=None, pipeline_model_parallel_size=2, virtual_pipeline_model_parallel_size=None, sequence_parallel=True, context_parallel_size=2, hierarchical_context_parallel_sizes=None, expert_model_parallel_size=1, expert_tensor_parallel_size=2, moe_extended_tp=False, perform_initialization=True, use_cpu_initialization=False, fp16=False, bf16=True, params_dtype=torch.bfloat16, timers=None, finalize_model_grads_func=<function finalize_model_grads at 0x7f05ca96e5c0>, grad_scale_func=<bound method MegatronOptimizer.scale_loss of <megatron.core.optimizer.optimizer.ChainedOptimizer object at 0x7f05443634a0>>, no_sync_func=None, grad_sync_func=None, param_sync_func=None, deterministic_mode=False, enable_autocast=False, autocast_dtype=torch.bfloat16, num_microbatches_with_partial_activation_checkpoints=None, gradient_accumulation_fusion=True, async_tensor_model_parallel_allreduce=True, use_te_rng_tracker=False, tp_comm_overlap=False, tp_comm_bulk_wgrad=True, tp_comm_bulk_dgrad=True, tp_comm_overlap_ag=True, tp_comm_overlap_rs=True, tp_comm_overlap_rs_dgrad=False, tp_comm_split_ag=True, tp_comm_atomic_ag=False, tp_comm_split_rs=True, tp_comm_atomic_rs=False, cross_entropy_loss_fusion=False, cross_entropy_fusion_impl='native', tp_comm_overlap_disable_qkv=False, tp_comm_overlap_disable_fc1=False, tp_comm_bootstrap_backend='nccl', overlap_moe_expert_parallel_comm=False, delay_wgrad_compute=False, pipeline_dtype=torch.bfloat16, variable_seq_lengths=True, overlap_p2p_comm=False, batch_p2p_comm=False, batch_p2p_sync=True, use_ring_exchange_p2p=False, deallocate_pipeline_outputs=True, defer_embedding_wgrad_compute=False, wgrad_deferral_limit=0, overlap_p2p_comm_warmup_flush=False, microbatch_group_size_per_vp_stage=2, cpu_offloading=False, cpu_offloading_num_layers=0, _cpu_offloading_context=None, cpu_offloading_activations=True, cpu_offloading_weights=True, barrier_with_L1_time=True, num_layers=36, mtp_num_layers=None, mtp_loss_scaling_factor=None, num_layers_in_first_pipeline_stage=None, num_layers_in_last_pipeline_stage=None, pipeline_model_parallel_layout=None, account_for_embedding_in_pipeline_split=True, account_for_loss_in_pipeline_split=True, hidden_size=4096, num_attention_heads=32, attention_backend=<AttnBackend.flash: 1>, softmax_scale=None, num_query_groups=8, ffn_hidden_size=12288, kv_channels=128, hidden_dropout=0.0, attention_dropout=0.0, fp32_residual_connection=False, apply_residual_connection_post_layernorm=False, layernorm_epsilon=1e-06, layernorm_zero_centered_gamma=False, add_bias_linear=False, add_qkv_bias=False, gated_linear_unit=True, activation_func=<function silu at 0x7f37d04f5800>, activation_func_fp8_input_store=False, num_moe_experts=None, rotary_interleaved=False, window_size=None, normalization='RMSNorm', qk_layernorm=True, test_mode=False, calculate_per_token_loss=False, multi_latent_attention=False, no_rope_freq=None, moe_deepep_num_sms=20, init_method=functools.partial(<function normal_ at 0x7f37d037a160>, mean=0.0, std=0.02), output_layer_init_method=functools.partial(<function normal_ at 0x7f37d037a160>, mean=0.0, std=0.0023570226039551587), init_method_std=0.02, embedding_init_method=functools.partial(<function normal_ at 0x7f37d037a160>, mean=0.0, std=0.02), embedding_init_method_std=0.02, init_model_with_meta_device=False, apply_query_key_layer_scaling=False, attention_softmax_in_fp32=True, disable_bf16_reduced_precision_matmul=False, bias_activation_fusion=True, masked_softmax_fusion=False, persist_layer_norm=True, memory_efficient_layer_norm=False, bias_dropout_fusion=True, apply_rope_fusion=False, use_fused_weighted_squared_relu=False, recompute_granularity='full', recompute_method='uniform', recompute_num_layers=1, distribute_saved_activations=False, recompute_modules=['core_attn'], fp8=None, fp8_recipe='delayed', fp8_param=False, fp8_margin=0, fp8_interval=1, fp8_amax_history_len=1, fp8_amax_compute_algo='most_recent', fp8_wgrad=True, fp8_dot_product_attention=False, fp8_multi_head_attention=False, tp_only_amax_red=False, first_last_layers_bf16=False, num_layers_at_start_in_bf16=1, num_layers_at_end_in_bf16=1, use_kitchen=False, moe_shared_expert_intermediate_size=None, moe_shared_expert_overlap=False, moe_layer_freq=1, moe_ffn_hidden_size=None, moe_router_load_balancing_type='aux_loss', moe_router_topk=2, moe_router_topk_limited_devices=None, moe_router_padding_for_fp8=False, moe_router_num_groups=None, moe_router_group_topk=None, moe_router_pre_softmax=False, moe_router_topk_scaling_factor=None, moe_router_score_function='softmax', moe_router_dtype='fp32', moe_router_enable_expert_bias=False, moe_router_bias_update_rate=0.001, moe_router_force_load_balancing=False, moe_grouped_gemm=False, moe_use_legacy_grouped_gemm=False, moe_aux_loss_coeff=0.0, moe_z_loss_coeff=None, moe_input_jitter_eps=None, moe_token_dropping=False, moe_token_dispatcher_type='flex', moe_enable_deepep=True, moe_per_layer_logging=False, moe_expert_capacity_factor=None, moe_pad_expert_input_to_capacity=False, moe_token_drop_policy='probs', moe_layer_recompute=False, moe_permute_fusion=True, moe_router_fusion=False, moe_apply_probs_on_input=False, cp_comm_type='p2p', enable_cuda_graph=False, cuda_graph_use_single_mempool=False, cuda_graph_retain_backward_graph=False, cuda_graph_warmup_steps=3, external_cuda_graph=False, cuda_graph_scope='full', clone_scatter_output_in_embedding=True, disable_parameter_transpose_cache=False, config_logger_dir='', flash_decode=False, inference_rng_tracker=False, symmetric_ar_type=None, mrope_section=[24, 20, 20], is_hybrid_model=False, mamba_state_dim=128, mamba_head_dim=64, mamba_num_groups=8, mamba_num_heads=None, use_mamba_mem_eff_path=True, mlp_chunks_for_prefill=1, heterogeneous_block_specs=False, hetereogenous_dist_checkpoint=False, quant_recipe=None, transformer_impl='transformer_engine', patch_size=16, temporal_patch_size=2, in_channels=3, spatial_merge_size=2, num_position_embeddings=2304, out_hidden_size=4096, apply_rotary_pos_emb_in_fp32=False, deepstack_visual_indexes=[8, 16, 24])[36m(WorkerDict pid=246541)[0m INFO:2026-01-03 09:01:52,703:[Rank 0] Saved Huggingface config and tokenizer to /mnt/cfs/danerli/workspace/test_benchmark/TestBenchmarkWithTrainingCard/recipe/exp/checkpoint/qwen3_vl_8b_megatron_mutil_node/global_step_60/actor/huggingface
[36m(TaskRunner pid=245980)[0m 
Training Progress:  50%|█████     | 60/120 [6:54:21<8:47:13, 527.22s/it]
[36m(TaskRunner pid=245980)[0m 
Training Progress:  51%|█████     | 61/120 [7:00:47<7:56:34, 484.66s/it]
[36m(WorkerDict pid=246589)[0m INFO:2026-01-03 09:01:51,239:[Rank 7] Saved bridge checkpoint to /mnt/cfs/danerli/workspace/test_benchmark/TestBenchmarkWithTrainingCard/recipe/exp/checkpoint/qwen3_vl_8b_megatron_mutil_node/global_step_60/actor/huggingface[32m [repeated 15x across cluster][0m
[36m(WorkerDict pid=246541)[0m INFO:2026-01-03 09:01:52,715:[Rank 0] Dist checkpointing save completed for /mnt/cfs/danerli/workspace/test_benchmark/TestBenchmarkWithTrainingCard/recipe/exp/checkpoint/qwen3_vl_8b_megatron_mutil_node/global_step_60/actor/dist_ckpt[32m [repeated 15x across cluster][0m

[36m(TaskRunner pid=245980)[0m step:60 - actor/entropy:0.2956277132034302 - perf/mfu/actor_infer:0 - actor/kl_loss:0.019272681223977912 - actor/kl_coef:0.009999999999999998 - actor/pg_clipfrac:0.0011511258750848857 - actor/ppo_kl:4.502895549142094e-05 - actor/pg_clipfrac_lower:0.0 - actor/pg_loss:0.057839022344680795 - actor/grad_norm:0.10979907232176964 - perf/mfu/actor:0.0 - perf/max_memory_allocated_gb:84.83161401748657 - perf/max_memory_reserved_gb:87.49609375 - perf/cpu_memory_used_gb:345.9622688293457 - actor/lr:1e-06 - val-aux/hiyouga/geometry3k/reward/mean@1:0.5825291027046876 - val-core/hiyouga/geometry3k/acc/mean@1:0.5825291181364393 - val-aux/num_turns/min:2 - val-aux/num_turns/max:2 - val-aux/num_turns/mean:2.0 - training/global_step:60 - training/epoch:14 - critic/score/mean:0.5716406106948853 - critic/score/max:0.8999999761581421 - critic/score/min:0.0 - critic/rewards/mean:0.5716406106948853 - critic/rewards/max:0.8999999761581421 - critic/rewards/min:0.0 - critic/advantages/mean:-0.05775849521160126 - critic/advantages/max:1.7888498306274414 - critic/advantages/min:-1.7888498306274414 - critic/returns/mean:-0.05775849521160126 - critic/returns/max:1.7888498306274414 - critic/returns/min:-1.7888498306274414 - response_length/mean:823.5074462890625 - response_length/max:2048.0 - response_length/min:103.0 - response_length/clip_ratio:0.13828125596046448 - response_length_non_aborted/mean:823.5074462890625 - response_length_non_aborted/max:2048.0 - response_length_non_aborted/min:103.0 - response_length_non_aborted/clip_ratio:0.13828125596046448 - response/aborted_ratio:0.0 - prompt_length/mean:283.435546875 - prompt_length/max:842.0 - prompt_length/min:192.0 - prompt_length/clip_ratio:0.0 - num_turns/min:2 - num_turns/max:2 - num_turns/mean:2.0 - timing_s/start_profile:8.786818943917751e-05 - timing_s/agent_loop/generate_sequences/min:6.9787371680140495 - timing_s/agent_loop/generate_sequences/max:46.92257648007944 - timing_s/agent_loop/generate_sequences/mean:23.296462483345294 - timing_s/agent_loop/tool_calls/min:0.0 - timing_s/agent_loop/tool_calls/max:0.0 - timing_s/agent_loop/tool_calls/mean:0.0 - timing_s/agent_loop/slowest/generate_sequences:46.92257648007944 - timing_s/agent_loop/slowest/tool_calls:0.0 - timing_s/agent_loop/slowest/prompt_length:275 - timing_s/agent_loop/slowest/response_length:2048 - timing_s/gen:63.529357958817855 - timing_s/reward:0.00012821704149246216 - timing_s/old_log_prob:61.05756233492866 - timing_s/ref:58.25007868488319 - timing_s/adv:0.03764587105251849 - timing_s/update_actor:180.53187385993078 - timing_s/step:363.68620719294995 - timing_s/testing:41.87816738989204 - timing_s/save_checkpoint:473.0981546449475 - timing_s/stop_profile:5.520903505384922e-05 - timing_per_token_ms/ref:0.020555654291726577 - timing_per_token_ms/gen:0.030134707706896736 - timing_per_token_ms/update_actor:0.06370722360355158 - timing_per_token_ms/adv:1.3284711855115647e-05 - perf/total_num_tokens:2833774 - perf/time_per_step:363.68620719294995 - perf/throughput:486.98815489044836
[36m(TaskRunner pid=245980)[0m step:61 - actor/entropy:0.302200049161911 - perf/mfu/actor_infer:0 - actor/kl_loss:0.019757583494308395 - actor/kl_coef:0.009999999999999998 - actor/pg_clipfrac:0.001177511098521191 - actor/ppo_kl:4.50396390192509e-05 - actor/pg_clipfrac_lower:0.0 - actor/pg_loss:0.0650582545562289 - actor/grad_norm:0.10885260737214483 - perf/mfu/actor:0.0 - perf/max_memory_allocated_gb:84.89978456497192 - perf/max_memory_reserved_gb:87.61328125 - perf/cpu_memory_used_gb:344.916015625 - actor/lr:1e-06 - training/global_step:61 - training/epoch:15 - critic/score/mean:0.5361328125 - critic/score/max:0.8999999761581421 - critic/score/min:0.0 - critic/rewards/mean:0.5361328125 - critic/rewards/max:0.8999999761581421 - critic/rewards/min:0.0 - critic/advantages/mean:-0.06488900631666183 - critic/advantages/max:1.7888498306274414 - critic/advantages/min:-1.7888498306274414 - critic/returns/mean:-0.06488900631666183 - critic/returns/max:1.7888498306274414 - critic/returns/min:-1.7888498306274414 - response_length/mean:877.1910400390625 - response_length/max:2048.0 - response_length/min:76.0 - response_length/clip_ratio:0.14296874403953552 - response_length_non_aborted/mean:877.1910400390625 - response_length_non_aborted/max:2048.0 - response_length_non_aborted/min:76.0 - response_length_non_aborted/clip_ratio:0.14296874403953552 - response/aborted_ratio:0.0 - prompt_length/mean:281.599609375 - prompt_length/max:600.0 - prompt_length/min:190.0 - prompt_length/clip_ratio:0.0 - num_turns/min:2 - num_turns/max:2 - num_turns/mean:2.0 - timing_s/start_profile:0.00018511596135795116 - timing_s/agent_loop/generate_sequences/min:5.5252266661264 - timing_s/agent_loop/generate_sequences/max:48.700841546058655 - timing_s/agent_loop/generate_sequences/mean:24.96332184009316 - timing_s/agent_loop/tool_calls/min:0.0 - timing_s/agent_loop/tool_calls/max:0.0 - timing_s/agent_loop/tool_calls/mean:0.0 - timing_s/agent_loop/slowest/generate_sequences:48.700841546058655 - timing_s/agent_loop/slowest/tool_calls:0.0 - timing_s/agent_loop/slowest/prompt_length:225 - timing_s/agent_loop/slowest/response_length:2048 - timing_s/gen:66.73303238186054 - timing_s/reward:0.00013044802471995354 - timing_s/old_log_prob:62.888944047968835 - timing_s/ref:57.55317483586259 - timing_s/adv:0.06630174396559596 - timing_s/update_actor:189.03139742300846 - timing_s/step:376.5503033939749 - timing_s/stop_profile:2.9629794880747795e-05 - timing_per_token_ms/ref:0.019401010359622838 - timing_per_token_ms/gen:0.029717120113902526 - timing_per_token_ms/update_actor:0.0637219425367397 - timing_per_token_ms/adv:2.2350127950475025e-05 - perf/total_num_tokens:2966504 - perf/time_per_step:376.5503033939749 - perf/throughput:492.3817570424686
[36m(TaskRunner pid=245980)[0m step:62 - actor/entropy:0.29705068469047546 - perf/mfu/actor_infer:0 - actor/kl_loss:0.019534424196408932 - actor/kl_coef:0.009999999999999998 - actor/pg_clipfrac:0.0010408238061266506 - actor/ppo_kl:2.245863895831301e-05 - actor/pg_clipfrac_lower:1.4184915080265858e-06 - actor/pg_loss:0.05525738344921021 - actor/grad_norm:0.11496997387409313 - perf/mfu/actor:0.0 - perf/max_memory_allocated_gb:84.9868016242981 - perf/max_memory_reserved_gb:87.61328125 - perf/cpu_memory_used_gb:343.10637855529785 - actor/lr:1e-06 - training/global_step:62 - training/epoch:15 - critic/score/mean:0.5793749690055847 - critic/score/max:0.8999999761581421 - critic/score/min:0.0 - critic/rewards/mean:0.5793749690055847 - critic/rewards/max:0.8999999761581421 - critic/rewards/min:0.0 - critic/advantages/mean:-0.055144213140010834 - critic/advantages/max:1.7888498306274414 - critic/advantages/min:-1.7888498306274414 - critic/returns/mean:-0.055144213140010834 - critic/returns/max:1.7888498306274414 - critic/returns/min:-1.7888498306274414 - response_length/mean:823.4035034179688 - response_length/max:2048.0 - response_length/min:90.0 - response_length/clip_ratio:0.13320311903953552 - response_length_non_aborted/mean:823.4035034179688 - response_length_non_aborted/max:2048.0 - response_length_non_aborted/min:90.0 - response_length_non_aborted/clip_ratio:0.13320311903953552 - response/aborted_ratio:0.0 - prompt_length/mean:276.46875 - prompt_length/max:842.0 - prompt_length/min:189.0 - prompt_length/clip_ratio:0.0 - num_turns/min:2 - num_turns/max:2 - num_turns/mean:2.0 - timing_s/start_profile:3.6610057577490807e-05 - timing_s/agent_loop/generate_sequences/min:5.375480875372887 - timing_s/agent_loop/generate_sequences/max:46.39460541680455 - timing_s/agent_loop/generate_sequences/mean:23.307237307465403 - timing_s/agent_loop/tool_calls/min:0.0 - timing_s/agent_loop/tool_calls/max:0.0 - timing_s/agent_loop/tool_calls/mean:0.0 - timing_s/agent_loop/slowest/generate_sequences:46.39460541680455 - timing_s/agent_loop/slowest/tool_calls:0.0 - timing_s/agent_loop/slowest/prompt_length:439 - timing_s/agent_loop/slowest/response_length:2048 - timing_s/gen:61.671565358992666 - timing_s/reward:0.0001166581641882658 - timing_s/old_log_prob:57.513729338068515 - timing_s/ref:55.47539248201065 - timing_s/adv:0.05914920987561345 - timing_s/update_actor:181.6236162649002 - timing_s/step:356.62207858404145 - timing_s/stop_profile:2.9579969123005867e-05 - timing_per_token_ms/ref:0.019702356233131706 - timing_per_token_ms/gen:0.029257168279237647 - timing_per_token_ms/update_actor:0.06450451322468916 - timing_per_token_ms/adv:2.1007130400303393e-05 - perf/total_num_tokens:2815673 - perf/time_per_step:356.62207858404145 - perf/throughput:493.4623318856819[36m(TaskRunner pid=245980)[0m 
Training Progress:  52%|█████▏    | 62/120 [7:06:44<7:11:31, 446.41s/it]
[36m(TaskRunner pid=245980)[0m 
Training Progress:  52%|█████▎    | 63/120 [7:12:46<6:40:00, 421.05s/it]
[36m(TaskRunner pid=245980)[0m 
Training Progress:  53%|█████▎    | 64/120 [7:18:44<6:15:17, 402.10s/it]

[36m(TaskRunner pid=245980)[0m step:63 - actor/entropy:0.29064807295799255 - perf/mfu/actor_infer:0 - actor/kl_loss:0.02047490260867012 - actor/kl_coef:0.009999999999999998 - actor/pg_clipfrac:0.0010525257630645281 - actor/ppo_kl:6.631832839761849e-05 - actor/pg_clipfrac_lower:1.416426912751482e-06 - actor/pg_loss:0.05353224281032792 - actor/grad_norm:0.11536553160556898 - perf/mfu/actor:0.0 - perf/max_memory_allocated_gb:85.05114984512329 - perf/max_memory_reserved_gb:87.708984375 - perf/cpu_memory_used_gb:344.4719524383545 - actor/lr:1e-06 - training/global_step:63 - training/epoch:15 - critic/score/mean:0.551953136920929 - critic/score/max:0.8999999761581421 - critic/score/min:0.0 - critic/rewards/mean:0.551953136920929 - critic/rewards/max:0.8999999761581421 - critic/rewards/min:0.0 - critic/advantages/mean:-0.05368305370211601 - critic/advantages/max:1.7888498306274414 - critic/advantages/min:-1.7888498306274414 - critic/returns/mean:-0.05368305370211601 - critic/returns/max:1.7888498306274414 - critic/returns/min:-1.7888498306274414 - response_length/mean:817.9605712890625 - response_length/max:2048.0 - response_length/min:66.0 - response_length/clip_ratio:0.134765625 - response_length_non_aborted/mean:817.9605712890625 - response_length_non_aborted/max:2048.0 - response_length_non_aborted/min:66.0 - response_length_non_aborted/clip_ratio:0.134765625 - response/aborted_ratio:0.0 - prompt_length/mean:281.55078125 - prompt_length/max:842.0 - prompt_length/min:189.0 - prompt_length/clip_ratio:0.0 - num_turns/min:2 - num_turns/max:2 - num_turns/mean:2.0 - timing_s/start_profile:7.659802213311195e-05 - timing_s/agent_loop/generate_sequences/min:5.830210544168949 - timing_s/agent_loop/generate_sequences/max:46.977514296770096 - timing_s/agent_loop/generate_sequences/mean:22.873719445113146 - timing_s/agent_loop/tool_calls/min:0.0 - timing_s/agent_loop/tool_calls/max:0.0 - timing_s/agent_loop/tool_calls/mean:0.0 - timing_s/agent_loop/slowest/generate_sequences:46.977514296770096 - timing_s/agent_loop/slowest/tool_calls:0.0 - timing_s/agent_loop/slowest/prompt_length:525 - timing_s/agent_loop/slowest/response_length:2048 - timing_s/gen:62.45673859096132 - timing_s/reward:0.0001287281047552824 - timing_s/old_log_prob:58.783701597945765 - timing_s/ref:57.197389201959595 - timing_s/adv:0.0955659958999604 - timing_s/update_actor:182.58741384698078 - timing_s/step:361.395732677076 - timing_s/stop_profile:2.9989052563905716e-05 - timing_per_token_ms/ref:0.020320600238941233 - timing_per_token_ms/gen:0.029826821850152903 - timing_per_token_ms/update_actor:0.06486809795366506 - timing_per_token_ms/adv:3.395187133913553e-05 - perf/total_num_tokens:2814749 - perf/time_per_step:361.395732677076 - perf/throughput:486.7844210468151
[36m(TaskRunner pid=245980)[0m step:64 - actor/entropy:0.2891926169395447 - perf/mfu/actor_infer:0 - actor/kl_loss:0.019759737361265822 - actor/kl_coef:0.009999999999999998 - actor/pg_clipfrac:0.0011413160266170582 - actor/ppo_kl:-5.86622420304022e-08 - actor/pg_clipfrac_lower:0.0 - actor/pg_loss:0.04852508668510953 - actor/grad_norm:0.10337361737940612 - perf/mfu/actor:0.0 - perf/max_memory_allocated_gb:85.24148035049438 - perf/max_memory_reserved_gb:87.708984375 - perf/cpu_memory_used_gb:342.2373352050781 - actor/lr:1e-06 - training/global_step:64 - training/epoch:15 - critic/score/mean:0.5639062523841858 - critic/score/max:0.8999999761581421 - critic/score/min:0.0 - critic/rewards/mean:0.5639062523841858 - critic/rewards/max:0.8999999761581421 - critic/rewards/min:0.0 - critic/advantages/mean:-0.04815959557890892 - critic/advantages/max:1.7888498306274414 - critic/advantages/min:-1.7888498306274414 - critic/returns/mean:-0.04815959557890892 - critic/returns/max:1.7888498306274414 - critic/returns/min:-1.7888498306274414 - response_length/mean:811.5765380859375 - response_length/max:2048.0 - response_length/min:83.0 - response_length/clip_ratio:0.12539061903953552 - response_length_non_aborted/mean:811.5765380859375 - response_length_non_aborted/max:2048.0 - response_length_non_aborted/min:83.0 - response_length_non_aborted/clip_ratio:0.12539061903953552 - response/aborted_ratio:0.0 - prompt_length/mean:282.78515625 - prompt_length/max:842.0 - prompt_length/min:190.0 - prompt_length/clip_ratio:0.0 - num_turns/min:2 - num_turns/max:2 - num_turns/mean:2.0 - timing_s/start_profile:8.564791642129421e-05 - timing_s/agent_loop/generate_sequences/min:5.857936174143106 - timing_s/agent_loop/generate_sequences/max:46.17141650314443 - timing_s/agent_loop/generate_sequences/mean:23.596828293544878 - timing_s/agent_loop/tool_calls/min:0.0 - timing_s/agent_loop/tool_calls/max:0.0 - timing_s/agent_loop/tool_calls/mean:0.0 - timing_s/agent_loop/slowest/generate_sequences:46.17141650314443 - timing_s/agent_loop/slowest/tool_calls:0.0 - timing_s/agent_loop/slowest/prompt_length:385 - timing_s/agent_loop/slowest/response_length:2048 - timing_s/gen:62.58911001496017 - timing_s/reward:0.00011283811181783676 - timing_s/old_log_prob:59.159685211023316 - timing_s/ref:55.209147876128554 - timing_s/adv:0.03828739910386503 - timing_s/update_actor:179.91887592920102 - timing_s/step:357.1916502409149 - timing_s/stop_profile:3.112899139523506e-05 - timing_per_token_ms/ref:0.01970653123150715 - timing_per_token_ms/gen:0.0301251566756449 - timing_per_token_ms/update_actor:0.06422082361407906 - timing_per_token_ms/adv:1.3666427670761648e-05 - perf/total_num_tokens:2801566 - perf/time_per_step:357.1916502409149 - perf/throughput:490.2070775783863
[36m(TaskRunner pid=245980)[0m test_gen_batch meta info: {'eos_token_id': 151645, 'pad_token_id': 151643, 'recompute_log_prob': False, 'do_sample': False, 'validate': True, 'global_steps': 65}
[36m(TaskRunner pid=245980)[0m validation generation end
[36m(TaskRunner pid=245980)[0m step:65 - actor/entropy:0.3015374541282654 - perf/mfu/actor_infer:0 - actor/kl_loss:0.01974568400118086 - actor/kl_coef:0.009999999999999998 - actor/pg_clipfrac:0.000954228209916942 - actor/ppo_kl:1.5030388383113153e-05 - actor/pg_clipfrac_lower:0.0 - actor/pg_loss:0.059511800570504016 - actor/grad_norm:0.10223533406539038 - perf/mfu/actor:0.0 - perf/max_memory_allocated_gb:85.32610750198364 - perf/max_memory_reserved_gb:87.736328125 - perf/cpu_memory_used_gb:344.3619785308838 - actor/lr:1e-06 - val-aux/hiyouga/geometry3k/reward/mean@1:0.567554061504053 - val-core/hiyouga/geometry3k/acc/mean@1:0.5675540765391015 - val-aux/num_turns/min:2 - val-aux/num_turns/max:2 - val-aux/num_turns/mean:2.0 - training/global_step:65 - training/epoch:16 - critic/score/mean:0.5305078625679016 - critic/score/max:0.8999999761581421 - critic/score/min:0.0 - critic/rewards/mean:0.5305078625679016 - critic/rewards/max:0.8999999761581421 - critic/rewards/min:0.0 - critic/advantages/mean:-0.060622893273830414 - critic/advantages/max:1.7888498306274414 - critic/advantages/min:-1.7888498306274414 - critic/returns/mean:-0.060622893273830414 - critic/returns/max:1.7888498306274414 - critic/returns/min:-1.7888498306274414 - response_length/mean:865.1062622070312 - response_length/max:2048.0 - response_length/min:83.0 - response_length/clip_ratio:0.15781250596046448 - response_length_non_aborted/mean:865.1062622070312 - response_length_non_aborted/max:2048.0 - response_length_non_aborted/min:83.0 - response_length_non_aborted/clip_ratio:0.15781250596046448 - response/aborted_ratio:0.0 - prompt_length/mean:285.173828125 - prompt_length/max:669.0 - prompt_length/min:189.0 - prompt_length/clip_ratio:0.0 - num_turns/min:2 - num_turns/max:2 - num_turns/mean:2.0 - timing_s/start_profile:0.0002020159736275673 - timing_s/agent_loop/generate_sequences/min:6.486285688821226 - timing_s/agent_loop/generate_sequences/max:47.836849089944735 - timing_s/agent_loop/generate_sequences/mean:24.540160869140074 - timing_s/agent_loop/tool_calls/min:0.0 - timing_s/agent_loop/tool_calls/max:0.0 - timing_s/agent_loop/tool_calls/mean:0.0 - timing_s/agent_loop/slowest/generate_sequences:47.836849089944735 - timing_s/agent_loop/slowest/tool_calls:0.0 - timing_s/agent_loop/slowest/prompt_length:466 - timing_s/agent_loop/slowest/response_length:2048 - timing_s/gen:66.09237243793905 - timing_s/reward:0.0001713868696242571 - timing_s/old_log_prob:64.19191402406432 - timing_s/ref:60.17964713508263 - timing_s/adv:0.03738427581265569 - timing_s/update_actor:188.1395179249812 - timing_s/step:378.92590390588157 - timing_s/testing:43.97321089403704 - timing_s/stop_profile:3.294902853667736e-05 - timing_per_token_ms/ref:0.020436479001235987 - timing_per_token_ms/gen:0.02984296204491638 - timing_per_token_ms/update_actor:0.0638905259571569 - timing_per_token_ms/adv:1.2695371342188633e-05 - perf/total_num_tokens:2944717 - perf/time_per_step:378.92590390588157 - perf/throughput:485.70132208674084[36m(TaskRunner pid=245980)[0m 
Training Progress:  54%|█████▍    | 65/120 [7:25:56<6:16:54, 411.18s/it]
[36m(TaskRunner pid=245980)[0m 
Training Progress:  55%|█████▌    | 66/120 [7:32:00<5:57:19, 397.03s/it]
[36m(TaskRunner pid=245980)[0m 
Training Progress:  56%|█████▌    | 67/120 [7:38:16<5:45:06, 390.69s/it]

[36m(TaskRunner pid=245980)[0m step:66 - actor/entropy:0.30061545968055725 - perf/mfu/actor_infer:0 - actor/kl_loss:0.021162641337882218 - actor/kl_coef:0.009999999999999998 - actor/pg_clipfrac:0.001174728098083671 - actor/ppo_kl:1.913443307250356e-05 - actor/pg_clipfrac_lower:4.852936812808779e-07 - actor/pg_loss:0.06317031047943931 - actor/grad_norm:0.11457837387619368 - perf/mfu/actor:0.0 - perf/max_memory_allocated_gb:85.38293218612671 - perf/max_memory_reserved_gb:89.02734375 - perf/cpu_memory_used_gb:343.9142475128174 - actor/lr:1e-06 - training/global_step:66 - training/epoch:16 - critic/score/mean:0.5804296731948853 - critic/score/max:0.8999999761581421 - critic/score/min:0.0 - critic/rewards/mean:0.5804296731948853 - critic/rewards/max:0.8999999761581421 - critic/rewards/min:0.0 - critic/advantages/mean:-0.06349916011095047 - critic/advantages/max:1.7888498306274414 - critic/advantages/min:-1.7888498306274414 - critic/returns/mean:-0.06349916011095047 - critic/returns/max:1.7888498306274414 - critic/returns/min:-1.7888498306274414 - response_length/mean:842.6843872070312 - response_length/max:2048.0 - response_length/min:54.0 - response_length/clip_ratio:0.13359375298023224 - response_length_non_aborted/mean:842.6843872070312 - response_length_non_aborted/max:2048.0 - response_length_non_aborted/min:54.0 - response_length_non_aborted/clip_ratio:0.13359375298023224 - response/aborted_ratio:0.0 - prompt_length/mean:281.76953125 - prompt_length/max:842.0 - prompt_length/min:190.0 - prompt_length/clip_ratio:0.0 - num_turns/min:2 - num_turns/max:2 - num_turns/mean:2.0 - timing_s/start_profile:6.57790806144476e-05 - timing_s/agent_loop/generate_sequences/min:6.095858698710799 - timing_s/agent_loop/generate_sequences/max:46.42137485742569 - timing_s/agent_loop/generate_sequences/mean:23.955593591978595 - timing_s/agent_loop/tool_calls/min:0.0 - timing_s/agent_loop/tool_calls/max:0.0 - timing_s/agent_loop/tool_calls/mean:0.0 - timing_s/agent_loop/slowest/generate_sequences:46.42137485742569 - timing_s/agent_loop/slowest/tool_calls:0.0 - timing_s/agent_loop/slowest/prompt_length:208 - timing_s/agent_loop/slowest/response_length:2048 - timing_s/gen:62.57739417790435 - timing_s/reward:0.0001348771620541811 - timing_s/old_log_prob:58.6500062381383 - timing_s/ref:57.958210045006126 - timing_s/adv:0.048395044868811965 - timing_s/update_actor:183.8313748280052 - timing_s/step:363.3495090659708 - timing_s/stop_profile:2.8650043532252312e-05 - timing_per_token_ms/ref:0.0201341519407706 - timing_per_token_ms/gen:0.029007651412480368 - timing_per_token_ms/update_actor:0.06386133783968927 - timing_per_token_ms/adv:1.681199584687705e-05 - perf/total_num_tokens:2878602 - perf/time_per_step:363.3495090659708 - perf/throughput:495.15031811240056
[36m(TaskRunner pid=245980)[0m step:67 - actor/entropy:0.3015766739845276 - perf/mfu/actor_infer:0 - actor/kl_loss:0.020670336562350556 - actor/kl_coef:0.009999999999999998 - actor/pg_clipfrac:0.0011835489235043337 - actor/ppo_kl:5.886512824430621e-05 - actor/pg_clipfrac_lower:4.608090935305328e-07 - actor/pg_loss:0.06767515595382302 - actor/grad_norm:0.10779746134295062 - perf/mfu/actor:0.0 - perf/max_memory_allocated_gb:85.52946996688843 - perf/max_memory_reserved_gb:89.1640625 - perf/cpu_memory_used_gb:352.9219436645508 - actor/lr:1e-06 - training/global_step:67 - training/epoch:16 - critic/score/mean:0.5449218153953552 - critic/score/max:0.8999999761581421 - critic/score/min:0.0 - critic/rewards/mean:0.5449218153953552 - critic/rewards/max:0.8999999761581421 - critic/rewards/min:0.0 - critic/advantages/mean:-0.06820941716432571 - critic/advantages/max:1.7888498306274414 - critic/advantages/min:-1.7888498306274414 - critic/returns/mean:-0.06820941716432571 - critic/returns/max:1.7888498306274414 - critic/returns/min:-1.7888498306274414 - response_length/mean:895.404296875 - response_length/max:2048.0 - response_length/min:120.0 - response_length/clip_ratio:0.16640624403953552 - response_length_non_aborted/mean:895.404296875 - response_length_non_aborted/max:2048.0 - response_length_non_aborted/min:120.0 - response_length_non_aborted/clip_ratio:0.16640624403953552 - response/aborted_ratio:0.0 - prompt_length/mean:280.373046875 - prompt_length/max:842.0 - prompt_length/min:189.0 - prompt_length/clip_ratio:0.0 - num_turns/min:2 - num_turns/max:2 - num_turns/mean:2.0 - timing_s/start_profile:6.512901745736599e-05 - timing_s/agent_loop/generate_sequences/min:6.941131826955825 - timing_s/agent_loop/generate_sequences/max:50.395940373884514 - timing_s/agent_loop/generate_sequences/mean:25.494284009597322 - timing_s/agent_loop/tool_calls/min:0.0 - timing_s/agent_loop/tool_calls/max:0.0 - timing_s/agent_loop/tool_calls/mean:0.0 - timing_s/agent_loop/slowest/generate_sequences:50.395940373884514 - timing_s/agent_loop/slowest/tool_calls:0.0 - timing_s/agent_loop/slowest/prompt_length:226 - timing_s/agent_loop/slowest/response_length:2048 - timing_s/gen:65.86779027897865 - timing_s/reward:0.00010524806566536427 - timing_s/old_log_prob:60.674759826855734 - timing_s/ref:58.78738253400661 - timing_s/adv:0.03983443905599415 - timing_s/update_actor:189.84386276593432 - timing_s/step:375.4885105639696 - timing_s/stop_profile:3.228010609745979e-05 - timing_per_token_ms/ref:0.01953075675799807 - timing_per_token_ms/gen:0.02873518216019677 - timing_per_token_ms/update_actor:0.06307126029187284 - timing_per_token_ms/adv:1.3234076876000968e-05 - perf/total_num_tokens:3009990 - perf/time_per_step:375.4885105639696 - perf/throughput:501.01233381933383
[36m(TaskRunner pid=245980)[0m step:68 - actor/entropy:0.2930780053138733 - perf/mfu/actor_infer:0 - actor/kl_loss:0.020454183522484858 - actor/kl_coef:0.009999999999999998 - actor/pg_clipfrac:0.001109630422351157 - actor/ppo_kl:1.920592183101245e-05 - actor/pg_clipfrac_lower:4.3963311988839204e-07 - actor/pg_loss:0.05762946270260727 - actor/grad_norm:0.10450676663413977 - perf/mfu/actor:0.0 - perf/max_memory_allocated_gb:85.53644037246704 - perf/max_memory_reserved_gb:89.1640625 - perf/cpu_memory_used_gb:342.2997360229492 - actor/lr:1e-06 - training/global_step:68 - training/epoch:16 - critic/score/mean:0.5621484518051147 - critic/score/max:0.8999999761581421 - critic/score/min:0.0 - critic/rewards/mean:0.5621484518051147 - critic/rewards/max:0.8999999761581421 - critic/rewards/min:0.0 - critic/advantages/mean:-0.05790838599205017 - critic/advantages/max:1.7888498306274414 - critic/advantages/min:-1.7888498306274414 - critic/returns/mean:-0.05790838599205017 - critic/returns/max:1.7888498306274414 - critic/returns/min:-1.7888498306274414 - response_length/mean:845.8449096679688 - response_length/max:2048.0 - response_length/min:66.0 - response_length/clip_ratio:0.13906249403953552 - response_length_non_aborted/mean:845.8449096679688 - response_length_non_aborted/max:2048.0 - response_length_non_aborted/min:66.0 - response_length_non_aborted/clip_ratio:0.13906249403953552 - response/aborted_ratio:0.0 - prompt_length/mean:274.849609375 - prompt_length/max:597.0 - prompt_length/min:190.0 - prompt_length/clip_ratio:0.0 - num_turns/min:2 - num_turns/max:2 - num_turns/mean:2.0 - timing_s/start_profile:6.173900328576565e-05 - timing_s/agent_loop/generate_sequences/min:5.0230281967669725 - timing_s/agent_loop/generate_sequences/max:46.980232862057164 - timing_s/agent_loop/generate_sequences/mean:24.06721929250425 - timing_s/agent_loop/tool_calls/min:0.0 - timing_s/agent_loop/tool_calls/max:0.0 - timing_s/agent_loop/tool_calls/mean:0.0 - timing_s/agent_loop/slowest/generate_sequences:46.980232862057164 - timing_s/agent_loop/slowest/tool_calls:0.0 - timing_s/agent_loop/slowest/prompt_length:482 - timing_s/agent_loop/slowest/response_length:2048 - timing_s/gen:62.32263186201453 - timing_s/reward:0.00010663806460797787 - timing_s/old_log_prob:58.850474819075316 - timing_s/ref:57.09355935500935 - timing_s/adv:0.05630223616026342 - timing_s/update_actor:188.57597585883923 - timing_s/step:367.1763725259807 - timing_s/stop_profile:3.115902654826641e-05 - timing_per_token_ms/ref:0.019900312708919114 - timing_per_token_ms/gen:0.028781609301541836 - timing_per_token_ms/update_actor:0.06572932098428054 - timing_per_token_ms/adv:1.962449212237369e-05 - perf/total_num_tokens:2868978 - perf/time_per_step:367.1763725259807 - perf/throughput:488.3514801522592[36m(TaskRunner pid=245980)[0m 
Training Progress:  57%|█████▋    | 68/120 [7:44:23<5:32:32, 383.71s/it]
[36m(TaskRunner pid=245980)[0m 
Training Progress:  57%|█████▊    | 69/120 [7:51:01<5:29:43, 387.92s/it]
[36m(TaskRunner pid=245980)[0m 
Training Progress:  58%|█████▊    | 70/120 [7:57:52<5:29:07, 394.94s/it]

[36m(TaskRunner pid=245980)[0m step:69 - actor/entropy:0.30377528071403503 - perf/mfu/actor_infer:0 - actor/kl_loss:0.020955977561559692 - actor/kl_coef:0.009999999999999998 - actor/pg_clipfrac:0.0010000480824996687 - actor/ppo_kl:5.797999149530883e-05 - actor/pg_clipfrac_lower:4.3645859873124765e-07 - actor/pg_loss:0.06702261209379091 - actor/grad_norm:0.11057778897893508 - perf/mfu/actor:0.0 - perf/max_memory_allocated_gb:85.53644037246704 - perf/max_memory_reserved_gb:89.1640625 - perf/cpu_memory_used_gb:339.9048480987549 - actor/lr:1e-06 - training/global_step:69 - training/epoch:17 - critic/score/mean:0.5540624856948853 - critic/score/max:0.8999999761581421 - critic/score/min:0.0 - critic/rewards/mean:0.5540624856948853 - critic/rewards/max:0.8999999761581421 - critic/rewards/min:0.0 - critic/advantages/mean:-0.06727831810712814 - critic/advantages/max:1.7888498306274414 - critic/advantages/min:-1.7888498306274414 - critic/returns/mean:-0.06727831810712814 - critic/returns/max:1.7888498306274414 - critic/returns/min:-1.7888498306274414 - response_length/mean:883.6019287109375 - response_length/max:2048.0 - response_length/min:109.0 - response_length/clip_ratio:0.16367188096046448 - response_length_non_aborted/mean:883.6019287109375 - response_length_non_aborted/max:2048.0 - response_length_non_aborted/min:109.0 - response_length_non_aborted/clip_ratio:0.16367188096046448 - response/aborted_ratio:0.0 - prompt_length/mean:282.17578125 - prompt_length/max:842.0 - prompt_length/min:189.0 - prompt_length/clip_ratio:0.0 - num_turns/min:2 - num_turns/max:2 - num_turns/mean:2.0 - timing_s/start_profile:0.00018039601854979992 - timing_s/agent_loop/generate_sequences/min:5.908423475921154 - timing_s/agent_loop/generate_sequences/max:54.07383388793096 - timing_s/agent_loop/generate_sequences/mean:25.10786756012785 - timing_s/agent_loop/tool_calls/min:0.0 - timing_s/agent_loop/tool_calls/max:0.0 - timing_s/agent_loop/tool_calls/mean:0.0 - timing_s/agent_loop/slowest/generate_sequences:54.07383388793096 - timing_s/agent_loop/slowest/tool_calls:0.0 - timing_s/agent_loop/slowest/prompt_length:207 - timing_s/agent_loop/slowest/response_length:2048 - timing_s/gen:71.55025078495964 - timing_s/reward:0.0001702769659459591 - timing_s/old_log_prob:63.43824705295265 - timing_s/ref:60.040398833109066 - timing_s/adv:0.057132908841595054 - timing_s/update_actor:192.76868363283575 - timing_s/step:388.123670511879 - timing_s/stop_profile:3.054901026189327e-05 - timing_per_token_ms/ref:0.02011814096514467 - timing_per_token_ms/gen:0.031631116945846055 - timing_per_token_ms/update_actor:0.06459230162295615 - timing_per_token_ms/adv:1.914390870418623e-05 - perf/total_num_tokens:2984391 - perf/time_per_step:388.123670511879 - perf/throughput:480.5799070538553
[36m(TaskRunner pid=245980)[0m test_gen_batch meta info: {'eos_token_id': 151645, 'pad_token_id': 151643, 'recompute_log_prob': False, 'do_sample': False, 'validate': True, 'global_steps': 70}
[36m(TaskRunner pid=245980)[0m validation generation end
[36m(TaskRunner pid=245980)[0m step:70 - actor/entropy:0.2988373041152954 - perf/mfu/actor_infer:0 - actor/kl_loss:0.021881315115860653 - actor/kl_coef:0.009999999999999998 - actor/pg_clipfrac:0.0011671985613383572 - actor/ppo_kl:1.0583033270918101e-05 - actor/pg_clipfrac_lower:0.0 - actor/pg_loss:0.05808282069040291 - actor/grad_norm:0.11787692631848207 - perf/mfu/actor:0.0 - perf/max_memory_allocated_gb:85.56780767440796 - perf/max_memory_reserved_gb:89.1640625 - perf/cpu_memory_used_gb:339.5999355316162 - actor/lr:1e-06 - val-aux/hiyouga/geometry3k/reward/mean@1:0.5630615491438626 - val-core/hiyouga/geometry3k/acc/mean@1:0.5630615640599003 - val-aux/num_turns/min:2 - val-aux/num_turns/max:2 - val-aux/num_turns/mean:2.0 - training/global_step:70 - training/epoch:17 - critic/score/mean:0.5755077600479126 - critic/score/max:0.8999999761581421 - critic/score/min:0.0 - critic/rewards/mean:0.5755077600479126 - critic/rewards/max:0.8999999761581421 - critic/rewards/min:0.0 - critic/advantages/mean:-0.05764021724462509 - critic/advantages/max:1.7888498306274414 - critic/advantages/min:-1.7888498306274414 - critic/returns/mean:-0.05764021724462509 - critic/returns/max:1.7888498306274414 - critic/returns/min:-1.7888498306274414 - response_length/mean:835.5491943359375 - response_length/max:2048.0 - response_length/min:110.0 - response_length/clip_ratio:0.134765625 - response_length_non_aborted/mean:835.5491943359375 - response_length_non_aborted/max:2048.0 - response_length_non_aborted/min:110.0 - response_length_non_aborted/clip_ratio:0.134765625 - response/aborted_ratio:0.0 - prompt_length/mean:276.921875 - prompt_length/max:842.0 - prompt_length/min:190.0 - prompt_length/clip_ratio:0.0 - num_turns/min:2 - num_turns/max:2 - num_turns/mean:2.0 - timing_s/start_profile:6.748898886144161e-05 - timing_s/agent_loop/generate_sequences/min:5.9258494800888 - timing_s/agent_loop/generate_sequences/max:48.077141650021076 - timing_s/agent_loop/generate_sequences/mean:23.653298116387486 - timing_s/agent_loop/tool_calls/min:0.0 - timing_s/agent_loop/tool_calls/max:0.0 - timing_s/agent_loop/tool_calls/mean:0.0 - timing_s/agent_loop/slowest/generate_sequences:48.077141650021076 - timing_s/agent_loop/slowest/tool_calls:0.0 - timing_s/agent_loop/slowest/prompt_length:363 - timing_s/agent_loop/slowest/response_length:2048 - timing_s/gen:64.9853131910786 - timing_s/reward:0.00010765809565782547 - timing_s/old_log_prob:58.628568914020434 - timing_s/ref:56.223421048838645 - timing_s/adv:0.04357806802727282 - timing_s/update_actor:187.78665615385398 - timing_s/step:367.94809871306643 - timing_s/testing:42.916296744020656 - timing_s/stop_profile:3.685895353555679e-05 - timing_per_token_ms/ref:0.019741882706516476 - timing_per_token_ms/gen:0.030381080366805237 - timing_per_token_ms/update_actor:0.06593803917442166 - timing_per_token_ms/adv:1.530168551685431e-05 - perf/total_num_tokens:2847926 - perf/time_per_step:367.94809871306643 - perf/throughput:483.75131064015767
[36m(TaskRunner pid=245980)[0m step:71 - actor/entropy:0.30169299244880676 - perf/mfu/actor_infer:0 - actor/kl_loss:0.022010041235221756 - actor/kl_coef:0.009999999999999998 - actor/pg_clipfrac:0.0011659064888388255 - actor/ppo_kl:5.3508416748905395e-05 - actor/pg_clipfrac_lower:4.3600343310067225e-07 - actor/pg_loss:0.06249943696764401 - actor/grad_norm:0.11258506787317599 - perf/mfu/actor:0.0 - perf/max_memory_allocated_gb:85.5810284614563 - perf/max_memory_reserved_gb:89.1640625 - perf/cpu_memory_used_gb:338.51312255859375 - actor/lr:1e-06 - training/global_step:71 - training/epoch:17 - critic/score/mean:0.5487891435623169 - critic/score/max:0.8999999761581421 - critic/score/min:0.0 - critic/rewards/mean:0.5487891435623169 - critic/rewards/max:0.8999999761581421 - critic/rewards/min:0.0 - critic/advantages/mean:-0.06333259493112564 - critic/advantages/max:1.7888498306274414 - critic/advantages/min:-1.7888498306274414 - critic/returns/mean:-0.06333259493112564 - critic/returns/max:1.7888498306274414 - critic/returns/min:-1.7888498306274414 - response_length/mean:869.451171875 - response_length/max:2048.0 - response_length/min:113.0 - response_length/clip_ratio:0.15273436903953552 - response_length_non_aborted/mean:869.451171875 - response_length_non_aborted/max:2048.0 - response_length_non_aborted/min:113.0 - response_length_non_aborted/clip_ratio:0.15273436903953552 - response/aborted_ratio:0.0 - prompt_length/mean:277.962890625 - prompt_length/max:664.0 - prompt_length/min:190.0 - prompt_length/clip_ratio:0.0 - num_turns/min:2 - num_turns/max:2 - num_turns/mean:2.0 - timing_s/start_profile:4.331907257437706e-05 - timing_s/agent_loop/generate_sequences/min:6.027813820168376 - timing_s/agent_loop/generate_sequences/max:48.80191888590343 - timing_s/agent_loop/generate_sequences/mean:24.596925528055362 - timing_s/agent_loop/tool_calls/min:0.0 - timing_s/agent_loop/tool_calls/max:0.0 - timing_s/agent_loop/tool_calls/mean:0.0 - timing_s/agent_loop/slowest/generate_sequences:48.80191888590343 - timing_s/agent_loop/slowest/tool_calls:0.0 - timing_s/agent_loop/slowest/prompt_length:385 - timing_s/agent_loop/slowest/response_length:2048 - timing_s/gen:65.50280723092146 - timing_s/reward:0.00011568819172680378 - timing_s/old_log_prob:59.977250969037414 - timing_s/ref:58.56227818294428 - timing_s/adv:0.04259714810177684 - timing_s/update_actor:195.783156106947 - timing_s/step:380.14228763780557 - timing_s/stop_profile:2.9759947210550308e-05 - timing_per_token_ms/ref:0.019936909144524808 - timing_per_token_ms/gen:0.02942894886138277 - timing_per_token_ms/update_actor:0.0666523078753675 - timing_per_token_ms/adv:1.4501749212487604e-05 - perf/total_num_tokens:2937380 - perf/time_per_step:380.14228763780557 - perf/throughput:482.94087758770604[36m(TaskRunner pid=245980)[0m 
Training Progress:  59%|█████▉    | 71/120 [8:04:13<5:18:58, 390.57s/it]
[36m(TaskRunner pid=245980)[0m 
Training Progress:  60%|██████    | 72/120 [8:10:33<5:09:53, 387.36s/it]
[36m(TaskRunner pid=245980)[0m 
Training Progress:  61%|██████    | 73/120 [8:16:56<5:02:23, 386.03s/it]

[36m(TaskRunner pid=245980)[0m step:72 - actor/entropy:0.3048560321331024 - perf/mfu/actor_infer:0 - actor/kl_loss:0.022198425265803432 - actor/kl_coef:0.009999999999999998 - actor/pg_clipfrac:0.0011738496189567474 - actor/ppo_kl:3.0068245630452133e-05 - actor/pg_clipfrac_lower:1.37751613805081e-06 - actor/pg_loss:0.07332682118291987 - actor/grad_norm:0.1431249872079931 - perf/mfu/actor:0.0 - perf/max_memory_allocated_gb:85.69237947463989 - perf/max_memory_reserved_gb:89.1640625 - perf/cpu_memory_used_gb:339.06921005249023 - actor/lr:1e-06 - training/global_step:72 - training/epoch:17 - critic/score/mean:0.5677734017372131 - critic/score/max:0.8999999761581421 - critic/score/min:0.0 - critic/rewards/mean:0.5677734017372131 - critic/rewards/max:0.8999999761581421 - critic/rewards/min:0.0 - critic/advantages/mean:-0.07444200664758682 - critic/advantages/max:1.7888498306274414 - critic/advantages/min:-1.7888498306274414 - critic/returns/mean:-0.07444200664758682 - critic/returns/max:1.7888498306274414 - critic/returns/min:-1.7888498306274414 - response_length/mean:851.7828369140625 - response_length/max:2048.0 - response_length/min:53.0 - response_length/clip_ratio:0.14882811903953552 - response_length_non_aborted/mean:851.7828369140625 - response_length_non_aborted/max:2048.0 - response_length_non_aborted/min:53.0 - response_length_non_aborted/clip_ratio:0.14882811903953552 - response/aborted_ratio:0.0 - prompt_length/mean:284.2421875 - prompt_length/max:842.0 - prompt_length/min:190.0 - prompt_length/clip_ratio:0.0 - num_turns/min:2 - num_turns/max:2 - num_turns/mean:2.0 - timing_s/start_profile:7.054908201098442e-05 - timing_s/agent_loop/generate_sequences/min:5.765017174184322 - timing_s/agent_loop/generate_sequences/max:47.56762089394033 - timing_s/agent_loop/generate_sequences/mean:23.877614841783817 - timing_s/agent_loop/tool_calls/min:0.0 - timing_s/agent_loop/tool_calls/max:0.0 - timing_s/agent_loop/tool_calls/mean:0.0 - timing_s/agent_loop/slowest/generate_sequences:47.56762089394033 - timing_s/agent_loop/slowest/tool_calls:0.0 - timing_s/agent_loop/slowest/prompt_length:842 - timing_s/agent_loop/slowest/response_length:2048 - timing_s/gen:64.17863996187225 - timing_s/reward:0.00010414794087409973 - timing_s/old_log_prob:61.53099735896103 - timing_s/ref:58.96863848110661 - timing_s/adv:0.0657760149333626 - timing_s/update_actor:194.17959325015545 - timing_s/step:379.19541606283747 - timing_s/stop_profile:3.31588089466095e-05 - timing_per_token_ms/ref:0.020276511878420167 - timing_per_token_ms/gen:0.029432128551086897 - timing_per_token_ms/update_actor:0.06676913238119053 - timing_per_token_ms/adv:2.261724507237496e-05 - perf/total_num_tokens:2908224 - perf/time_per_step:379.19541606283747 - perf/throughput:479.34123752666727
[36m(TaskRunner pid=245980)[0m step:73 - actor/entropy:0.29981064796447754 - perf/mfu/actor_infer:0 - actor/kl_loss:0.023060383142861116 - actor/kl_coef:0.009999999999999998 - actor/pg_clipfrac:0.0011152558050443158 - actor/ppo_kl:4.4939838396373943e-05 - actor/pg_clipfrac_lower:4.7253975439657964e-07 - actor/pg_loss:0.0628122169413969 - actor/grad_norm:0.15033055296722755 - perf/mfu/actor:0.0 - perf/max_memory_allocated_gb:85.69237947463989 - perf/max_memory_reserved_gb:89.1640625 - perf/cpu_memory_used_gb:338.90965270996094 - actor/lr:1e-06 - training/global_step:73 - training/epoch:18 - critic/score/mean:0.57093745470047 - critic/score/max:0.8999999761581421 - critic/score/min:0.0 - critic/rewards/mean:0.57093745470047 - critic/rewards/max:0.8999999761581421 - critic/rewards/min:0.0 - critic/advantages/mean:-0.06290609389543533 - critic/advantages/max:1.7888498306274414 - critic/advantages/min:-1.7888498306274414 - critic/returns/mean:-0.06290609389543533 - critic/returns/max:1.7888498306274414 - critic/returns/min:-1.7888498306274414 - response_length/mean:832.9933471679688 - response_length/max:2048.0 - response_length/min:97.0 - response_length/clip_ratio:0.13164062798023224 - response_length_non_aborted/mean:832.9933471679688 - response_length_non_aborted/max:2048.0 - response_length_non_aborted/min:97.0 - response_length_non_aborted/clip_ratio:0.13164062798023224 - response/aborted_ratio:0.0 - prompt_length/mean:281.029296875 - prompt_length/max:663.0 - prompt_length/min:189.0 - prompt_length/clip_ratio:0.0 - num_turns/min:2 - num_turns/max:2 - num_turns/mean:2.0 - timing_s/start_profile:0.00021133502013981342 - timing_s/agent_loop/generate_sequences/min:5.546287826029584 - timing_s/agent_loop/generate_sequences/max:48.309315263992175 - timing_s/agent_loop/generate_sequences/mean:23.47452996954962 - timing_s/agent_loop/tool_calls/min:0.0 - timing_s/agent_loop/tool_calls/max:0.0 - timing_s/agent_loop/tool_calls/mean:0.0 - timing_s/agent_loop/slowest/generate_sequences:48.309315263992175 - timing_s/agent_loop/slowest/tool_calls:0.0 - timing_s/agent_loop/slowest/prompt_length:204 - timing_s/agent_loop/slowest/response_length:2048 - timing_s/gen:64.94533391506411 - timing_s/reward:0.00014786701649427414 - timing_s/old_log_prob:61.509267390938476 - timing_s/ref:56.850894493982196 - timing_s/adv:0.0846825938206166 - timing_s/update_actor:189.15171874896623 - timing_s/step:372.81575566018 - timing_s/stop_profile:3.0040042474865913e-05 - timing_per_token_ms/ref:0.019934406663205416 - timing_per_token_ms/gen:0.030455550185426013 - timing_per_token_ms/update_actor:0.06632485409680368 - timing_per_token_ms/adv:2.969341604104235e-05 - perf/total_num_tokens:2851898 - perf/time_per_step:372.81575566018 - perf/throughput:478.10110569057684
[36m(TaskRunner pid=245980)[0m step:74 - actor/entropy:0.30056923627853394 - perf/mfu/actor_infer:0 - actor/kl_loss:0.022312201141449873 - actor/kl_coef:0.009999999999999998 - actor/pg_clipfrac:0.0011267821423888397 - actor/ppo_kl:6.165310067197874e-05 - actor/pg_clipfrac_lower:8.429331853309827e-07 - actor/pg_loss:0.06631721751276223 - actor/grad_norm:0.10860985849556601 - perf/mfu/actor:0.0 - perf/max_memory_allocated_gb:85.69237947463989 - perf/max_memory_reserved_gb:89.1640625 - perf/cpu_memory_used_gb:338.7000427246094 - actor/lr:1e-06 - training/global_step:74 - training/epoch:18 - critic/score/mean:0.546679675579071 - critic/score/max:0.8999999761581421 - critic/score/min:0.0 - critic/rewards/mean:0.546679675579071 - critic/rewards/max:0.8999999761581421 - critic/rewards/min:0.0 - critic/advantages/mean:-0.0668213963508606 - critic/advantages/max:1.7888498306274414 - critic/advantages/min:-1.7888498306274414 - critic/returns/mean:-0.0668213963508606 - critic/returns/max:1.7888498306274414 - critic/returns/min:-1.7888498306274414 - response_length/mean:898.3355712890625 - response_length/max:2048.0 - response_length/min:134.0 - response_length/clip_ratio:0.16289062798023224 - response_length_non_aborted/mean:898.3355712890625 - response_length_non_aborted/max:2048.0 - response_length_non_aborted/min:134.0 - response_length_non_aborted/clip_ratio:0.16289062798023224 - response/aborted_ratio:0.0 - prompt_length/mean:282.302734375 - prompt_length/max:842.0 - prompt_length/min:190.0 - prompt_length/clip_ratio:0.0 - num_turns/min:2 - num_turns/max:2 - num_turns/mean:2.0 - timing_s/start_profile:7.360801100730896e-05 - timing_s/agent_loop/generate_sequences/min:6.970505481120199 - timing_s/agent_loop/generate_sequences/max:49.26961268601008 - timing_s/agent_loop/generate_sequences/mean:25.730014813668824 - timing_s/agent_loop/tool_calls/min:0.0 - timing_s/agent_loop/tool_calls/max:0.0 - timing_s/agent_loop/tool_calls/mean:0.0 - timing_s/agent_loop/slowest/generate_sequences:49.26961268601008 - timing_s/agent_loop/slowest/tool_calls:0.0 - timing_s/agent_loop/slowest/prompt_length:842 - timing_s/agent_loop/slowest/response_length:2048 - timing_s/gen:65.63383805612102 - timing_s/reward:0.00011853803880512714 - timing_s/old_log_prob:61.836671045050025 - timing_s/ref:58.595664794091135 - timing_s/adv:0.03918431303463876 - timing_s/update_actor:199.68179078493267 - timing_s/step:386.3615858410485 - timing_s/stop_profile:3.0538998544216156e-05 - timing_per_token_ms/ref:0.01938691292980794 - timing_per_token_ms/gen:0.028539689963131044 - timing_per_token_ms/update_actor:0.06606655125800354 - timing_per_token_ms/adv:1.2964489227767674e-05 - perf/total_num_tokens:3022434 - perf/time_per_step:386.3615858410485 - perf/throughput:488.92574190260075[36m(TaskRunner pid=245980)[0m 
Training Progress:  62%|██████▏   | 74/120 [8:23:22<4:56:07, 386.24s/it]
[36m(TaskRunner pid=245980)[0m 
Training Progress:  62%|██████▎   | 75/120 [8:30:19<4:56:36, 395.47s/it]
[36m(TaskRunner pid=245980)[0m 
Training Progress:  63%|██████▎   | 76/120 [8:36:26<4:43:35, 386.72s/it]

[36m(TaskRunner pid=245980)[0m test_gen_batch meta info: {'eos_token_id': 151645, 'pad_token_id': 151643, 'recompute_log_prob': False, 'do_sample': False, 'validate': True, 'global_steps': 75}
[36m(TaskRunner pid=245980)[0m validation generation end
[36m(TaskRunner pid=245980)[0m step:75 - actor/entropy:0.3008442223072052 - perf/mfu/actor_infer:0 - actor/kl_loss:0.023974842363451092 - actor/kl_coef:0.009999999999999998 - actor/pg_clipfrac:0.0010605895838024378 - actor/ppo_kl:8.470315121286771e-05 - actor/pg_clipfrac_lower:8.870391158982077e-07 - actor/pg_loss:0.06001589083607541 - actor/grad_norm:0.11040872581524215 - perf/mfu/actor:0.0 - perf/max_memory_allocated_gb:85.69237947463989 - perf/max_memory_reserved_gb:89.412109375 - perf/cpu_memory_used_gb:335.2533760070801 - actor/lr:1e-06 - val-aux/hiyouga/geometry3k/reward/mean@1:0.5555740285435453 - val-core/hiyouga/geometry3k/acc/mean@1:0.5555740432612314 - val-aux/num_turns/min:2 - val-aux/num_turns/max:2 - val-aux/num_turns/mean:2.0 - training/global_step:75 - training/epoch:18 - critic/score/mean:0.5621484518051147 - critic/score/max:0.8999999761581421 - critic/score/min:0.0 - critic/rewards/mean:0.5621484518051147 - critic/rewards/max:0.8999999761581421 - critic/rewards/min:0.0 - critic/advantages/mean:-0.060327768325805664 - critic/advantages/max:1.7888498306274414 - critic/advantages/min:-1.7888498306274414 - critic/returns/mean:-0.060327768325805664 - critic/returns/max:1.7888498306274414 - critic/returns/min:-1.7888498306274414 - response_length/mean:867.095703125 - response_length/max:2048.0 - response_length/min:48.0 - response_length/clip_ratio:0.15156249701976776 - response_length_non_aborted/mean:867.095703125 - response_length_non_aborted/max:2048.0 - response_length_non_aborted/min:48.0 - response_length_non_aborted/clip_ratio:0.15156249701976776 - response/aborted_ratio:0.0 - prompt_length/mean:277.021484375 - prompt_length/max:842.0 - prompt_length/min:189.0 - prompt_length/clip_ratio:0.0 - num_turns/min:2 - num_turns/max:2 - num_turns/mean:2.0 - timing_s/start_profile:7.850886322557926e-05 - timing_s/agent_loop/generate_sequences/min:4.336727313930169 - timing_s/agent_loop/generate_sequences/max:48.52441078424454 - timing_s/agent_loop/generate_sequences/mean:24.729552268047335 - timing_s/agent_loop/tool_calls/min:0.0 - timing_s/agent_loop/tool_calls/max:0.0 - timing_s/agent_loop/tool_calls/mean:0.0 - timing_s/agent_loop/slowest/generate_sequences:48.52441078424454 - timing_s/agent_loop/slowest/tool_calls:0.0 - timing_s/agent_loop/slowest/prompt_length:222 - timing_s/agent_loop/slowest/response_length:2048 - timing_s/gen:63.49148948001675 - timing_s/reward:0.0001198470126837492 - timing_s/old_log_prob:59.004090921022 - timing_s/ref:58.01462566014379 - timing_s/adv:0.19296908797696233 - timing_s/update_actor:192.44086969899945 - timing_s/step:373.42643898003735 - timing_s/testing:42.79910348192789 - timing_s/stop_profile:3.6969082430005074e-05 - timing_per_token_ms/ref:0.019807379345477816 - timing_per_token_ms/gen:0.0286027978096856 - timing_per_token_ms/update_actor:0.06570324748851102 - timing_per_token_ms/adv:6.588359200835876e-05 - perf/total_num_tokens:2928940 - perf/time_per_step:373.42643898003735 - perf/throughput:490.2136830482589
[36m(TaskRunner pid=245980)[0m step:76 - actor/entropy:0.29846853017807007 - perf/mfu/actor_infer:0 - actor/kl_loss:0.023873066243276685 - actor/kl_coef:0.009999999999999998 - actor/pg_clipfrac:0.001219501195804299 - actor/ppo_kl:-1.817170878535075e-05 - actor/pg_clipfrac_lower:0.0 - actor/pg_loss:0.0641144881206103 - actor/grad_norm:0.17806865834707586 - perf/mfu/actor:0.0 - perf/max_memory_allocated_gb:85.69237947463989 - perf/max_memory_reserved_gb:89.412109375 - perf/cpu_memory_used_gb:333.05324363708496 - actor/lr:1e-06 - training/global_step:76 - training/epoch:18 - critic/score/mean:0.5888672471046448 - critic/score/max:0.8999999761581421 - critic/score/min:0.0 - critic/rewards/mean:0.5888672471046448 - critic/rewards/max:0.8999999761581421 - critic/rewards/min:0.0 - critic/advantages/mean:-0.06477757543325424 - critic/advantages/max:1.7888498306274414 - critic/advantages/min:-1.7888498306274414 - critic/returns/mean:-0.06477757543325424 - critic/returns/max:1.7888498306274414 - critic/returns/min:-1.7888498306274414 - response_length/mean:830.0515747070312 - response_length/max:2048.0 - response_length/min:113.0 - response_length/clip_ratio:0.134765625 - response_length_non_aborted/mean:830.0515747070312 - response_length_non_aborted/max:2048.0 - response_length_non_aborted/min:113.0 - response_length_non_aborted/clip_ratio:0.134765625 - response/aborted_ratio:0.0 - prompt_length/mean:281.859375 - prompt_length/max:842.0 - prompt_length/min:190.0 - prompt_length/clip_ratio:0.0 - num_turns/min:2 - num_turns/max:2 - num_turns/mean:2.0 - timing_s/start_profile:4.1079940274357796e-05 - timing_s/agent_loop/generate_sequences/min:6.045119812944904 - timing_s/agent_loop/generate_sequences/max:46.27316425484605 - timing_s/agent_loop/generate_sequences/mean:23.637359585954528 - timing_s/agent_loop/tool_calls/min:0.0 - timing_s/agent_loop/tool_calls/max:0.0 - timing_s/agent_loop/tool_calls/mean:0.0 - timing_s/agent_loop/slowest/generate_sequences:46.27316425484605 - timing_s/agent_loop/slowest/tool_calls:0.0 - timing_s/agent_loop/slowest/prompt_length:202 - timing_s/agent_loop/slowest/response_length:2048 - timing_s/gen:62.6655246228911 - timing_s/reward:0.0001151480246335268 - timing_s/old_log_prob:60.395867209881544 - timing_s/ref:56.63912218203768 - timing_s/adv:0.04635637509636581 - timing_s/update_actor:186.0534441161435 - timing_s/step:366.07919222605415 - timing_s/stop_profile:2.8379028663039207e-05 - timing_per_token_ms/ref:0.019897868036178455 - timing_per_token_ms/gen:0.02949060234534145 - timing_per_token_ms/update_actor:0.06536236325840492 - timing_per_token_ms/adv:1.628544014750992e-05 - perf/total_num_tokens:2846492 - perf/time_per_step:366.07919222605415 - perf/throughput:485.97613242695064
[36m(TaskRunner pid=245980)[0m step:77 - actor/entropy:0.2918888330459595 - perf/mfu/actor_infer:0 - actor/kl_loss:0.024448270512617786 - actor/kl_coef:0.009999999999999998 - actor/pg_clipfrac:0.0010169759842194087 - actor/ppo_kl:6.691981067302228e-05 - actor/pg_clipfrac_lower:5.015729336512529e-07 - actor/pg_loss:0.05235141095164925 - actor/grad_norm:0.1051640501882806 - perf/mfu/actor:0.0 - perf/max_memory_allocated_gb:85.69237947463989 - perf/max_memory_reserved_gb:89.412109375 - perf/cpu_memory_used_gb:333.1240577697754 - actor/lr:1e-06 - training/global_step:77 - training/epoch:19 - critic/score/mean:0.5776171684265137 - critic/score/max:0.8999999761581421 - critic/score/min:0.0 - critic/rewards/mean:0.5776171684265137 - critic/rewards/max:0.8999999761581421 - critic/rewards/min:0.0 - critic/advantages/mean:-0.05272757634520531 - critic/advantages/max:1.7888498306274414 - critic/advantages/min:-1.7888498306274414 - critic/returns/mean:-0.05272757634520531 - critic/returns/max:1.7888498306274414 - critic/returns/min:-1.7888498306274414 - response_length/mean:843.625 - response_length/max:2048.0 - response_length/min:106.0 - response_length/clip_ratio:0.13593749701976776 - response_length_non_aborted/mean:843.625 - response_length_non_aborted/max:2048.0 - response_length_non_aborted/min:106.0 - response_length_non_aborted/clip_ratio:0.13593749701976776 - response/aborted_ratio:0.0 - prompt_length/mean:278.3515625 - prompt_length/max:842.0 - prompt_length/min:190.0 - prompt_length/clip_ratio:0.0 - num_turns/min:2 - num_turns/max:2 - num_turns/mean:2.0 - timing_s/start_profile:0.00017098593525588512 - timing_s/agent_loop/generate_sequences/min:6.136979887261987 - timing_s/agent_loop/generate_sequences/max:47.30849692900665 - timing_s/agent_loop/generate_sequences/mean:23.892854861767137 - timing_s/agent_loop/tool_calls/min:0.0 - timing_s/agent_loop/tool_calls/max:0.0 - timing_s/agent_loop/tool_calls/mean:0.0 - timing_s/agent_loop/slowest/generate_sequences:47.30849692900665 - timing_s/agent_loop/slowest/tool_calls:0.0 - timing_s/agent_loop/slowest/prompt_length:373 - timing_s/agent_loop/slowest/response_length:2048 - timing_s/gen:64.0419403091073 - timing_s/reward:0.00017004692927002907 - timing_s/old_log_prob:59.82943119807169 - timing_s/ref:55.6404008299578 - timing_s/adv:0.0459682228974998 - timing_s/update_actor:187.03416850301437 - timing_s/step:366.87478747498244 - timing_s/stop_profile:2.9410002753138542e-05 - timing_per_token_ms/ref:0.019371644917228176 - timing_per_token_ms/gen:0.029653439541555835 - timing_per_token_ms/update_actor:0.06511742269258855 - timing_per_token_ms/adv:1.600419979302006e-05 - perf/total_num_tokens:2872260 - perf/time_per_step:366.87478747498244 - perf/throughput:489.31203813573967[36m(TaskRunner pid=245980)[0m 
Training Progress:  64%|██████▍   | 77/120 [8:42:42<4:34:56, 383.65s/it]
[36m(TaskRunner pid=245980)[0m 
Training Progress:  65%|██████▌   | 78/120 [8:48:49<4:25:09, 378.79s/it]
[36m(TaskRunner pid=245980)[0m 
Training Progress:  66%|██████▌   | 79/120 [8:54:58<4:16:42, 375.66s/it]
[36m(WorkerDict pid=246556)[0m WARNING:2026-01-03 11:09:45,544:Rank 6 common state dict differs from rank 0 common state dict. Keys only on rank 0: [], Keys only on 6: [('optimizer', 'param_state', 49), ('optimizer', 'param_state', 50), ('optimizer', 'param_state', 51), ('optimizer', 'param_state', 52), ('optimizer', 'param_state', 53), ('optimizer', 'param_state', 54), ('optimizer', 'param_state', 55), ('optimizer', 'param_state', 56), ('optimizer', 'param_state', 57), ('optimizer', 'param_state', 58), ('optimizer', 'param_state', 59), ('optimizer', 'param_state', 60), ('optimizer', 'param_state', 61), ('optimizer', 'param_state', 62), ('optimizer', 'param_state', 63), ('optimizer', 'param_state', 64), ('optimizer', 'param_state', 65), ('optimizer', 'param_state', 66), ('optimizer', 'param_state', 67), ('optimizer', 'param_state', 68), ('optimizer', 'param_state', 69), ('optimizer', 'param_state', 70), ('optimizer', 'param_state', 71), ('optimizer', 'param_state', 72), ('optimizer', 'param_state', 73), ('optimizer', 'param_state', 74), ('optimizer', 'param_state', 75), ('optimizer', 'param_state', 76), ('optimizer', 'param_state', 77), ('optimizer', 'param_state', 78), ('optimizer', 'param_state', 79), ('optimizer', 'param_state', 80), ('optimizer', 'param_state', 81), ('optimizer', 'param_state', 82), ('optimizer', 'param_state', 83), ('optimizer', 'param_state', 84), ('optimizer', 'param_state', 85), ('optimizer', 'param_state', 86), ('optimizer', 'param_state', 87), ('optimizer', 'param_state', 88), ('optimizer', 'param_state', 89), ('optimizer', 'param_state', 90), ('optimizer', 'param_state', 91), ('optimizer', 'param_state', 92), ('optimizer', 'param_state', 93), ('optimizer', 'param_state', 94), ('optimizer', 'param_state', 95), ('optimizer', 'param_state', 96), ('optimizer', 'param_state', 97), ('optimizer', 'param_state', 98), ('optimizer', 'param_state', 99), ('optimizer', 'param_state', 100), ('optimizer', 'param_state', 101), ('optimizer', 'param_state', 102), ('optimizer', 'param_state', 103), ('optimizer', 'param_state', 104), ('optimizer', 'param_state', 105), ('optimizer', 'param_state', 106), ('optimizer', 'param_state', 107), ('optimizer', 'param_state', 108), ('optimizer', 'param_state', 109), ('optimizer', 'param_state', 110), ('optimizer', 'param_state', 111), ('optimizer', 'param_state', 112), ('optimizer', 'param_state', 113), ('optimizer', 'param_state', 114), ('optimizer', 'param_state', 115), ('optimizer', 'param_state', 116), ('optimizer', 'param_state', 117), ('optimizer', 'param_state', 118), ('optimizer', 'param_state', 119), ('optimizer', 'param_state', 120), ('optimizer', 'param_state', 121), ('optimizer', 'param_state', 122), ('optimizer', 'param_state', 123), ('optimizer', 'param_state', 124), ('optimizer', 'param_state', 125), ('optimizer', 'param_state', 126), ('optimizer', 'param_state', 127), ('optimizer', 'param_state', 128), ('optimizer', 'param_state', 129), ('optimizer', 'param_state', 130), ('optimizer', 'param_state', 131), ('optimizer', 'param_state', 132), ('optimizer', 'param_state', 133), ('optimizer', 'param_state', 134), ('optimizer', 'param_state', 135), ('optimizer', 'param_state', 136), ('optimizer', 'param_state', 137), ('optimizer', 'param_state', 138), ('optimizer', 'param_state', 139), ('optimizer', 'param_state', 140), ('optimizer', 'param_state', 141), ('optimizer', 'param_state', 142), ('optimizer', 'param_state', 143), ('optimizer', 'param_state', 144), ('optimizer', 'param_state', 145), ('optimizer', 'param_state', 146), ('optimizer', 'param_state', 147), ('optimizer', 'param_state', 148), ('optimizer', 'param_state', 149), ('optimizer', 'param_state', 150), ('optimizer', 'param_state', 151), ('optimizer', 'param_state', 152), ('optimizer', 'param_state', 153), ('optimizer', 'param_state', 154), ('optimizer', 'param_state', 155), ('optimizer', 'param_state', 156), ('optimizer', 'param_state', 157), ('optimizer', 'param_state', 158), ('optimizer', 'param_state', 159), ('optimizer', 'param_state', 160), ('optimizer', 'param_state', 161), ('optimizer', 'param_state', 162), ('optimizer', 'param_state', 163), ('optimizer', 'param_state', 164), ('optimizer', 'param_state', 165), ('optimizer', 'param_state', 166), ('optimizer', 'param_state', 167), ('optimizer', 'param_state', 168), ('optimizer', 'param_state', 169), ('optimizer', 'param_state', 170), ('optimizer', 'param_state', 171), ('optimizer', 'param_state', 172), ('optimizer', 'param_state', 173), ('optimizer', 'param_state', 174), ('optimizer', 'param_state', 175), ('optimizer', 'param_state', 176), ('optimizer', 'param_state', 177), ('optimizer', 'param_state', 178), ('optimizer', 'param_state', 179), ('optimizer', 'param_state', 180), ('optimizer', 'param_state', 181), ('optimizer', 'param_state', 182), ('optimizer', 'param_state', 183), ('optimizer', 'param_state', 184), ('optimizer', 'param_state', 185), ('optimizer', 'param_state', 186), ('optimizer', 'param_state', 187), ('optimizer', 'param_state', 188), ('optimizer', 'param_state', 189), ('optimizer', 'param_state', 190), ('optimizer', 'param_state', 191), ('optimizer', 'param_state', 192), ('optimizer', 'param_state', 193), ('optimizer', 'param_state', 194), ('optimizer', 'param_state', 195), ('optimizer', 'param_state', 196), ('optimizer', 'param_state', 197), ('optimizer', 'param_state', 198), ('optimizer', 'param_state', 199), ('optimizer', 'param_state', 200), ('optimizer', 'param_state', 201), ('optimizer', 'param_state', 202), ('optimizer', 'param_state', 203), ('optimizer', 'param_state', 204), ('optimizer', 'param_state', 205), ('optimizer', 'param_state', 206), ('optimizer', 'param_state', 207), ('optimizer', 'param_state', 208), ('optimizer', 'param_state', 209), ('optimizer', 'param_state', 210), ('optimizer', 'param_state', 211), ('optimizer', 'param_state', 212), ('optimizer', 'param_state', 213), ('optimizer', 'param_state', 214), ('optimizer', 'param_state', 215), ('optimizer', 'param_state', 216), ('optimizer', 'param_state', 217), ('optimizer', 'param_state', 218), ('optimizer', 'param_state', 219), ('optimizer', 'param_state', 220), ('optimizer', 'param_state', 221), ('optimizer', 'param_state', 222), ('optimizer', 'param_state', 223), ('optimizer', 'param_state', 224), ('optimizer', 'param_state', 225), ('optimizer', 'param_state', 226), ('optimizer', 'param_state', 227), ('optimizer', 'param_state', 228), ('optimizer', 'param_state', 229), ('optimizer', 'param_state', 230), ('optimizer', 'param_state', 231), ('optimizer', 'param_state', 232), ('optimizer', 'param_state', 233), ('optimizer', 'param_state', 234), ('optimizer', 'param_state', 235), ('optimizer', 'param_state', 236), ('optimizer', 'param_state', 237), ('optimizer', 'param_state', 238), ('optimizer', 'param_state', 239), ('optimizer', 'param_state', 240), ('optimizer', 'param_state', 241), ('optimizer', 'param_state', 242), ('optimizer', 'param_state', 243), ('optimizer', 'param_state', 244), ('optimizer', 'param_state', 245), ('optimizer', 'param_state', 246), ('optimizer', 'param_state', 247), ('optimizer', 'param_state', 248), ('optimizer', 'param_state', 249), ('optimizer', 'param_state', 250), ('optimizer', 'param_state', 251), ('optimizer', 'param_state', 252), ('optimizer', 'param_state', 253), ('optimizer', 'param_state', 254), ('optimizer', 'param_state', 255), ('optimizer', 'param_state', 256), ('optimizer', 'param_state', 257), ('optimizer', 'param_state', 258), ('optimizer', 'param_state', 259), ('optimizer', 'param_state', 260), ('optimizer', 'param_state', 261), ('optimizer', 'param_state', 262), ('optimizer', 'param_state', 263), ('optimizer', 'param_state', 264), ('optimizer', 'param_state', 265), ('optimizer', 'param_state', 266), ('optimizer', 'param_state', 267), ('optimizer', 'param_state', 268), ('optimizer', 'param_state', 269), ('optimizer', 'param_state', 270), ('optimizer', 'param_state', 271), ('optimizer', 'param_state', 272), ('optimizer', 'param_state', 273), ('optimizer', 'param_state', 274), ('optimizer', 'param_state', 275), ('optimizer', 'param_state', 276), ('optimizer', 'param_state', 277), ('optimizer', 'param_state', 278), ('optimizer', 'param_state', 279), ('optimizer', 'param_state', 280), ('optimizer', 'param_state', 281), ('optimizer', 'param_state', 282), ('optimizer', 'param_state', 283), ('optimizer', 'param_state', 284), ('optimizer', 'param_state', 285), ('optimizer', 'param_state', 286), ('optimizer', 'param_state', 287), ('optimizer', 'param_state', 288), ('optimizer', 'param_state', 289), ('optimizer', 'param_state', 290), ('optimizer', 'param_state', 291), ('optimizer', 'param_state', 292), ('optimizer', 'param_state', 293), ('optimizer', 'param_state', 294), ('optimizer', 'param_state', 295), ('optimizer', 'param_state', 296), ('optimizer', 'param_state', 297), ('optimizer', 'param_state', 298), ('optimizer', 'param_state', 299), ('optimizer', 'param_state', 300), ('optimizer', 'param_state', 301), ('optimizer', 'param_state', 302), ('optimizer', 'param_state', 303), ('optimizer', 'param_state', 304), ('optimizer', 'param_state', 305), ('optimizer', 'param_state', 306), ('optimizer', 'param_state', 307), ('optimizer', 'param_state', 308), ('optimizer', 'param_state', 309), ('optimizer', 'param_state', 310), ('optimizer', 'param_state', 311), ('optimizer', 'param_state', 312), ('optimizer', 'param_state', 313), ('optimizer', 'param_state', 314), ('optimizer', 'param_state', 315), ('optimizer', 'param_state', 316), ('optimizer', 'param_state', 317), ('optimizer', 'param_state', 318), ('optimizer', 'param_state', 319), ('optimizer', 'param_state', 320), ('optimizer', 'param_state', 321), ('optimizer', 'param_state', 322), ('optimizer', 'param_state', 323), ('optimizer', 'param_state', 324), ('optimizer', 'param_state', 325), ('optimizer', 'param_state', 326), ('optimizer', 'param_state', 327), ('optimizer', 'param_state', 328), ('optimizer', 'param_state', 329), ('optimizer', 'param_state', 330), ('optimizer', 'param_state', 331), ('optimizer', 'param_state', 332), ('optimizer', 'param_state', 333), ('optimizer', 'param_state', 334), ('optimizer', 'param_state', 335), ('optimizer', 'param_state', 336), ('optimizer', 'param_state', 337), ('optimizer', 'param_state', 338), ('optimizer', 'param_state', 339), ('optimizer', 'param_state', 340), ('optimizer', 'param_state', 341), ('optimizer', 'param_state', 342), ('optimizer', 'param_state', 343), ('optimizer', 'param_state', 344), ('optimizer', 'param_state', 345), ('optimizer', 'param_state', 346), ('optimizer', 'param_state', 347), ('optimizer', 'param_state', 348), ('optimizer', 'param_state', 349), ('optimizer', 'param_state', 350), ('optimizer', 'param_state', 351)], Mismatched keys: []
[36m(WorkerDict pid=71406, ip=node2)[0m WARNING:2026-01-03 11:09:45,543:Rank 9 common state dict differs from rank 0 common state dict. Keys only on rank 0: [('optimizer', 'param_state', 19), ('optimizer', 'param_state', 20), ('optimizer', 'param_state', 21), ('optimizer', 'param_state', 22), ('optimizer', 'param_state', 23), ('optimizer', 'param_state', 24), ('optimizer', 'param_state', 25), ('optimizer', 'param_state', 26), ('optimizer', 'param_state', 27), ('optimizer', 'param_state', 28), ('optimizer', 'param_state', 29), ('optimizer', 'param_state', 30), ('optimizer', 'param_state', 31), ('optimizer', 'param_state', 32), ('optimizer', 'param_state', 33), ('optimizer', 'param_state', 34), ('optimizer', 'param_state', 35), ('optimizer', 'param_state', 36), ('optimizer', 'param_state', 37), ('optimizer', 'param_state', 38), ('optimizer', 'param_state', 39), ('optimizer', 'param_state', 40), ('optimizer', 'param_state', 41), ('optimizer', 'param_state', 42), ('optimizer', 'param_state', 43), ('optimizer', 'param_state', 44), ('optimizer', 'param_state', 45), ('optimizer', 'param_state', 46), ('optimizer', 'param_state', 47), ('optimizer', 'param_state', 48)], Keys only on 9: [], Mismatched keys: []
[36m(WorkerDict pid=71407, ip=node2)[0m WARNING:2026-01-03 11:09:45,544:Rank 10 common state dict differs from rank 0 common state dict. Keys only on rank 0: [('optimizer', 'param_state', 42), ('optimizer', 'param_state', 43), ('optimizer', 'param_state', 44), ('optimizer', 'param_state', 45), ('optimizer', 'param_state', 46), ('optimizer', 'param_state', 47), ('optimizer', 'param_state', 48)], Keys only on 10: [], Mismatched keys: []
[36m(WorkerDict pid=71409, ip=node2)[0m WARNING:2026-01-03 11:09:45,544:Rank 15 common state dict differs from rank 0 common state dict. Keys only on rank 0: [('optimizer', 'param_state', 48), ('optimizer', 'param_state', 47)], Keys only on 15: [], Mismatched keys: []
[36m(WorkerDict pid=71414, ip=node2)[0m WARNING:2026-01-03 11:09:45,544:Rank 12 common state dict differs from rank 0 common state dict. Keys only on rank 0: [('optimizer', 'param_state', 41), ('optimizer', 'param_state', 42), ('optimizer', 'param_state', 43), ('optimizer', 'param_state', 44), ('optimizer', 'param_state', 45), ('optimizer', 'param_state', 46), ('optimizer', 'param_state', 47), ('optimizer', 'param_state', 48)], Keys only on 12: [], Mismatched keys: []
[36m(WorkerDict pid=246541)[0m INFO:2026-01-03 11:15:23,884:[Rank 0] Saving HF model checkpoint to /mnt/cfs/danerli/workspace/test_benchmark/TestBenchmarkWithTrainingCard/recipe/exp/checkpoint/qwen3_vl_8b_megatron_mutil_node/global_step_80/actor with bridge
[36m(WorkerDict pid=246589)[0m WARNING:2026-01-03 11:09:45,544:Rank 7 common state dict differs from rank 0 common state dict. Keys only on rank 0: [], Keys only on 7: [('optimizer', 'param_state', 49), ('optimizer', 'param_state', 50), ('optimizer', 'param_state', 51), ('optimizer', 'param_state', 52), ('optimizer', 'param_state', 53), ('optimizer', 'param_state', 54), ('optimizer', 'param_state', 55), ('optimizer', 'param_state', 56), ('optimizer', 'param_state', 57), ('optimizer', 'param_state', 58), ('optimizer', 'param_state', 59), ('optimizer', 'param_state', 60), ('optimizer', 'param_state', 61), ('optimizer', 'param_state', 62), ('optimizer', 'param_state', 63), ('optimizer', 'param_state', 64), ('optimizer', 'param_state', 65), ('optimizer', 'param_state', 66), ('optimizer', 'param_state', 67), ('optimizer', 'param_state', 68), ('optimizer', 'param_state', 69), ('optimizer', 'param_state', 70), ('optimizer', 'param_state', 71), ('optimizer', 'param_state', 72), ('optimizer', 'param_state', 73), ('optimizer', 'param_state', 74), ('optimizer', 'param_state', 75), ('optimizer', 'param_state', 76), ('optimizer', 'param_state', 77), ('optimizer', 'param_state', 78), ('optimizer', 'param_state', 79), ('optimizer', 'param_state', 80), ('optimizer', 'param_state', 81), ('optimizer', 'param_state', 82), ('optimizer', 'param_state', 83), ('optimizer', 'param_state', 84), ('optimizer', 'param_state', 85), ('optimizer', 'param_state', 86), ('optimizer', 'param_state', 87), ('optimizer', 'param_state', 88), ('optimizer', 'param_state', 89), ('optimizer', 'param_state', 90), ('optimizer', 'param_state', 91), ('optimizer', 'param_state', 92), ('optimizer', 'param_state', 93), ('optimizer', 'param_state', 94), ('optimizer', 'param_state', 95), ('optimizer', 'param_state', 96), ('optimizer', 'param_state', 97), ('optimizer', 'param_state', 98), ('optimizer', 'param_state', 99), ('optimizer', 'param_state', 100), ('optimizer', 'param_state', 101), ('optimizer', 'param_state', 102), ('optimizer', 'param_state', 103), ('optimizer', 'param_state', 104), ('optimizer', 'param_state', 105), ('optimizer', 'param_state', 106), ('optimizer', 'param_state', 107), ('optimizer', 'param_state', 108), ('optimizer', 'param_state', 109), ('optimizer', 'param_state', 110), ('optimizer', 'param_state', 111), ('optimizer', 'param_state', 112), ('optimizer', 'param_state', 113), ('optimizer', 'param_state', 114), ('optimizer', 'param_state', 115), ('optimizer', 'param_state', 116), ('optimizer', 'param_state', 117), ('optimizer', 'param_state', 118), ('optimizer', 'param_state', 119), ('optimizer', 'param_state', 120), ('optimizer', 'param_state', 121), ('optimizer', 'param_state', 122), ('optimizer', 'param_state', 123), ('optimizer', 'param_state', 124), ('optimizer', 'param_state', 125), ('optimizer', 'param_state', 126), ('optimizer', 'param_state', 127), ('optimizer', 'param_state', 128), ('optimizer', 'param_state', 129), ('optimizer', 'param_state', 130), ('optimizer', 'param_state', 131), ('optimizer', 'param_state', 132), ('optimizer', 'param_state', 133), ('optimizer', 'param_state', 134), ('optimizer', 'param_state', 135), ('optimizer', 'param_state', 136), ('optimizer', 'param_state', 137), ('optimizer', 'param_state', 138), ('optimizer', 'param_state', 139), ('optimizer', 'param_state', 140), ('optimizer', 'param_state', 141), ('optimizer', 'param_state', 142), ('optimizer', 'param_state', 143), ('optimizer', 'param_state', 144), ('optimizer', 'param_state', 145), ('optimizer', 'param_state', 146), ('optimizer', 'param_state', 147), ('optimizer', 'param_state', 148), ('optimizer', 'param_state', 149), ('optimizer', 'param_state', 150), ('optimizer', 'param_state', 151), ('optimizer', 'param_state', 152), ('optimizer', 'param_state', 153), ('optimizer', 'param_state', 154), ('optimizer', 'param_state', 155), ('optimizer', 'param_state', 156), ('optimizer', 'param_state', 157), ('optimizer', 'param_state', 158), ('optimizer', 'param_state', 159), ('optimizer', 'param_state', 160), ('optimizer', 'param_state', 161), ('optimizer', 'param_state', 162), ('optimizer', 'param_state', 163), ('optimizer', 'param_state', 164), ('optimizer', 'param_state', 165), ('optimizer', 'param_state', 166), ('optimizer', 'param_state', 167), ('optimizer', 'param_state', 168), ('optimizer', 'param_state', 169), ('optimizer', 'param_state', 170), ('optimizer', 'param_state', 171), ('optimizer', 'param_state', 172), ('optimizer', 'param_state', 173), ('optimizer', 'param_state', 174), ('optimizer', 'param_state', 175), ('optimizer', 'param_state', 176), ('optimizer', 'param_state', 177), ('optimizer', 'param_state', 178), ('optimizer', 'param_state', 179), ('optimizer', 'param_state', 180), ('optimizer', 'param_state', 181), ('optimizer', 'param_state', 182), ('optimizer', 'param_state', 183), ('optimizer', 'param_state', 184), ('optimizer', 'param_state', 185), ('optimizer', 'param_state', 186), ('optimizer', 'param_state', 187), ('optimizer', 'param_state', 188), ('optimizer', 'param_state', 189), ('optimizer', 'param_state', 190), ('optimizer', 'param_state', 191), ('optimizer', 'param_state', 192), ('optimizer', 'param_state', 193), ('optimizer', 'param_state', 194), ('optimizer', 'param_state', 195), ('optimizer', 'param_state', 196), ('optimizer', 'param_state', 197), ('optimizer', 'param_state', 198), ('optimizer', 'param_state', 199), ('optimizer', 'param_state', 200), ('optimizer', 'param_state', 201), ('optimizer', 'param_state', 202), ('optimizer', 'param_state', 203), ('optimizer', 'param_state', 204), ('optimizer', 'param_state', 205), ('optimizer', 'param_state', 206), ('optimizer', 'param_state', 207), ('optimizer', 'param_state', 208), ('optimizer', 'param_state', 209), ('optimizer', 'param_state', 210), ('optimizer', 'param_state', 211), ('optimizer', 'param_state', 212), ('optimizer', 'param_state', 213), ('optimizer', 'param_state', 214), ('optimizer', 'param_state', 215), ('optimizer', 'param_state', 216), ('optimizer', 'param_state', 217), ('optimizer', 'param_state', 218), ('optimizer', 'param_state', 219), ('optimizer', 'param_state', 220), ('optimizer', 'param_state', 221), ('optimizer', 'param_state', 222), ('optimizer', 'param_state', 223), ('optimizer', 'param_state', 224), ('optimizer', 'param_state', 225), ('optimizer', 'param_state', 226), ('optimizer', 'param_state', 227), ('optimizer', 'param_state', 228), ('optimizer', 'param_state', 229), ('optimizer', 'param_state', 230), ('optimizer', 'param_state', 231), ('optimizer', 'param_state', 232), ('optimizer', 'param_state', 233), ('optimizer', 'param_state', 234), ('optimizer', 'param_state', 235), ('optimizer', 'param_state', 236), ('optimizer', 'param_state', 237), ('optimizer', 'param_state', 238), ('optimizer', 'param_state', 239), ('optimizer', 'param_state', 240), ('optimizer', 'param_state', 241), ('optimizer', 'param_state', 242), ('optimizer', 'param_state', 243), ('optimizer', 'param_state', 244), ('optimizer', 'param_state', 245), ('optimizer', 'param_state', 246), ('optimizer', 'param_state', 247), ('optimizer', 'param_state', 248), ('optimizer', 'param_state', 249), ('optimizer', 'param_state', 250), ('optimizer', 'param_state', 251), ('optimizer', 'param_state', 252), ('optimizer', 'param_state', 253), ('optimizer', 'param_state', 254), ('optimizer', 'param_state', 255), ('optimizer', 'param_state', 256), ('optimizer', 'param_state', 257), ('optimizer', 'param_state', 258), ('optimizer', 'param_state', 259), ('optimizer', 'param_state', 260), ('optimizer', 'param_state', 261), ('optimizer', 'param_state', 262), ('optimizer', 'param_state', 263), ('optimizer', 'param_state', 264), ('optimizer', 'param_state', 265), ('optimizer', 'param_state', 266), ('optimizer', 'param_state', 267), ('optimizer', 'param_state', 268), ('optimizer', 'param_state', 269), ('optimizer', 'param_state', 270), ('optimizer', 'param_state', 271), ('optimizer', 'param_state', 272), ('optimizer', 'param_state', 273), ('optimizer', 'param_state', 274), ('optimizer', 'param_state', 275), ('optimizer', 'param_state', 276), ('optimizer', 'param_state', 277), ('optimizer', 'param_state', 278), ('optimizer', 'param_state', 279), ('optimizer', 'param_state', 280), ('optimizer', 'param_state', 281), ('optimizer', 'param_state', 282), ('optimizer', 'param_state', 283), ('optimizer', 'param_state', 284), ('optimizer', 'param_state', 285), ('optimizer', 'param_state', 286), ('optimizer', 'param_state', 287), ('optimizer', 'param_state', 288), ('optimizer', 'param_state', 289), ('optimizer', 'param_state', 290), ('optimizer', 'param_state', 291), ('optimizer', 'param_state', 292), ('optimizer', 'param_state', 293), ('optimizer', 'param_state', 294), ('optimizer', 'param_state', 295), ('optimizer', 'param_state', 296), ('optimizer', 'param_state', 297), ('optimizer', 'param_state', 298), ('optimizer', 'param_state', 299), ('optimizer', 'param_state', 300), ('optimizer', 'param_state', 301), ('optimizer', 'param_state', 302), ('optimizer', 'param_state', 303), ('optimizer', 'param_state', 304), ('optimizer', 'param_state', 305), ('optimizer', 'param_state', 306), ('optimizer', 'param_state', 307), ('optimizer', 'param_state', 308), ('optimizer', 'param_state', 309), ('optimizer', 'param_state', 310), ('optimizer', 'param_state', 311), ('optimizer', 'param_state', 312), ('optimizer', 'param_state', 313), ('optimizer', 'param_state', 314), ('optimizer', 'param_state', 315), ('optimizer', 'param_state', 316), ('optimizer', 'param_state', 317), ('optimizer', 'param_state', 318), ('optimizer', 'param_state', 319), ('optimizer', 'param_state', 320), ('optimizer', 'param_state', 321), ('optimizer', 'param_state', 322), ('optimizer', 'param_state', 323), ('optimizer', 'param_state', 324), ('optimizer', 'param_state', 325), ('optimizer', 'param_state', 326), ('optimizer', 'param_state', 327), ('optimizer', 'param_state', 328), ('optimizer', 'param_state', 329), ('optimizer', 'param_state', 330), ('optimizer', 'param_state', 331), ('optimizer', 'param_state', 332), ('optimizer', 'param_state', 333), ('optimizer', 'param_state', 334), ('optimizer', 'param_state', 335), ('optimizer', 'param_state', 336), ('optimizer', 'param_state', 337), ('optimizer', 'param_state', 338), ('optimizer', 'param_state', 339), ('optimizer', 'param_state', 340), ('optimizer', 'param_state', 341), ('optimizer', 'param_state', 342), ('optimizer', 'param_state', 343), ('optimizer', 'param_state', 344), ('optimizer', 'param_state', 345), ('optimizer', 'param_state', 346), ('optimizer', 'param_state', 347), ('optimizer', 'param_state', 348), ('optimizer', 'param_state', 349), ('optimizer', 'param_state', 350), ('optimizer', 'param_state', 351)], Mismatched keys: []
[36m(WorkerDict pid=71418, ip=node2)[0m WARNING:2026-01-03 11:09:45,544:Rank 8 common state dict differs from rank 0 common state dict. Keys only on rank 0: [('optimizer', 'param_state', 19), ('optimizer', 'param_state', 20), ('optimizer', 'param_state', 21), ('optimizer', 'param_state', 22), ('optimizer', 'param_state', 23), ('optimizer', 'param_state', 24), ('optimizer', 'param_state', 25), ('optimizer', 'param_state', 26), ('optimizer', 'param_state', 27), ('optimizer', 'param_state', 28), ('optimizer', 'param_state', 29), ('optimizer', 'param_state', 30), ('optimizer', 'param_state', 31), ('optimizer', 'param_state', 32), ('optimizer', 'param_state', 33), ('optimizer', 'param_state', 34), ('optimizer', 'param_state', 35), ('optimizer', 'param_state', 36), ('optimizer', 'param_state', 37), ('optimizer', 'param_state', 38), ('optimizer', 'param_state', 39), ('optimizer', 'param_state', 40), ('optimizer', 'param_state', 41), ('optimizer', 'param_state', 42), ('optimizer', 'param_state', 43), ('optimizer', 'param_state', 44), ('optimizer', 'param_state', 45), ('optimizer', 'param_state', 46), ('optimizer', 'param_state', 47), ('optimizer', 'param_state', 48)], Keys only on 8: [], Mismatched keys: []
[36m(WorkerDict pid=71408, ip=node2)[0m WARNING:2026-01-03 11:09:45,544:Rank 11 common state dict differs from rank 0 common state dict. Keys only on rank 0: [('optimizer', 'param_state', 42), ('optimizer', 'param_state', 43), ('optimizer', 'param_state', 44), ('optimizer', 'param_state', 45), ('optimizer', 'param_state', 46), ('optimizer', 'param_state', 47), ('optimizer', 'param_state', 48)], Keys only on 11: [], Mismatched keys: []
[36m(WorkerDict pid=71413, ip=node2)[0m WARNING:2026-01-03 11:09:45,544:Rank 14 common state dict differs from rank 0 common state dict. Keys only on rank 0: [('optimizer', 'param_state', 48), ('optimizer', 'param_state', 47)], Keys only on 14: [], Mismatched keys: []
[36m(WorkerDict pid=71422, ip=node2)[0m WARNING:2026-01-03 11:09:45,544:Rank 13 common state dict differs from rank 0 common state dict. Keys only on rank 0: [('optimizer', 'param_state', 41), ('optimizer', 'param_state', 42), ('optimizer', 'param_state', 43), ('optimizer', 'param_state', 44), ('optimizer', 'param_state', 45), ('optimizer', 'param_state', 46), ('optimizer', 'param_state', 47), ('optimizer', 'param_state', 48)], Keys only on 13: [], Mismatched keys: []
[36m(WorkerDict pid=246541)[0m INFO:2026-01-03 11:17:38,042:[Rank 0] Saved bridge checkpoint to /mnt/cfs/danerli/workspace/test_benchmark/TestBenchmarkWithTrainingCard/recipe/exp/checkpoint/qwen3_vl_8b_megatron_mutil_node/global_step_80/actor/huggingface
[36m(WorkerDict pid=71422, ip=node2)[0m INFO:2026-01-03 11:15:23,885:[Rank 13] Saving HF model checkpoint to /mnt/cfs/danerli/workspace/test_benchmark/TestBenchmarkWithTrainingCard/recipe/exp/checkpoint/qwen3_vl_8b_megatron_mutil_node/global_step_80/actor with bridge[32m [repeated 15x across cluster][0m
[36m(WorkerDict pid=246542)[0m INFO:2026-01-03 11:17:38,043:[Rank 1] Dist checkpointing save completed for /mnt/cfs/danerli/workspace/test_benchmark/TestBenchmarkWithTrainingCard/recipe/exp/checkpoint/qwen3_vl_8b_megatron_mutil_node/global_step_80/actor/dist_ckpt

[36m(TaskRunner pid=245980)[0m step:78 - actor/entropy:0.2924610376358032 - perf/mfu/actor_infer:0 - actor/kl_loss:0.024521781769263642 - actor/kl_coef:0.009999999999999998 - actor/pg_clipfrac:0.0012186075296085619 - actor/ppo_kl:5.9737864371311e-05 - actor/pg_clipfrac_lower:9.512410046723248e-07 - actor/pg_loss:0.07201512588918293 - actor/grad_norm:0.11592107311461089 - perf/mfu/actor:0.0 - perf/max_memory_allocated_gb:85.69237947463989 - perf/max_memory_reserved_gb:89.412109375 - perf/cpu_memory_used_gb:333.9622287750244 - actor/lr:1e-06 - training/global_step:78 - training/epoch:19 - critic/score/mean:0.5864062309265137 - critic/score/max:0.8999999761581421 - critic/score/min:0.0 - critic/rewards/mean:0.5864062309265137 - critic/rewards/max:0.8999999761581421 - critic/rewards/min:0.0 - critic/advantages/mean:-0.07322032004594803 - critic/advantages/max:1.7888498306274414 - critic/advantages/min:-1.7888498306274414 - critic/returns/mean:-0.07322032004594803 - critic/returns/max:1.7888498306274414 - critic/returns/min:-1.7888498306274414 - response_length/mean:843.0081787109375 - response_length/max:2048.0 - response_length/min:131.0 - response_length/clip_ratio:0.14765624701976776 - response_length_non_aborted/mean:843.0081787109375 - response_length_non_aborted/max:2048.0 - response_length_non_aborted/min:131.0 - response_length_non_aborted/clip_ratio:0.14765624701976776 - response/aborted_ratio:0.0 - prompt_length/mean:278.943359375 - prompt_length/max:842.0 - prompt_length/min:189.0 - prompt_length/clip_ratio:0.0 - num_turns/min:2 - num_turns/max:2 - num_turns/mean:2.0 - timing_s/start_profile:5.99490012973547e-05 - timing_s/agent_loop/generate_sequences/min:7.776291151065379 - timing_s/agent_loop/generate_sequences/max:48.44503457099199 - timing_s/agent_loop/generate_sequences/mean:24.32280543945408 - timing_s/agent_loop/tool_calls/min:0.0 - timing_s/agent_loop/tool_calls/max:0.0 - timing_s/agent_loop/tool_calls/mean:0.0 - timing_s/agent_loop/slowest/generate_sequences:48.44503457099199 - timing_s/agent_loop/slowest/tool_calls:0.0 - timing_s/agent_loop/slowest/prompt_length:207 - timing_s/agent_loop/slowest/response_length:2048 - timing_s/gen:63.41383066494018 - timing_s/reward:0.00011064787395298481 - timing_s/old_log_prob:57.69591847783886 - timing_s/ref:57.986851477995515 - timing_s/adv:0.040691103087738156 - timing_s/update_actor:187.57297828188166 - timing_s/step:366.98130776407197 - timing_s/stop_profile:2.744002267718315e-05 - timing_per_token_ms/ref:0.020189030093348614 - timing_per_token_ms/gen:0.02938408844856667 - timing_per_token_ms/update_actor:0.06530646873746836 - timing_per_token_ms/adv:1.416724453614522e-05 - perf/total_num_tokens:2872196 - perf/time_per_step:366.98130776407197 - perf/throughput:489.1591102929045
[36m(TaskRunner pid=245980)[0m step:79 - actor/entropy:0.29175445437431335 - perf/mfu/actor_infer:0 - actor/kl_loss:0.025032090836759197 - actor/kl_coef:0.009999999999999998 - actor/pg_clipfrac:0.0012130439949788942 - actor/ppo_kl:1.1213346286066542e-05 - actor/pg_clipfrac_lower:1.3459631712097423e-06 - actor/pg_loss:0.0631719249872271 - actor/grad_norm:0.12836059027188573 - perf/mfu/actor:0.0 - perf/max_memory_allocated_gb:85.77840375900269 - perf/max_memory_reserved_gb:89.453125 - perf/cpu_memory_used_gb:333.782506942749 - actor/lr:1e-06 - training/global_step:79 - training/epoch:19 - critic/score/mean:0.5667186975479126 - critic/score/max:0.8999999761581421 - critic/score/min:0.0 - critic/rewards/mean:0.5667186975479126 - critic/rewards/max:0.8999999761581421 - critic/rewards/min:0.0 - critic/advantages/mean:-0.06301522254943848 - critic/advantages/max:1.7888498306274414 - critic/advantages/min:-1.7888498306274414 - critic/returns/mean:-0.06301522254943848 - critic/returns/max:1.7888498306274414 - critic/returns/min:-1.7888498306274414 - response_length/mean:848.5339965820312 - response_length/max:2048.0 - response_length/min:56.0 - response_length/clip_ratio:0.13945312798023224 - response_length_non_aborted/mean:848.5339965820312 - response_length_non_aborted/max:2048.0 - response_length_non_aborted/min:56.0 - response_length_non_aborted/clip_ratio:0.13945312798023224 - response/aborted_ratio:0.0 - prompt_length/mean:278.21484375 - prompt_length/max:842.0 - prompt_length/min:190.0 - prompt_length/clip_ratio:0.0 - num_turns/min:2 - num_turns/max:2 - num_turns/mean:2.0 - timing_s/start_profile:7.578893564641476e-05 - timing_s/agent_loop/generate_sequences/min:4.310431085526943 - timing_s/agent_loop/generate_sequences/max:46.82978210016154 - timing_s/agent_loop/generate_sequences/mean:24.20154305915821 - timing_s/agent_loop/tool_calls/min:0.0 - timing_s/agent_loop/tool_calls/max:0.0 - timing_s/agent_loop/tool_calls/mean:0.0 - timing_s/agent_loop/slowest/generate_sequences:46.82978210016154 - timing_s/agent_loop/slowest/tool_calls:0.0 - timing_s/agent_loop/slowest/prompt_length:318 - timing_s/agent_loop/slowest/response_length:2048 - timing_s/gen:61.785647419979796 - timing_s/reward:0.00010838801972568035 - timing_s/old_log_prob:58.92676551500335 - timing_s/ref:56.03136793896556 - timing_s/adv:0.0370354640763253 - timing_s/update_actor:190.61539484607056 - timing_s/step:367.66604627715424 - timing_s/stop_profile:2.9028858989477158e-05 - timing_per_token_ms/ref:0.01942513944086417 - timing_per_token_ms/gen:0.028443196109825354 - timing_per_token_ms/update_actor:0.06608317377676111 - timing_per_token_ms/adv:1.2839576837092234e-05 - perf/total_num_tokens:2884477 - perf/time_per_step:367.66604627715424 - perf/throughput:490.335766180871
[36m(TaskRunner pid=245980)[0m test_gen_batch meta info: {'eos_token_id': 151645, 'pad_token_id': 151643, 'recompute_log_prob': False, 'do_sample': False, 'validate': True, 'global_steps': 80}
[36m(TaskRunner pid=245980)[0m validation generation end
[36m(TaskRunner pid=245980)[0m local_global_step_folder: /mnt/cfs/danerli/workspace/test_benchmark/TestBenchmarkWithTrainingCard/recipe/exp/checkpoint/qwen3_vl_8b_megatron_mutil_node/global_step_80
[36m(WorkerDict pid=246541)[0m Qwen3VLTransformerConfig(tensor_model_parallel_size=2, pipeline_model_parallel_comm_backend=None, pipeline_model_parallel_size=2, virtual_pipeline_model_parallel_size=None, sequence_parallel=True, context_parallel_size=2, hierarchical_context_parallel_sizes=None, expert_model_parallel_size=1, expert_tensor_parallel_size=2, moe_extended_tp=False, perform_initialization=True, use_cpu_initialization=False, fp16=False, bf16=True, params_dtype=torch.bfloat16, timers=None, finalize_model_grads_func=<function finalize_model_grads at 0x7f05ca96e5c0>, grad_scale_func=<bound method MegatronOptimizer.scale_loss of <megatron.core.optimizer.optimizer.ChainedOptimizer object at 0x7f05443634a0>>, no_sync_func=None, grad_sync_func=None, param_sync_func=None, deterministic_mode=False, enable_autocast=False, autocast_dtype=torch.bfloat16, num_microbatches_with_partial_activation_checkpoints=None, gradient_accumulation_fusion=True, async_tensor_model_parallel_allreduce=True, use_te_rng_tracker=False, tp_comm_overlap=False, tp_comm_bulk_wgrad=True, tp_comm_bulk_dgrad=True, tp_comm_overlap_ag=True, tp_comm_overlap_rs=True, tp_comm_overlap_rs_dgrad=False, tp_comm_split_ag=True, tp_comm_atomic_ag=False, tp_comm_split_rs=True, tp_comm_atomic_rs=False, cross_entropy_loss_fusion=False, cross_entropy_fusion_impl='native', tp_comm_overlap_disable_qkv=False, tp_comm_overlap_disable_fc1=False, tp_comm_bootstrap_backend='nccl', overlap_moe_expert_parallel_comm=False, delay_wgrad_compute=False, pipeline_dtype=torch.bfloat16, variable_seq_lengths=True, overlap_p2p_comm=False, batch_p2p_comm=False, batch_p2p_sync=True, use_ring_exchange_p2p=False, deallocate_pipeline_outputs=True, defer_embedding_wgrad_compute=False, wgrad_deferral_limit=0, overlap_p2p_comm_warmup_flush=False, microbatch_group_size_per_vp_stage=2, cpu_offloading=False, cpu_offloading_num_layers=0, _cpu_offloading_context=None, cpu_offloading_activations=True, cpu_offloading_weights=True, barrier_with_L1_time=True, num_layers=36, mtp_num_layers=None, mtp_loss_scaling_factor=None, num_layers_in_first_pipeline_stage=None, num_layers_in_last_pipeline_stage=None, pipeline_model_parallel_layout=None, account_for_embedding_in_pipeline_split=True, account_for_loss_in_pipeline_split=True, hidden_size=4096, num_attention_heads=32, attention_backend=<AttnBackend.flash: 1>, softmax_scale=None, num_query_groups=8, ffn_hidden_size=12288, kv_channels=128, hidden_dropout=0.0, attention_dropout=0.0, fp32_residual_connection=False, apply_residual_connection_post_layernorm=False, layernorm_epsilon=1e-06, layernorm_zero_centered_gamma=False, add_bias_linear=False, add_qkv_bias=False, gated_linear_unit=True, activation_func=<function silu at 0x7f37d04f5800>, activation_func_fp8_input_store=False, num_moe_experts=None, rotary_interleaved=False, window_size=None, normalization='RMSNorm', qk_layernorm=True, test_mode=False, calculate_per_token_loss=False, multi_latent_attention=False, no_rope_freq=None, moe_deepep_num_sms=20, init_method=functools.partial(<function normal_ at 0x7f37d037a160>, mean=0.0, std=0.02), output_layer_init_method=functools.partial(<function normal_ at 0x7f37d037a160>, mean=0.0, std=0.0023570226039551587), init_method_std=0.02, embedding_init_method=functools.partial(<function normal_ at 0x7f37d037a160>, mean=0.0, std=0.02), embedding_init_method_std=0.02, init_model_with_meta_device=False, apply_query_key_layer_scaling=False, attention_softmax_in_fp32=True, disable_bf16_reduced_precision_matmul=False, bias_activation_fusion=True, masked_softmax_fusion=False, persist_layer_norm=True, memory_efficient_layer_norm=False, bias_dropout_fusion=True, apply_rope_fusion=False, use_fused_weighted_squared_relu=False, recompute_granularity='full', recompute_method='uniform', recompute_num_layers=1, distribute_saved_activations=False, recompute_modules=['core_attn'], fp8=None, fp8_recipe='delayed', fp8_param=False, fp8_margin=0, fp8_interval=1, fp8_amax_history_len=1, fp8_amax_compute_algo='most_recent', fp8_wgrad=True, fp8_dot_product_attention=False, fp8_multi_head_attention=False, tp_only_amax_red=False, first_last_layers_bf16=False, num_layers_at_start_in_bf16=1, num_layers_at_end_in_bf16=1, use_kitchen=False, moe_shared_expert_intermediate_size=None, moe_shared_expert_overlap=False, moe_layer_freq=1, moe_ffn_hidden_size=None, moe_router_load_balancing_type='aux_loss', moe_router_topk=2, moe_router_topk_limited_devices=None, moe_router_padding_for_fp8=False, moe_router_num_groups=None, moe_router_group_topk=None, moe_router_pre_softmax=False, moe_router_topk_scaling_factor=None, moe_router_score_function='softmax', moe_router_dtype='fp32', moe_router_enable_expert_bias=False, moe_router_bias_update_rate=0.001, moe_router_force_load_balancing=False, moe_grouped_gemm=False, moe_use_legacy_grouped_gemm=False, moe_aux_loss_coeff=0.0, moe_z_loss_coeff=None, moe_input_jitter_eps=None, moe_token_dropping=False, moe_token_dispatcher_type='flex', moe_enable_deepep=True, moe_per_layer_logging=False, moe_expert_capacity_factor=None, moe_pad_expert_input_to_capacity=False, moe_token_drop_policy='probs', moe_layer_recompute=False, moe_permute_fusion=True, moe_router_fusion=False, moe_apply_probs_on_input=False, cp_comm_type='p2p', enable_cuda_graph=False, cuda_graph_use_single_mempool=False, cuda_graph_retain_backward_graph=False, cuda_graph_warmup_steps=3, external_cuda_graph=False, cuda_graph_scope='full', clone_scatter_output_in_embedding=True, disable_parameter_transpose_cache=False, config_logger_dir='', flash_decode=False, inference_rng_tracker=False, symmetric_ar_type=None, mrope_section=[24, 20, 20], is_hybrid_model=False, mamba_state_dim=128, mamba_head_dim=64, mamba_num_groups=8, mamba_num_heads=None, use_mamba_mem_eff_path=True, mlp_chunks_for_prefill=1, heterogeneous_block_specs=False, hetereogenous_dist_checkpoint=False, quant_recipe=None, transformer_impl='transformer_engine', patch_size=16, temporal_patch_size=2, in_channels=3, spatial_merge_size=2, num_position_embeddings=2304, out_hidden_size=4096, apply_rotary_pos_emb_in_fp32=False, deepstack_visual_indexes=[8, 16, 24])[36m(WorkerDict pid=246541)[0m INFO:2026-01-03 11:17:39,440:[Rank 0] Saved Huggingface config and tokenizer to /mnt/cfs/danerli/workspace/test_benchmark/TestBenchmarkWithTrainingCard/recipe/exp/checkpoint/qwen3_vl_8b_megatron_mutil_node/global_step_80/actor/huggingface
[36m(TaskRunner pid=245980)[0m 
Training Progress:  67%|██████▋   | 80/120 [9:10:09<5:57:28, 536.20s/it]
[36m(TaskRunner pid=245980)[0m 
Training Progress:  68%|██████▊   | 81/120 [9:16:38<5:19:57, 492.24s/it]
[36m(WorkerDict pid=71422, ip=node2)[0m INFO:2026-01-03 11:17:38,043:[Rank 13] Saved bridge checkpoint to /mnt/cfs/danerli/workspace/test_benchmark/TestBenchmarkWithTrainingCard/recipe/exp/checkpoint/qwen3_vl_8b_megatron_mutil_node/global_step_80/actor/huggingface[32m [repeated 15x across cluster][0m
[36m(WorkerDict pid=246541)[0m INFO:2026-01-03 11:17:39,452:[Rank 0] Dist checkpointing save completed for /mnt/cfs/danerli/workspace/test_benchmark/TestBenchmarkWithTrainingCard/recipe/exp/checkpoint/qwen3_vl_8b_megatron_mutil_node/global_step_80/actor/dist_ckpt[32m [repeated 15x across cluster][0m

[36m(TaskRunner pid=245980)[0m step:80 - actor/entropy:0.29732322692871094 - perf/mfu/actor_infer:0 - actor/kl_loss:0.026036171854756186 - actor/kl_coef:0.009999999999999998 - actor/pg_clipfrac:0.0011789597696549483 - actor/ppo_kl:8.348257791041168e-05 - actor/pg_clipfrac_lower:4.7489243371181946e-07 - actor/pg_loss:0.05503769613229512 - actor/grad_norm:0.11911719291250375 - perf/mfu/actor:0.0 - perf/max_memory_allocated_gb:85.77840375900269 - perf/max_memory_reserved_gb:89.453125 - perf/cpu_memory_used_gb:333.3151512145996 - actor/lr:1e-06 - val-aux/hiyouga/geometry3k/reward/mean@1:0.5645590532639261 - val-core/hiyouga/geometry3k/acc/mean@1:0.564559068219634 - val-aux/num_turns/min:2 - val-aux/num_turns/max:2 - val-aux/num_turns/mean:2.0 - training/global_step:80 - training/epoch:19 - critic/score/mean:0.5719920992851257 - critic/score/max:0.8999999761581421 - critic/score/min:0.0 - critic/rewards/mean:0.5719920992851257 - critic/rewards/max:0.8999999761581421 - critic/rewards/min:0.0 - critic/advantages/mean:-0.055466845631599426 - critic/advantages/max:1.7888498306274414 - critic/advantages/min:-1.7888498306274414 - critic/returns/mean:-0.055466845631599426 - critic/returns/max:1.7888498306274414 - critic/returns/min:-1.7888498306274414 - response_length/mean:845.9456787109375 - response_length/max:2048.0 - response_length/min:40.0 - response_length/clip_ratio:0.1328125 - response_length_non_aborted/mean:845.9456787109375 - response_length_non_aborted/max:2048.0 - response_length_non_aborted/min:40.0 - response_length_non_aborted/clip_ratio:0.1328125 - response/aborted_ratio:0.0 - prompt_length/mean:285.619140625 - prompt_length/max:842.0 - prompt_length/min:190.0 - prompt_length/clip_ratio:0.0 - num_turns/min:2 - num_turns/max:2 - num_turns/mean:2.0 - timing_s/start_profile:7.605901919305325e-05 - timing_s/agent_loop/generate_sequences/min:5.503767093643546 - timing_s/agent_loop/generate_sequences/max:49.32714327913709 - timing_s/agent_loop/generate_sequences/mean:24.336596176328747 - timing_s/agent_loop/tool_calls/min:0.0 - timing_s/agent_loop/tool_calls/max:0.0 - timing_s/agent_loop/tool_calls/mean:0.0 - timing_s/agent_loop/slowest/generate_sequences:49.32714327913709 - timing_s/agent_loop/slowest/tool_calls:0.0 - timing_s/agent_loop/slowest/prompt_length:663 - timing_s/agent_loop/slowest/response_length:2048 - timing_s/gen:65.7265034429729 - timing_s/reward:0.00013201707042753696 - timing_s/old_log_prob:63.487125211860985 - timing_s/ref:60.79561698413454 - timing_s/adv:0.20638690306805074 - timing_s/update_actor:197.32365599903278 - timing_s/step:387.8155980599113 - timing_s/testing:44.0973161731381 - timing_s/save_checkpoint:478.20654836203903 - timing_s/stop_profile:5.0268834456801414e-05 - timing_per_token_ms/ref:0.020987120637051476 - timing_per_token_ms/gen:0.03034995663736771 - timing_per_token_ms/update_actor:0.06811766338478752 - timing_per_token_ms/adv:7.124636688409605e-05 - perf/total_num_tokens:2896806 - perf/time_per_step:387.8155980599113 - perf/throughput:466.846552603154
[36m(TaskRunner pid=245980)[0m step:81 - actor/entropy:0.2970186471939087 - perf/mfu/actor_infer:0 - actor/kl_loss:0.027189732785865835 - actor/kl_coef:0.009999999999999998 - actor/pg_clipfrac:0.0012108360696898176 - actor/ppo_kl:0.00010166215471617657 - actor/pg_clipfrac_lower:8.718987539230677e-07 - actor/pg_loss:0.06416495767404161 - actor/grad_norm:0.1097779747195444 - perf/mfu/actor:0.0 - perf/max_memory_allocated_gb:85.77840375900269 - perf/max_memory_reserved_gb:89.453125 - perf/cpu_memory_used_gb:333.0045356750488 - actor/lr:1e-06 - training/global_step:81 - training/epoch:20 - critic/score/mean:0.5628515481948853 - critic/score/max:0.8999999761581421 - critic/score/min:0.0 - critic/rewards/mean:0.5628515481948853 - critic/rewards/max:0.8999999761581421 - critic/rewards/min:0.0 - critic/advantages/mean:-0.06475712358951569 - critic/advantages/max:1.7888498306274414 - critic/advantages/min:-1.7888498306274414 - critic/returns/mean:-0.06475712358951569 - critic/returns/max:1.7888498306274414 - critic/returns/min:-1.7888498306274414 - response_length/mean:847.9613037109375 - response_length/max:2048.0 - response_length/min:92.0 - response_length/clip_ratio:0.12421874701976776 - response_length_non_aborted/mean:847.9613037109375 - response_length_non_aborted/max:2048.0 - response_length_non_aborted/min:92.0 - response_length_non_aborted/clip_ratio:0.12421874701976776 - response/aborted_ratio:0.0 - prompt_length/mean:276.501953125 - prompt_length/max:663.0 - prompt_length/min:190.0 - prompt_length/clip_ratio:0.0 - num_turns/min:2 - num_turns/max:2 - num_turns/mean:2.0 - timing_s/start_profile:0.00018612714484333992 - timing_s/agent_loop/generate_sequences/min:6.620642738416791 - timing_s/agent_loop/generate_sequences/max:48.40700701298192 - timing_s/agent_loop/generate_sequences/mean:24.374185770739768 - timing_s/agent_loop/tool_calls/min:0.0 - timing_s/agent_loop/tool_calls/max:0.0 - timing_s/agent_loop/tool_calls/mean:0.0 - timing_s/agent_loop/slowest/generate_sequences:48.40700701298192 - timing_s/agent_loop/slowest/tool_calls:0.0 - timing_s/agent_loop/slowest/prompt_length:273 - timing_s/agent_loop/slowest/response_length:2048 - timing_s/gen:66.25381228211336 - timing_s/reward:0.0001440469641238451 - timing_s/old_log_prob:59.73840214079246 - timing_s/ref:57.7248635829892 - timing_s/adv:0.07123967097140849 - timing_s/update_actor:196.5249245900195 - timing_s/step:380.59559954097494 - timing_s/stop_profile:3.0149007216095924e-05 - timing_per_token_ms/ref:0.0200529223257864 - timing_per_token_ms/gen:0.030520726080665604 - timing_per_token_ms/update_actor:0.06827039170424345 - timing_per_token_ms/adv:2.4747803629720738e-05 - perf/total_num_tokens:2878626 - perf/time_per_step:380.59559954097494 - perf/throughput:472.717302083863
[36m(TaskRunner pid=245980)[0m step:82 - actor/entropy:0.29529285430908203 - perf/mfu/actor_infer:0 - actor/kl_loss:0.02676394027448521 - actor/kl_coef:0.009999999999999998 - actor/pg_clipfrac:0.0010855018044821918 - actor/ppo_kl:7.058139014456113e-05 - actor/pg_clipfrac_lower:4.7233710104725165e-07 - actor/pg_loss:0.05147198386340902 - actor/grad_norm:0.10686575172274712 - perf/mfu/actor:0.0 - perf/max_memory_allocated_gb:85.77840375900269 - perf/max_memory_reserved_gb:89.453125 - perf/cpu_memory_used_gb:331.999324798584 - actor/lr:1e-06 - training/global_step:82 - training/epoch:20 - critic/score/mean:0.5927343368530273 - critic/score/max:0.8999999761581421 - critic/score/min:0.0 - critic/rewards/mean:0.5927343368530273 - critic/rewards/max:0.8999999761581421 - critic/rewards/min:0.0 - critic/advantages/mean:-0.050938330590724945 - critic/advantages/max:1.7888498306274414 - critic/advantages/min:-1.7888498306274414 - critic/returns/mean:-0.050938330590724945 - critic/returns/max:1.7888498306274414 - critic/returns/min:-1.7888498306274414 - response_length/mean:851.1593627929688 - response_length/max:2048.0 - response_length/min:101.0 - response_length/clip_ratio:0.13554687798023224 - response_length_non_aborted/mean:851.1593627929688 - response_length_non_aborted/max:2048.0 - response_length_non_aborted/min:101.0 - response_length_non_aborted/clip_ratio:0.13554687798023224 - response/aborted_ratio:0.0 - prompt_length/mean:278.033203125 - prompt_length/max:842.0 - prompt_length/min:190.0 - prompt_length/clip_ratio:0.0 - num_turns/min:2 - num_turns/max:2 - num_turns/mean:2.0 - timing_s/start_profile:8.392799645662308e-05 - timing_s/agent_loop/generate_sequences/min:5.912616199115291 - timing_s/agent_loop/generate_sequences/max:46.536058456171304 - timing_s/agent_loop/generate_sequences/mean:24.155788689669226 - timing_s/agent_loop/tool_calls/min:0.0 - timing_s/agent_loop/tool_calls/max:0.0 - timing_s/agent_loop/tool_calls/mean:0.0 - timing_s/agent_loop/slowest/generate_sequences:46.536058456171304 - timing_s/agent_loop/slowest/tool_calls:0.0 - timing_s/agent_loop/slowest/prompt_length:236 - timing_s/agent_loop/slowest/response_length:2048 - timing_s/gen:62.02726494008675 - timing_s/reward:0.00012559816241264343 - timing_s/old_log_prob:60.085816613864154 - timing_s/ref:59.98533936194144 - timing_s/adv:0.038878469029441476 - timing_s/update_actor:195.6082235579379 - timing_s/step:378.0313987080008 - timing_s/stop_profile:3.3449847251176834e-05 - timing_per_token_ms/ref:0.02075090966960333 - timing_per_token_ms/gen:0.028466349638951446 - timing_per_token_ms/update_actor:0.06766734373528717 - timing_per_token_ms/adv:1.3449346248664776e-05 - perf/total_num_tokens:2890733 - perf/time_per_step:378.0313987080008 - perf/throughput:477.92541338491793[36m(TaskRunner pid=245980)[0m 
Training Progress:  68%|██████▊   | 82/120 [9:22:58<4:50:18, 458.38s/it]
[36m(TaskRunner pid=245980)[0m 
Training Progress:  69%|██████▉   | 83/120 [9:29:13<4:27:22, 433.58s/it]
[36m(TaskRunner pid=245980)[0m 
Training Progress:  70%|███████   | 84/120 [9:35:32<4:10:16, 417.12s/it]

[36m(TaskRunner pid=245980)[0m step:83 - actor/entropy:0.29187363386154175 - perf/mfu/actor_infer:0 - actor/kl_loss:0.028757943445281393 - actor/kl_coef:0.009999999999999998 - actor/pg_clipfrac:0.0011823841035864503 - actor/ppo_kl:4.3328797304006545e-05 - actor/pg_clipfrac_lower:0.0 - actor/pg_loss:0.06501122973069827 - actor/grad_norm:0.12546939147232972 - perf/mfu/actor:0.0 - perf/max_memory_allocated_gb:85.77840375900269 - perf/max_memory_reserved_gb:89.453125 - perf/cpu_memory_used_gb:330.69071197509766 - actor/lr:1e-06 - training/global_step:83 - training/epoch:20 - critic/score/mean:0.580078125 - critic/score/max:0.8999999761581421 - critic/score/min:0.0 - critic/rewards/mean:0.580078125 - critic/rewards/max:0.8999999761581421 - critic/rewards/min:0.0 - critic/advantages/mean:-0.0640457272529602 - critic/advantages/max:1.7888498306274414 - critic/advantages/min:-1.7888498306274414 - critic/returns/mean:-0.0640457272529602 - critic/returns/max:1.7888498306274414 - critic/returns/min:-1.7888498306274414 - response_length/mean:819.396484375 - response_length/max:2048.0 - response_length/min:104.0 - response_length/clip_ratio:0.123046875 - response_length_non_aborted/mean:819.396484375 - response_length_non_aborted/max:2048.0 - response_length_non_aborted/min:104.0 - response_length_non_aborted/clip_ratio:0.123046875 - response/aborted_ratio:0.0 - prompt_length/mean:282.271484375 - prompt_length/max:842.0 - prompt_length/min:189.0 - prompt_length/clip_ratio:0.0 - num_turns/min:2 - num_turns/max:2 - num_turns/mean:2.0 - timing_s/start_profile:8.74579418450594e-05 - timing_s/agent_loop/generate_sequences/min:6.557655922137201 - timing_s/agent_loop/generate_sequences/max:46.86593362200074 - timing_s/agent_loop/generate_sequences/mean:23.491260895498545 - timing_s/agent_loop/tool_calls/min:0.0 - timing_s/agent_loop/tool_calls/max:0.0 - timing_s/agent_loop/tool_calls/mean:0.0 - timing_s/agent_loop/slowest/generate_sequences:46.86593362200074 - timing_s/agent_loop/slowest/tool_calls:0.0 - timing_s/agent_loop/slowest/prompt_length:434 - timing_s/agent_loop/slowest/response_length:2048 - timing_s/gen:62.63526602787897 - timing_s/reward:0.0005174200050532818 - timing_s/old_log_prob:60.2904622850474 - timing_s/ref:57.7461636189837 - timing_s/adv:0.04740053601562977 - timing_s/update_actor:193.6881221618969 - timing_s/step:374.6839250540361 - timing_s/stop_profile:2.994900569319725e-05 - timing_per_token_ms/ref:0.020475402574570412 - timing_per_token_ms/gen:0.029859660443628228 - timing_per_token_ms/update_actor:0.06867715579072106 - timing_per_token_ms/adv:1.680709152514822e-05 - perf/total_num_tokens:2820270 - perf/time_per_step:374.6839250540361 - perf/throughput:470.4415194075358
[36m(TaskRunner pid=245980)[0m step:84 - actor/entropy:0.2935318052768707 - perf/mfu/actor_infer:0 - actor/kl_loss:0.028417145494956438 - actor/kl_coef:0.009999999999999998 - actor/pg_clipfrac:0.001226586272656108 - actor/ppo_kl:8.53834442887488e-05 - actor/pg_clipfrac_lower:0.0 - actor/pg_loss:0.059934991759757056 - actor/grad_norm:0.14358764006228056 - perf/mfu/actor:0.0 - perf/max_memory_allocated_gb:85.77840375900269 - perf/max_memory_reserved_gb:89.453125 - perf/cpu_memory_used_gb:332.22855949401855 - actor/lr:1e-06 - training/global_step:84 - training/epoch:20 - critic/score/mean:0.5916796922683716 - critic/score/max:0.8999999761581421 - critic/score/min:0.0 - critic/rewards/mean:0.5916796922683716 - critic/rewards/max:0.8999999761581421 - critic/rewards/min:0.0 - critic/advantages/mean:-0.058816321194171906 - critic/advantages/max:1.7888498306274414 - critic/advantages/min:-1.7888498306274414 - critic/returns/mean:-0.058816321194171906 - critic/returns/max:1.7888498306274414 - critic/returns/min:-1.7888498306274414 - response_length/mean:801.1160278320312 - response_length/max:2048.0 - response_length/min:107.0 - response_length/clip_ratio:0.11992187798023224 - response_length_non_aborted/mean:801.1160278320312 - response_length_non_aborted/max:2048.0 - response_length_non_aborted/min:107.0 - response_length_non_aborted/clip_ratio:0.11992187798023224 - response/aborted_ratio:0.0 - prompt_length/mean:288.0078125 - prompt_length/max:842.0 - prompt_length/min:190.0 - prompt_length/clip_ratio:0.0 - num_turns/min:2 - num_turns/max:2 - num_turns/mean:2.0 - timing_s/start_profile:3.623892553150654e-05 - timing_s/agent_loop/generate_sequences/min:6.412125572562218 - timing_s/agent_loop/generate_sequences/max:45.32754336600192 - timing_s/agent_loop/generate_sequences/mean:23.019163347677114 - timing_s/agent_loop/tool_calls/min:0.0 - timing_s/agent_loop/tool_calls/max:0.0 - timing_s/agent_loop/tool_calls/mean:0.0 - timing_s/agent_loop/slowest/generate_sequences:45.32754336600192 - timing_s/agent_loop/slowest/tool_calls:0.0 - timing_s/agent_loop/slowest/prompt_length:370 - timing_s/agent_loop/slowest/response_length:2048 - timing_s/gen:60.84315658197738 - timing_s/reward:0.0001237979158759117 - timing_s/old_log_prob:64.30332719907165 - timing_s/ref:60.93140785815194 - timing_s/adv:0.05901784496381879 - timing_s/update_actor:192.09240856091492 - timing_s/step:378.5120747007895 - timing_s/stop_profile:3.0060065910220146e-05 - timing_per_token_ms/ref:0.021853650227785574 - timing_per_token_ms/gen:0.02966718624554388 - timing_per_token_ms/update_actor:0.06889583641126196 - timing_per_token_ms/adv:2.116733202750734e-05 - perf/total_num_tokens:2788157 - perf/time_per_step:378.5120747007895 - perf/throughput:460.3811189847797
[36m(TaskRunner pid=245980)[0m test_gen_batch meta info: {'eos_token_id': 151645, 'pad_token_id': 151643, 'recompute_log_prob': False, 'do_sample': False, 'validate': True, 'global_steps': 85}
[36m(TaskRunner pid=245980)[0m validation generation end
[36m(TaskRunner pid=245980)[0m step:85 - actor/entropy:0.30686715245246887 - perf/mfu/actor_infer:0 - actor/kl_loss:0.029072130507046587 - actor/kl_coef:0.009999999999999998 - actor/pg_clipfrac:0.001182534837344167 - actor/ppo_kl:2.2697850714864083e-05 - actor/pg_clipfrac_lower:0.0 - actor/pg_loss:0.05504513590261759 - actor/grad_norm:0.17034565486319475 - perf/mfu/actor:0.0 - perf/max_memory_allocated_gb:85.77840375900269 - perf/max_memory_reserved_gb:89.453125 - perf/cpu_memory_used_gb:331.9409866333008 - actor/lr:1e-06 - val-aux/hiyouga/geometry3k/reward/mean@1:0.5795340944645607 - val-core/hiyouga/geometry3k/acc/mean@1:0.5795341098169717 - val-aux/num_turns/min:2 - val-aux/num_turns/max:2 - val-aux/num_turns/mean:2.0 - training/global_step:85 - training/epoch:21 - critic/score/mean:0.5716406106948853 - critic/score/max:0.8999999761581421 - critic/score/min:0.0 - critic/rewards/mean:0.5716406106948853 - critic/rewards/max:0.8999999761581421 - critic/rewards/min:0.0 - critic/advantages/mean:-0.05541470646858215 - critic/advantages/max:1.7888498306274414 - critic/advantages/min:-1.7888498306274414 - critic/returns/mean:-0.05541470646858215 - critic/returns/max:1.7888498306274414 - critic/returns/min:-1.7888498306274414 - response_length/mean:850.9226684570312 - response_length/max:2048.0 - response_length/min:106.0 - response_length/clip_ratio:0.13320311903953552 - response_length_non_aborted/mean:850.9226684570312 - response_length_non_aborted/max:2048.0 - response_length_non_aborted/min:106.0 - response_length_non_aborted/clip_ratio:0.13320311903953552 - response/aborted_ratio:0.0 - prompt_length/mean:277.828125 - prompt_length/max:664.0 - prompt_length/min:189.0 - prompt_length/clip_ratio:0.0 - num_turns/min:2 - num_turns/max:2 - num_turns/mean:2.0 - timing_s/start_profile:0.0002055061049759388 - timing_s/agent_loop/generate_sequences/min:6.620008118450642 - timing_s/agent_loop/generate_sequences/max:46.94065135600977 - timing_s/agent_loop/generate_sequences/mean:23.89937132651439 - timing_s/agent_loop/tool_calls/min:0.0 - timing_s/agent_loop/tool_calls/max:0.0 - timing_s/agent_loop/tool_calls/mean:0.0 - timing_s/agent_loop/slowest/generate_sequences:46.94065135600977 - timing_s/agent_loop/slowest/tool_calls:0.0 - timing_s/agent_loop/slowest/prompt_length:362 - timing_s/agent_loop/slowest/response_length:2048 - timing_s/gen:64.11490312288515 - timing_s/reward:0.0001426569651812315 - timing_s/old_log_prob:61.466917908983305 - timing_s/ref:58.987202167045325 - timing_s/adv:0.038155801827088 - timing_s/update_actor:197.71629170700908 - timing_s/step:382.6008307058364 - timing_s/testing:44.581500709056854 - timing_s/stop_profile:3.886898048222065e-05 - timing_per_token_ms/ref:0.02041360788338509 - timing_per_token_ms/gen:0.02943262098902072 - timing_per_token_ms/update_actor:0.06842336477722852 - timing_per_token_ms/adv:1.3204518071031236e-05 - perf/total_num_tokens:2889602 - perf/time_per_step:382.6008307058364 - perf/throughput:472.03275713443196[36m(TaskRunner pid=245980)[0m 
Training Progress:  71%|███████   | 85/120 [9:42:49<4:06:47, 423.08s/it]
[36m(TaskRunner pid=245980)[0m 
Training Progress:  72%|███████▏  | 86/120 [9:49:10<3:52:35, 410.45s/it]
[36m(TaskRunner pid=245980)[0m 
Training Progress:  72%|███████▎  | 87/120 [9:55:16<3:38:25, 397.14s/it]

[36m(TaskRunner pid=245980)[0m step:86 - actor/entropy:0.3062387704849243 - perf/mfu/actor_infer:0 - actor/kl_loss:0.028092978870148187 - actor/kl_coef:0.009999999999999998 - actor/pg_clipfrac:0.0012434323587433107 - actor/ppo_kl:9.283813488679328e-05 - actor/pg_clipfrac_lower:0.0 - actor/pg_loss:0.0665864160955707 - actor/grad_norm:0.11291082389170828 - perf/mfu/actor:0.0 - perf/max_memory_allocated_gb:85.77840375900269 - perf/max_memory_reserved_gb:89.453125 - perf/cpu_memory_used_gb:338.21581840515137 - actor/lr:1e-06 - training/global_step:86 - training/epoch:21 - critic/score/mean:0.5786718130111694 - critic/score/max:0.8999999761581421 - critic/score/min:0.0 - critic/rewards/mean:0.5786718130111694 - critic/rewards/max:0.8999999761581421 - critic/rewards/min:0.0 - critic/advantages/mean:-0.06700798869132996 - critic/advantages/max:1.7888498306274414 - critic/advantages/min:-1.7888498306274414 - critic/returns/mean:-0.06700798869132996 - critic/returns/max:1.7888498306274414 - critic/returns/min:-1.7888498306274414 - response_length/mean:879.0300903320312 - response_length/max:2048.0 - response_length/min:137.0 - response_length/clip_ratio:0.14765624701976776 - response_length_non_aborted/mean:879.0300903320312 - response_length_non_aborted/max:2048.0 - response_length_non_aborted/min:137.0 - response_length_non_aborted/clip_ratio:0.14765624701976776 - response/aborted_ratio:0.0 - prompt_length/mean:283.111328125 - prompt_length/max:842.0 - prompt_length/min:190.0 - prompt_length/clip_ratio:0.0 - num_turns/min:2 - num_turns/max:2 - num_turns/mean:2.0 - timing_s/start_profile:7.987790741026402e-05 - timing_s/agent_loop/generate_sequences/min:6.579261830076575 - timing_s/agent_loop/generate_sequences/max:49.5197370313108 - timing_s/agent_loop/generate_sequences/mean:25.13284001819502 - timing_s/agent_loop/tool_calls/min:0.0 - timing_s/agent_loop/tool_calls/max:0.0 - timing_s/agent_loop/tool_calls/mean:0.0 - timing_s/agent_loop/slowest/generate_sequences:49.5197370313108 - timing_s/agent_loop/slowest/tool_calls:0.0 - timing_s/agent_loop/slowest/prompt_length:263 - timing_s/agent_loop/slowest/response_length:2048 - timing_s/gen:65.04212909191847 - timing_s/reward:0.00012636790052056313 - timing_s/old_log_prob:62.3239140198566 - timing_s/ref:59.605383035959676 - timing_s/adv:0.04734366713091731 - timing_s/update_actor:193.04185107909143 - timing_s/step:380.3420449271798 - timing_s/stop_profile:3.036903217434883e-05 - timing_per_token_ms/ref:0.0200348706475854 - timing_per_token_ms/gen:0.028903540742001445 - timing_per_token_ms/update_actor:0.06488622870868481 - timing_per_token_ms/adv:1.591339906964491e-05 - perf/total_num_tokens:2975082 - perf/time_per_step:380.3420449271798 - perf/throughput:488.8826451874405
[36m(TaskRunner pid=245980)[0m step:87 - actor/entropy:0.3038962185382843 - perf/mfu/actor_infer:0 - actor/kl_loss:0.029681267013409358 - actor/kl_coef:0.009999999999999998 - actor/pg_clipfrac:0.0009384660978417512 - actor/ppo_kl:9.343565082237295e-05 - actor/pg_clipfrac_lower:4.518181088931816e-07 - actor/pg_loss:0.0542139649674184 - actor/grad_norm:0.10620571062218279 - perf/mfu/actor:0.0 - perf/max_memory_allocated_gb:85.77840375900269 - perf/max_memory_reserved_gb:89.453125 - perf/cpu_memory_used_gb:331.79297828674316 - actor/lr:1e-06 - training/global_step:87 - training/epoch:21 - critic/score/mean:0.5962499380111694 - critic/score/max:0.8999999761581421 - critic/score/min:0.0 - critic/rewards/mean:0.5962499380111694 - critic/rewards/max:0.8999999761581421 - critic/rewards/min:0.0 - critic/advantages/mean:-0.05406837910413742 - critic/advantages/max:1.7888498306274414 - critic/advantages/min:-1.7888498306274414 - critic/returns/mean:-0.05406837910413742 - critic/returns/max:1.7888498306274414 - critic/returns/min:-1.7888498306274414 - response_length/mean:824.9976806640625 - response_length/max:2048.0 - response_length/min:125.0 - response_length/clip_ratio:0.11015625298023224 - response_length_non_aborted/mean:824.9976806640625 - response_length_non_aborted/max:2048.0 - response_length_non_aborted/min:125.0 - response_length_non_aborted/clip_ratio:0.11015625298023224 - response/aborted_ratio:0.0 - prompt_length/mean:280.26953125 - prompt_length/max:842.0 - prompt_length/min:189.0 - prompt_length/clip_ratio:0.0 - num_turns/min:2 - num_turns/max:2 - num_turns/mean:2.0 - timing_s/start_profile:6.277882494032383e-05 - timing_s/agent_loop/generate_sequences/min:6.369437869638205 - timing_s/agent_loop/generate_sequences/max:46.765896652126685 - timing_s/agent_loop/generate_sequences/mean:23.900006739882247 - timing_s/agent_loop/tool_calls/min:0.0 - timing_s/agent_loop/tool_calls/max:0.0 - timing_s/agent_loop/tool_calls/mean:0.0 - timing_s/agent_loop/slowest/generate_sequences:46.765896652126685 - timing_s/agent_loop/slowest/tool_calls:0.0 - timing_s/agent_loop/slowest/prompt_length:204 - timing_s/agent_loop/slowest/response_length:2048 - timing_s/gen:62.14364428888075 - timing_s/reward:0.0001229580957442522 - timing_s/old_log_prob:57.199309210060164 - timing_s/ref:56.78036945103668 - timing_s/adv:0.056463552871719 - timing_s/update_actor:189.44961638608947 - timing_s/step:365.90771706891246 - timing_s/stop_profile:2.9969029128551483e-05 - timing_per_token_ms/ref:0.020067393719503866 - timing_per_token_ms/gen:0.029424157591773817 - timing_per_token_ms/update_actor:0.06695553549201531 - timing_per_token_ms/adv:1.9955423982506704e-05 - perf/total_num_tokens:2829484 - perf/time_per_step:365.90771706891246 - perf/throughput:483.298771112539
[36m(TaskRunner pid=245980)[0m step:88 - actor/entropy:0.2982875108718872 - perf/mfu/actor_infer:0 - actor/kl_loss:0.029749039699719555 - actor/kl_coef:0.009999999999999998 - actor/pg_clipfrac:0.001230011720226371 - actor/ppo_kl:2.762140745182645e-05 - actor/pg_clipfrac_lower:5.017571457683098e-07 - actor/pg_loss:0.05874267252879324 - actor/grad_norm:0.11851049541127526 - perf/mfu/actor:0.0 - perf/max_memory_allocated_gb:85.77840375900269 - perf/max_memory_reserved_gb:89.453125 - perf/cpu_memory_used_gb:332.5027446746826 - actor/lr:1e-06 - training/global_step:88 - training/epoch:21 - critic/score/mean:0.581484317779541 - critic/score/max:0.8999999761581421 - critic/score/min:0.0 - critic/rewards/mean:0.581484317779541 - critic/rewards/max:0.8999999761581421 - critic/rewards/min:0.0 - critic/advantages/mean:-0.05803656205534935 - critic/advantages/max:1.7888498306274414 - critic/advantages/min:-1.7888498306274414 - critic/returns/mean:-0.05803656205534935 - critic/returns/max:1.7888498306274414 - critic/returns/min:-1.7888498306274414 - response_length/mean:823.0745849609375 - response_length/max:2048.0 - response_length/min:138.0 - response_length/clip_ratio:0.12382812798023224 - response_length_non_aborted/mean:823.0745849609375 - response_length_non_aborted/max:2048.0 - response_length_non_aborted/min:138.0 - response_length_non_aborted/clip_ratio:0.12382812798023224 - response/aborted_ratio:0.0 - prompt_length/mean:281.5078125 - prompt_length/max:842.0 - prompt_length/min:190.0 - prompt_length/clip_ratio:0.0 - num_turns/min:2 - num_turns/max:2 - num_turns/mean:2.0 - timing_s/start_profile:3.5138800740242004e-05 - timing_s/agent_loop/generate_sequences/min:6.70048409816809 - timing_s/agent_loop/generate_sequences/max:46.51120368903503 - timing_s/agent_loop/generate_sequences/mean:23.58402983669921 - timing_s/agent_loop/tool_calls/min:0.0 - timing_s/agent_loop/tool_calls/max:0.0 - timing_s/agent_loop/tool_calls/mean:0.0 - timing_s/agent_loop/slowest/generate_sequences:46.51120368903503 - timing_s/agent_loop/slowest/tool_calls:0.0 - timing_s/agent_loop/slowest/prompt_length:508 - timing_s/agent_loop/slowest/response_length:2044 - timing_s/gen:62.42381347599439 - timing_s/reward:0.00012232782319188118 - timing_s/old_log_prob:58.97130868397653 - timing_s/ref:56.38816817593761 - timing_s/adv:0.052571326959878206 - timing_s/update_actor:190.60152027523145 - timing_s/step:368.71660491102375 - timing_s/stop_profile:3.1749019399285316e-05 - timing_per_token_ms/ref:0.019941135905762467 - timing_per_token_ms/gen:0.029625870925087193 - timing_per_token_ms/update_actor:0.06740440313284095 - timing_per_token_ms/adv:1.8591346546003918e-05 - perf/total_num_tokens:2827731 - perf/time_per_step:368.71660491102375 - perf/throughput:479.3198492990249[36m(TaskRunner pid=245980)[0m 
Training Progress:  73%|███████▎  | 88/120 [10:01:25<3:27:17, 388.68s/it]
[36m(TaskRunner pid=245980)[0m 
Training Progress:  74%|███████▍  | 89/120 [10:07:47<3:19:50, 386.79s/it]
[36m(TaskRunner pid=245980)[0m 
Training Progress:  75%|███████▌  | 90/120 [10:14:55<3:19:33, 399.11s/it]

[36m(TaskRunner pid=245980)[0m step:89 - actor/entropy:0.3108702003955841 - perf/mfu/actor_infer:0 - actor/kl_loss:0.029721130413236097 - actor/kl_coef:0.009999999999999998 - actor/pg_clipfrac:0.0012024796512626133 - actor/ppo_kl:1.4599030597266124e-05 - actor/pg_clipfrac_lower:0.0 - actor/pg_loss:0.06082699801018779 - actor/grad_norm:0.12077511743677193 - perf/mfu/actor:0.0 - perf/max_memory_allocated_gb:85.77840375900269 - perf/max_memory_reserved_gb:89.453125 - perf/cpu_memory_used_gb:330.8274517059326 - actor/lr:1e-06 - training/global_step:89 - training/epoch:22 - critic/score/mean:0.5733984112739563 - critic/score/max:0.8999999761581421 - critic/score/min:0.0 - critic/rewards/mean:0.5733984112739563 - critic/rewards/max:0.8999999761581421 - critic/rewards/min:0.0 - critic/advantages/mean:-0.06020573154091835 - critic/advantages/max:1.7888498306274414 - critic/advantages/min:-1.7888498306274414 - critic/returns/mean:-0.06020573154091835 - critic/returns/max:1.7888498306274414 - critic/returns/min:-1.7888498306274414 - response_length/mean:844.3019409179688 - response_length/max:2048.0 - response_length/min:146.0 - response_length/clip_ratio:0.12773437798023224 - response_length_non_aborted/mean:844.3019409179688 - response_length_non_aborted/max:2048.0 - response_length_non_aborted/min:146.0 - response_length_non_aborted/clip_ratio:0.12773437798023224 - response/aborted_ratio:0.0 - prompt_length/mean:277.873046875 - prompt_length/max:842.0 - prompt_length/min:190.0 - prompt_length/clip_ratio:0.0 - num_turns/min:2 - num_turns/max:2 - num_turns/mean:2.0 - timing_s/start_profile:0.0002084460575133562 - timing_s/agent_loop/generate_sequences/min:6.888366531580687 - timing_s/agent_loop/generate_sequences/max:46.355965638998896 - timing_s/agent_loop/generate_sequences/mean:23.79153122378093 - timing_s/agent_loop/tool_calls/min:0.0 - timing_s/agent_loop/tool_calls/max:0.0 - timing_s/agent_loop/tool_calls/mean:0.0 - timing_s/agent_loop/slowest/generate_sequences:46.355965638998896 - timing_s/agent_loop/slowest/tool_calls:0.0 - timing_s/agent_loop/slowest/prompt_length:455 - timing_s/agent_loop/slowest/response_length:2048 - timing_s/gen:64.28824875107966 - timing_s/reward:0.00014687702059745789 - timing_s/old_log_prob:61.02042671479285 - timing_s/ref:55.57135164598003 - timing_s/adv:0.037527934182435274 - timing_s/update_actor:190.52723091398366 - timing_s/step:371.7167201831471 - timing_s/stop_profile:2.9589049518108368e-05 - timing_per_token_ms/ref:0.019344183604795107 - timing_per_token_ms/gen:0.029743620840200213 - timing_per_token_ms/update_actor:0.06632182999601209 - timing_per_token_ms/adv:1.3063336190891598e-05 - perf/total_num_tokens:2872768 - perf/time_per_step:371.7167201831471 - perf/throughput:483.0237389147725
[36m(TaskRunner pid=245980)[0m test_gen_batch meta info: {'eos_token_id': 151645, 'pad_token_id': 151643, 'recompute_log_prob': False, 'do_sample': False, 'validate': True, 'global_steps': 90}
[36m(TaskRunner pid=245980)[0m validation generation end
[36m(TaskRunner pid=245980)[0m step:90 - actor/entropy:0.3066438138484955 - perf/mfu/actor_infer:0 - actor/kl_loss:0.031393581713560256 - actor/kl_coef:0.009999999999999998 - actor/pg_clipfrac:0.001118912130857169 - actor/ppo_kl:4.515280219196603e-05 - actor/pg_clipfrac_lower:4.473624582888998e-07 - actor/pg_loss:0.05621433569565729 - actor/grad_norm:0.1251703858718621 - perf/mfu/actor:0.0 - perf/max_memory_allocated_gb:85.77840375900269 - perf/max_memory_reserved_gb:89.453125 - perf/cpu_memory_used_gb:330.73875617980957 - actor/lr:1e-06 - val-aux/hiyouga/geometry3k/reward/mean@1:0.5885191191849415 - val-core/hiyouga/geometry3k/acc/mean@1:0.5885191347753744 - val-aux/num_turns/min:2 - val-aux/num_turns/max:2 - val-aux/num_turns/mean:2.0 - training/global_step:90 - training/epoch:22 - critic/score/mean:0.5691796541213989 - critic/score/max:0.8999999761581421 - critic/score/min:0.0 - critic/rewards/mean:0.5691796541213989 - critic/rewards/max:0.8999999761581421 - critic/rewards/min:0.0 - critic/advantages/mean:-0.05591732636094093 - critic/advantages/max:1.7888498306274414 - critic/advantages/min:-1.7888498306274414 - critic/returns/mean:-0.05591732636094093 - critic/returns/max:1.7888498306274414 - critic/returns/min:-1.7888498306274414 - response_length/mean:851.3988037109375 - response_length/max:2048.0 - response_length/min:98.0 - response_length/clip_ratio:0.134765625 - response_length_non_aborted/mean:851.3988037109375 - response_length_non_aborted/max:2048.0 - response_length_non_aborted/min:98.0 - response_length_non_aborted/clip_ratio:0.134765625 - response/aborted_ratio:0.0 - prompt_length/mean:281.34375 - prompt_length/max:842.0 - prompt_length/min:190.0 - prompt_length/clip_ratio:0.0 - num_turns/min:2 - num_turns/max:2 - num_turns/mean:2.0 - timing_s/start_profile:8.144788444042206e-05 - timing_s/agent_loop/generate_sequences/min:6.52354004397057 - timing_s/agent_loop/generate_sequences/max:48.996225696988404 - timing_s/agent_loop/generate_sequences/mean:24.54909138392795 - timing_s/agent_loop/tool_calls/min:0.0 - timing_s/agent_loop/tool_calls/max:0.0 - timing_s/agent_loop/tool_calls/mean:0.0 - timing_s/agent_loop/slowest/generate_sequences:48.996225696988404 - timing_s/agent_loop/slowest/tool_calls:0.0 - timing_s/agent_loop/slowest/prompt_length:196 - timing_s/agent_loop/slowest/response_length:2048 - timing_s/gen:63.70319979102351 - timing_s/reward:0.00011361809447407722 - timing_s/old_log_prob:61.05712489713915 - timing_s/ref:58.97608296084218 - timing_s/adv:0.07203561603091657 - timing_s/update_actor:199.02184103499167 - timing_s/step:383.11148553481326 - timing_s/testing:43.61449351487681 - timing_s/stop_profile:4.280894063413143e-05 - timing_per_token_ms/ref:0.0203378356666988 - timing_per_token_ms/gen:0.029227268814980268 - timing_per_token_ms/update_actor:0.06863245732581137 - timing_per_token_ms/adv:2.4841400910924008e-05 - perf/total_num_tokens:2899821 - perf/time_per_step:383.11148553481326 - perf/throughput:473.0706839733492
[36m(TaskRunner pid=245980)[0m step:91 - actor/entropy:0.29854169487953186 - perf/mfu/actor_infer:0 - actor/kl_loss:0.03077137585322576 - actor/kl_coef:0.009999999999999998 - actor/pg_clipfrac:0.0013050825276375942 - actor/ppo_kl:-3.9534294109675385e-06 - actor/pg_clipfrac_lower:4.402578667196948e-07 - actor/pg_loss:0.05774254735088211 - actor/grad_norm:0.12287137469438286 - perf/mfu/actor:0.0 - perf/max_memory_allocated_gb:85.8501124382019 - perf/max_memory_reserved_gb:89.453125 - perf/cpu_memory_used_gb:335.73845863342285 - actor/lr:1e-06 - training/global_step:91 - training/epoch:22 - critic/score/mean:0.580078125 - critic/score/max:0.8999999761581421 - critic/score/min:0.0 - critic/rewards/mean:0.580078125 - critic/rewards/max:0.8999999761581421 - critic/rewards/min:0.0 - critic/advantages/mean:-0.05789855122566223 - critic/advantages/max:1.7888498306274414 - critic/advantages/min:-1.7888498306274414 - critic/returns/mean:-0.05789855122566223 - critic/returns/max:1.7888498306274414 - critic/returns/min:-1.7888498306274414 - response_length/mean:826.515625 - response_length/max:2048.0 - response_length/min:120.0 - response_length/clip_ratio:0.11406250298023224 - response_length_non_aborted/mean:826.515625 - response_length_non_aborted/max:2048.0 - response_length_non_aborted/min:120.0 - response_length_non_aborted/clip_ratio:0.11406250298023224 - response/aborted_ratio:0.0 - prompt_length/mean:281.24609375 - prompt_length/max:842.0 - prompt_length/min:189.0 - prompt_length/clip_ratio:0.0 - num_turns/min:2 - num_turns/max:2 - num_turns/mean:2.0 - timing_s/start_profile:8.564908057451248e-05 - timing_s/agent_loop/generate_sequences/min:6.628727823495865 - timing_s/agent_loop/generate_sequences/max:47.585951866582036 - timing_s/agent_loop/generate_sequences/mean:23.805385328384727 - timing_s/agent_loop/tool_calls/min:0.0 - timing_s/agent_loop/tool_calls/max:0.0 - timing_s/agent_loop/tool_calls/mean:0.0 - timing_s/agent_loop/slowest/generate_sequences:47.585951866582036 - timing_s/agent_loop/slowest/tool_calls:0.0 - timing_s/agent_loop/slowest/prompt_length:216 - timing_s/agent_loop/slowest/response_length:2048 - timing_s/gen:64.55375177087262 - timing_s/reward:0.00013399682939052582 - timing_s/old_log_prob:61.27468256303109 - timing_s/ref:57.42153140390292 - timing_s/adv:0.04097391897812486 - timing_s/update_actor:190.11549446894787 - timing_s/step:373.6843373849988 - timing_s/stop_profile:3.5969074815511703e-05 - timing_per_token_ms/ref:0.02024829466932649 - timing_per_token_ms/gen:0.0305091743250433 - timing_per_token_ms/update_actor:0.06703956615393085 - timing_per_token_ms/adv:1.4448447558641565e-05 - perf/total_num_tokens:2835870 - perf/time_per_step:373.6843373849988 - perf/throughput:474.30908193883323[36m(TaskRunner pid=245980)[0m 
Training Progress:  76%|███████▌  | 91/120 [10:21:10<3:09:19, 391.70s/it]
[36m(TaskRunner pid=245980)[0m 
Training Progress:  77%|███████▋  | 92/120 [10:27:12<2:58:43, 382.97s/it]
[36m(TaskRunner pid=245980)[0m 
Training Progress:  78%|███████▊  | 93/120 [10:33:36<2:52:24, 383.13s/it]

[36m(TaskRunner pid=245980)[0m step:92 - actor/entropy:0.29510465264320374 - perf/mfu/actor_infer:0 - actor/kl_loss:0.03088413135603417 - actor/kl_coef:0.009999999999999998 - actor/pg_clipfrac:0.0011174489435117805 - actor/ppo_kl:-5.5611216277987103e-05 - actor/pg_clipfrac_lower:0.0 - actor/pg_loss:0.045583726270367976 - actor/grad_norm:0.11216450127666089 - perf/mfu/actor:0.0 - perf/max_memory_allocated_gb:85.8501124382019 - perf/max_memory_reserved_gb:89.453125 - perf/cpu_memory_used_gb:330.902587890625 - actor/lr:1e-06 - training/global_step:92 - training/epoch:22 - critic/score/mean:0.6338671445846558 - critic/score/max:0.8999999761581421 - critic/score/min:0.0 - critic/rewards/mean:0.6338671445846558 - critic/rewards/max:0.8999999761581421 - critic/rewards/min:0.0 - critic/advantages/mean:-0.044863488525152206 - critic/advantages/max:1.7888498306274414 - critic/advantages/min:-1.7888498306274414 - critic/returns/mean:-0.044863488525152206 - critic/returns/max:1.7888498306274414 - critic/returns/min:-1.7888498306274414 - response_length/mean:813.6702880859375 - response_length/max:2048.0 - response_length/min:90.0 - response_length/clip_ratio:0.10546875 - response_length_non_aborted/mean:813.6702880859375 - response_length_non_aborted/max:2048.0 - response_length_non_aborted/min:90.0 - response_length_non_aborted/clip_ratio:0.10546875 - response/aborted_ratio:0.0 - prompt_length/mean:281.328125 - prompt_length/max:669.0 - prompt_length/min:189.0 - prompt_length/clip_ratio:0.0 - num_turns/min:2 - num_turns/max:2 - num_turns/mean:2.0 - timing_s/start_profile:8.364883251488209e-05 - timing_s/agent_loop/generate_sequences/min:6.872428860515356 - timing_s/agent_loop/generate_sequences/max:46.776991316117346 - timing_s/agent_loop/generate_sequences/mean:23.313785168362482 - timing_s/agent_loop/tool_calls/min:0.0 - timing_s/agent_loop/tool_calls/max:0.0 - timing_s/agent_loop/tool_calls/mean:0.0 - timing_s/agent_loop/slowest/generate_sequences:46.776991316117346 - timing_s/agent_loop/slowest/tool_calls:0.0 - timing_s/agent_loop/slowest/prompt_length:204 - timing_s/agent_loop/slowest/response_length:2048 - timing_s/gen:62.704052003799006 - timing_s/reward:0.00011111795902252197 - timing_s/old_log_prob:57.56194863514975 - timing_s/ref:54.740671267034486 - timing_s/adv:0.04559906991198659 - timing_s/update_actor:186.59823291609064 - timing_s/step:361.9323623869568 - timing_s/stop_profile:3.146892413496971e-05 - timing_per_token_ms/ref:0.019527949978180078 - timing_per_token_ms/gen:0.030102819210310057 - timing_per_token_ms/update_actor:0.06656624542703779 - timing_per_token_ms/adv:1.62668147043541e-05 - perf/total_num_tokens:2803196 - perf/time_per_step:361.9323623869568 - perf/throughput:484.06765519543876
[36m(TaskRunner pid=245980)[0m step:93 - actor/entropy:0.30924317240715027 - perf/mfu/actor_infer:0 - actor/kl_loss:0.03055379145503552 - actor/kl_coef:0.009999999999999998 - actor/pg_clipfrac:0.001183239445502047 - actor/ppo_kl:-2.963820337113661e-06 - actor/pg_clipfrac_lower:0.0 - actor/pg_loss:0.05664689893340189 - actor/grad_norm:0.12384715462966449 - perf/mfu/actor:0.0 - perf/max_memory_allocated_gb:85.8501124382019 - perf/max_memory_reserved_gb:89.453125 - perf/cpu_memory_used_gb:338.9292755126953 - actor/lr:1e-06 - training/global_step:93 - training/epoch:23 - critic/score/mean:0.5765625238418579 - critic/score/max:0.8999999761581421 - critic/score/min:0.0 - critic/rewards/mean:0.5765625238418579 - critic/rewards/max:0.8999999761581421 - critic/rewards/min:0.0 - critic/advantages/mean:-0.05731905251741409 - critic/advantages/max:1.7888498306274414 - critic/advantages/min:-1.7888498306274414 - critic/returns/mean:-0.05731905251741409 - critic/returns/max:1.7888498306274414 - critic/returns/min:-1.7888498306274414 - response_length/mean:841.2683715820312 - response_length/max:2048.0 - response_length/min:62.0 - response_length/clip_ratio:0.12031249701976776 - response_length_non_aborted/mean:841.2683715820312 - response_length_non_aborted/max:2048.0 - response_length_non_aborted/min:62.0 - response_length_non_aborted/clip_ratio:0.12031249701976776 - response/aborted_ratio:0.0 - prompt_length/mean:279.93359375 - prompt_length/max:842.0 - prompt_length/min:189.0 - prompt_length/clip_ratio:0.0 - num_turns/min:2 - num_turns/max:2 - num_turns/mean:2.0 - timing_s/start_profile:0.00012022699229419231 - timing_s/agent_loop/generate_sequences/min:4.571659412235022 - timing_s/agent_loop/generate_sequences/max:47.15471332287416 - timing_s/agent_loop/generate_sequences/mean:23.776185670863196 - timing_s/agent_loop/tool_calls/min:0.0 - timing_s/agent_loop/tool_calls/max:0.0 - timing_s/agent_loop/tool_calls/mean:0.0 - timing_s/agent_loop/slowest/generate_sequences:47.15471332287416 - timing_s/agent_loop/slowest/tool_calls:0.0 - timing_s/agent_loop/slowest/prompt_length:596 - timing_s/agent_loop/slowest/response_length:2048 - timing_s/gen:65.09711347799748 - timing_s/reward:0.0001119379885494709 - timing_s/old_log_prob:59.88467365107499 - timing_s/ref:58.81127957301214 - timing_s/adv:0.04451264115050435 - timing_s/update_actor:189.21869864291511 - timing_s/step:373.33132297196425 - timing_s/stop_profile:4.017888568341732e-05 - timing_per_token_ms/ref:0.02048975745999851 - timing_per_token_ms/gen:0.030226454696613458 - timing_per_token_ms/update_actor:0.06592349750317308 - timing_per_token_ms/adv:1.550813428477612e-05 - perf/total_num_tokens:2870277 - perf/time_per_step:373.33132297196425 - perf/throughput:480.51771030600526
[36m(TaskRunner pid=245980)[0m step:94 - actor/entropy:0.3107930123806 - perf/mfu/actor_infer:0 - actor/kl_loss:0.02926553492645987 - actor/kl_coef:0.009999999999999998 - actor/pg_clipfrac:0.0010382729936033932 - actor/ppo_kl:-2.3994941505572403e-05 - actor/pg_clipfrac_lower:0.0 - actor/pg_loss:0.047190175009828556 - actor/grad_norm:0.1050704831769155 - perf/mfu/actor:0.0 - perf/max_memory_allocated_gb:85.8501124382019 - perf/max_memory_reserved_gb:89.453125 - perf/cpu_memory_used_gb:330.4045829772949 - actor/lr:1e-06 - training/global_step:94 - training/epoch:23 - critic/score/mean:0.6008202433586121 - critic/score/max:0.8999999761581421 - critic/score/min:0.0 - critic/rewards/mean:0.6008202433586121 - critic/rewards/max:0.8999999761581421 - critic/rewards/min:0.0 - critic/advantages/mean:-0.04793902859091759 - critic/advantages/max:1.7888498306274414 - critic/advantages/min:-1.7888498306274414 - critic/returns/mean:-0.04793902859091759 - critic/returns/max:1.7888498306274414 - critic/returns/min:-1.7888498306274414 - response_length/mean:842.87109375 - response_length/max:2048.0 - response_length/min:118.0 - response_length/clip_ratio:0.13437500596046448 - response_length_non_aborted/mean:842.87109375 - response_length_non_aborted/max:2048.0 - response_length_non_aborted/min:118.0 - response_length_non_aborted/clip_ratio:0.13437500596046448 - response/aborted_ratio:0.0 - prompt_length/mean:275.923828125 - prompt_length/max:842.0 - prompt_length/min:190.0 - prompt_length/clip_ratio:0.0 - num_turns/min:2 - num_turns/max:2 - num_turns/mean:2.0 - timing_s/start_profile:8.242810145020485e-05 - timing_s/agent_loop/generate_sequences/min:6.952313177054748 - timing_s/agent_loop/generate_sequences/max:47.64149637403898 - timing_s/agent_loop/generate_sequences/mean:23.935493728907023 - timing_s/agent_loop/tool_calls/min:0.0 - timing_s/agent_loop/tool_calls/max:0.0 - timing_s/agent_loop/tool_calls/mean:0.0 - timing_s/agent_loop/slowest/generate_sequences:47.64149637403898 - timing_s/agent_loop/slowest/tool_calls:0.0 - timing_s/agent_loop/slowest/prompt_length:352 - timing_s/agent_loop/slowest/response_length:2048 - timing_s/gen:63.37008668691851 - timing_s/reward:0.00013253698125481606 - timing_s/old_log_prob:58.00691078417003 - timing_s/ref:55.48337883804925 - timing_s/adv:0.0399642379488796 - timing_s/update_actor:191.67718697804958 - timing_s/step:368.85887355799787 - timing_s/stop_profile:3.433902747929096e-05 - timing_per_token_ms/ref:0.019371910289233935 - timing_per_token_ms/gen:0.029368595382652535 - timing_per_token_ms/update_actor:0.06692370487150466 - timing_per_token_ms/adv:1.3953433416213945e-05 - perf/total_num_tokens:2864115 - perf/time_per_step:368.85887355799787 - perf/throughput:485.2999353744804[36m(TaskRunner pid=245980)[0m 
Training Progress:  78%|███████▊  | 94/120 [10:39:45<2:44:15, 379.04s/it]
[36m(TaskRunner pid=245980)[0m 
Training Progress:  79%|███████▉  | 95/120 [10:46:51<2:43:47, 393.11s/it]
[36m(TaskRunner pid=245980)[0m 
Training Progress:  80%|████████  | 96/120 [10:53:05<2:34:58, 387.42s/it]

[36m(TaskRunner pid=245980)[0m test_gen_batch meta info: {'eos_token_id': 151645, 'pad_token_id': 151643, 'recompute_log_prob': False, 'do_sample': False, 'validate': True, 'global_steps': 95}
[36m(TaskRunner pid=245980)[0m validation generation end
[36m(TaskRunner pid=245980)[0m step:95 - actor/entropy:0.3153937757015228 - perf/mfu/actor_infer:0 - actor/kl_loss:0.02980885733954943 - actor/kl_coef:0.009999999999999998 - actor/pg_clipfrac:0.001087732726272805 - actor/ppo_kl:-2.2751233362040683e-05 - actor/pg_clipfrac_lower:4.4601280902763517e-07 - actor/pg_loss:0.05663065557115679 - actor/grad_norm:0.11463831652543188 - perf/mfu/actor:0.0 - perf/max_memory_allocated_gb:85.8501124382019 - perf/max_memory_reserved_gb:89.453125 - perf/cpu_memory_used_gb:330.6098747253418 - actor/lr:1e-06 - val-aux/hiyouga/geometry3k/reward/mean@1:0.5795340944645607 - val-core/hiyouga/geometry3k/acc/mean@1:0.5795341098169718 - val-aux/num_turns/min:2 - val-aux/num_turns/max:2 - val-aux/num_turns/mean:2.0 - training/global_step:95 - training/epoch:23 - critic/score/mean:0.5909765362739563 - critic/score/max:0.8999999761581421 - critic/score/min:0.0 - critic/rewards/mean:0.5909765362739563 - critic/rewards/max:0.8999999761581421 - critic/rewards/min:0.0 - critic/advantages/mean:-0.05589594691991806 - critic/advantages/max:1.7888498306274414 - critic/advantages/min:-1.7888498306274414 - critic/returns/mean:-0.05589594691991806 - critic/returns/max:1.7888498306274414 - critic/returns/min:-1.7888498306274414 - response_length/mean:851.4324340820312 - response_length/max:2048.0 - response_length/min:126.0 - response_length/clip_ratio:0.13046875596046448 - response_length_non_aborted/mean:851.4324340820312 - response_length_non_aborted/max:2048.0 - response_length_non_aborted/min:126.0 - response_length_non_aborted/clip_ratio:0.13046875596046448 - response/aborted_ratio:0.0 - prompt_length/mean:278.94921875 - prompt_length/max:604.0 - prompt_length/min:190.0 - prompt_length/clip_ratio:0.0 - num_turns/min:2 - num_turns/max:2 - num_turns/mean:2.0 - timing_s/start_profile:8.78490973263979e-05 - timing_s/agent_loop/generate_sequences/min:6.6690781691577286 - timing_s/agent_loop/generate_sequences/max:47.454287064960226 - timing_s/agent_loop/generate_sequences/mean:24.41692567651744 - timing_s/agent_loop/tool_calls/min:0.0 - timing_s/agent_loop/tool_calls/max:0.0 - timing_s/agent_loop/tool_calls/mean:0.0 - timing_s/agent_loop/slowest/generate_sequences:47.454287064960226 - timing_s/agent_loop/slowest/tool_calls:0.0 - timing_s/agent_loop/slowest/prompt_length:202 - timing_s/agent_loop/slowest/response_length:2048 - timing_s/gen:63.33468062104657 - timing_s/reward:0.0001321779564023018 - timing_s/old_log_prob:59.45095503493212 - timing_s/ref:57.28404316911474 - timing_s/adv:0.04017449403181672 - timing_s/update_actor:202.03901875508018 - timing_s/step:382.42848012200557 - timing_s/testing:42.893828575033695 - timing_s/stop_profile:4.0038954466581345e-05 - timing_per_token_ms/ref:0.019795596954815364 - timing_per_token_ms/gen:0.029057044319635326 - timing_per_token_ms/update_actor:0.06981844791602124 - timing_per_token_ms/adv:1.3883064946544506e-05 - perf/total_num_tokens:2893777 - perf/time_per_step:382.42848012200557 - perf/throughput:472.92780716096297
[36m(TaskRunner pid=245980)[0m step:96 - actor/entropy:0.3020215630531311 - perf/mfu/actor_infer:0 - actor/kl_loss:0.03063519580014558 - actor/kl_coef:0.009999999999999998 - actor/pg_clipfrac:0.0011376170217028464 - actor/ppo_kl:7.422393554195656e-05 - actor/pg_clipfrac_lower:1.0239624647180212e-06 - actor/pg_loss:0.05604965525154429 - actor/grad_norm:0.11648101269795133 - perf/mfu/actor:0.0 - perf/max_memory_allocated_gb:85.8501124382019 - perf/max_memory_reserved_gb:89.453125 - perf/cpu_memory_used_gb:329.99297523498535 - actor/lr:1e-06 - training/global_step:96 - training/epoch:23 - critic/score/mean:0.6008203029632568 - critic/score/max:0.8999999761581421 - critic/score/min:0.0 - critic/rewards/mean:0.6008203029632568 - critic/rewards/max:0.8999999761581421 - critic/rewards/min:0.0 - critic/advantages/mean:-0.055536817759275436 - critic/advantages/max:1.7888498306274414 - critic/advantages/min:-1.7888498306274414 - critic/returns/mean:-0.055536817759275436 - critic/returns/max:1.7888498306274414 - critic/returns/min:-1.7888498306274414 - response_length/mean:832.7808837890625 - response_length/max:2048.0 - response_length/min:59.0 - response_length/clip_ratio:0.111328125 - response_length_non_aborted/mean:832.7808837890625 - response_length_non_aborted/max:2048.0 - response_length_non_aborted/min:59.0 - response_length_non_aborted/clip_ratio:0.111328125 - response/aborted_ratio:0.0 - prompt_length/mean:284.72265625 - prompt_length/max:842.0 - prompt_length/min:190.0 - prompt_length/clip_ratio:0.0 - num_turns/min:2 - num_turns/max:2 - num_turns/mean:2.0 - timing_s/start_profile:8.115801028907299e-05 - timing_s/agent_loop/generate_sequences/min:6.063669119030237 - timing_s/agent_loop/generate_sequences/max:46.484199449419975 - timing_s/agent_loop/generate_sequences/mean:23.95940335323312 - timing_s/agent_loop/tool_calls/min:0.0 - timing_s/agent_loop/tool_calls/max:0.0 - timing_s/agent_loop/tool_calls/mean:0.0 - timing_s/agent_loop/slowest/generate_sequences:46.484199449419975 - timing_s/agent_loop/slowest/tool_calls:0.0 - timing_s/agent_loop/slowest/prompt_length:363 - timing_s/agent_loop/slowest/response_length:2048 - timing_s/gen:62.925731908064336 - timing_s/reward:0.0001443780492991209 - timing_s/old_log_prob:59.79311838001013 - timing_s/ref:57.6183875889983 - timing_s/adv:0.042021828005090356 - timing_s/update_actor:193.00182646606117 - timing_s/step:373.6588711531367 - timing_s/stop_profile:3.0008843168616295e-05 - timing_per_token_ms/ref:0.02014059225519715 - timing_per_token_ms/gen:0.02951600502085883 - timing_per_token_ms/update_actor:0.0674640727381874 - timing_per_token_ms/adv:1.468879187848275e-05 - perf/total_num_tokens:2860809 - perf/time_per_step:373.6588711531367 - perf/throughput:478.51282627978105
[36m(TaskRunner pid=245980)[0m step:97 - actor/entropy:0.3087998926639557 - perf/mfu/actor_infer:0 - actor/kl_loss:0.03034310466186567 - actor/kl_coef:0.009999999999999998 - actor/pg_clipfrac:0.0012107854308851529 - actor/ppo_kl:2.5806332950976825e-06 - actor/pg_clipfrac_lower:4.843834837877445e-07 - actor/pg_loss:0.056633384362860605 - actor/grad_norm:0.11180053297482906 - perf/mfu/actor:0.0 - perf/max_memory_allocated_gb:85.8501124382019 - perf/max_memory_reserved_gb:89.453125 - perf/cpu_memory_used_gb:330.41114234924316 - actor/lr:1e-06 - training/global_step:97 - training/epoch:24 - critic/score/mean:0.6039844155311584 - critic/score/max:0.8999999761581421 - critic/score/min:0.0 - critic/rewards/mean:0.6039844155311584 - critic/rewards/max:0.8999999761581421 - critic/rewards/min:0.0 - critic/advantages/mean:-0.05604907497763634 - critic/advantages/max:1.7888498306274414 - critic/advantages/min:-1.7888498306274414 - critic/returns/mean:-0.05604907497763634 - critic/returns/max:1.7888498306274414 - critic/returns/min:-1.7888498306274414 - response_length/mean:833.4925537109375 - response_length/max:2048.0 - response_length/min:131.0 - response_length/clip_ratio:0.11484374850988388 - response_length_non_aborted/mean:833.4925537109375 - response_length_non_aborted/max:2048.0 - response_length_non_aborted/min:131.0 - response_length_non_aborted/clip_ratio:0.11484374850988388 - response/aborted_ratio:0.0 - prompt_length/mean:288.263671875 - prompt_length/max:842.0 - prompt_length/min:189.0 - prompt_length/clip_ratio:0.0 - num_turns/min:2 - num_turns/max:2 - num_turns/mean:2.0 - timing_s/start_profile:0.00018725614063441753 - timing_s/agent_loop/generate_sequences/min:7.042938397964463 - timing_s/agent_loop/generate_sequences/max:47.08440314303152 - timing_s/agent_loop/generate_sequences/mean:23.973767521741866 - timing_s/agent_loop/tool_calls/min:0.0 - timing_s/agent_loop/tool_calls/max:0.0 - timing_s/agent_loop/tool_calls/mean:0.0 - timing_s/agent_loop/slowest/generate_sequences:47.08440314303152 - timing_s/agent_loop/slowest/tool_calls:0.0 - timing_s/agent_loop/slowest/prompt_length:196 - timing_s/agent_loop/slowest/response_length:2048 - timing_s/gen:64.51003300282173 - timing_s/reward:0.00016043707728385925 - timing_s/old_log_prob:64.66693161893636 - timing_s/ref:59.0050129450392 - timing_s/adv:0.04167832504026592 - timing_s/update_actor:191.95540835894644 - timing_s/step:380.4510750020854 - timing_s/stop_profile:3.0460068956017494e-05 - timing_per_token_ms/ref:0.020547095843375898 - timing_per_token_ms/gen:0.030233300575290875 - timing_per_token_ms/update_actor:0.066843916751267 - timing_per_token_ms/adv:1.451348786231757e-05 - perf/total_num_tokens:2871696 - perf/time_per_step:380.4510750020854 - perf/throughput:471.75842517731405[36m(TaskRunner pid=245980)[0m 
Training Progress:  81%|████████  | 97/120 [10:59:36<2:28:54, 388.46s/it]
[36m(TaskRunner pid=245980)[0m 
Training Progress:  82%|████████▏ | 98/120 [11:05:35<2:19:12, 379.64s/it]
[36m(TaskRunner pid=245980)[0m 
Training Progress:  82%|████████▎ | 99/120 [11:11:39<2:11:13, 374.92s/it]
[36m(WorkerDict pid=246556)[0m WARNING:2026-01-03 13:26:17,090:Rank 6 common state dict differs from rank 0 common state dict. Keys only on rank 0: [], Keys only on 6: [('optimizer', 'param_state', 49), ('optimizer', 'param_state', 50), ('optimizer', 'param_state', 51), ('optimizer', 'param_state', 52), ('optimizer', 'param_state', 53), ('optimizer', 'param_state', 54), ('optimizer', 'param_state', 55), ('optimizer', 'param_state', 56), ('optimizer', 'param_state', 57), ('optimizer', 'param_state', 58), ('optimizer', 'param_state', 59), ('optimizer', 'param_state', 60), ('optimizer', 'param_state', 61), ('optimizer', 'param_state', 62), ('optimizer', 'param_state', 63), ('optimizer', 'param_state', 64), ('optimizer', 'param_state', 65), ('optimizer', 'param_state', 66), ('optimizer', 'param_state', 67), ('optimizer', 'param_state', 68), ('optimizer', 'param_state', 69), ('optimizer', 'param_state', 70), ('optimizer', 'param_state', 71), ('optimizer', 'param_state', 72), ('optimizer', 'param_state', 73), ('optimizer', 'param_state', 74), ('optimizer', 'param_state', 75), ('optimizer', 'param_state', 76), ('optimizer', 'param_state', 77), ('optimizer', 'param_state', 78), ('optimizer', 'param_state', 79), ('optimizer', 'param_state', 80), ('optimizer', 'param_state', 81), ('optimizer', 'param_state', 82), ('optimizer', 'param_state', 83), ('optimizer', 'param_state', 84), ('optimizer', 'param_state', 85), ('optimizer', 'param_state', 86), ('optimizer', 'param_state', 87), ('optimizer', 'param_state', 88), ('optimizer', 'param_state', 89), ('optimizer', 'param_state', 90), ('optimizer', 'param_state', 91), ('optimizer', 'param_state', 92), ('optimizer', 'param_state', 93), ('optimizer', 'param_state', 94), ('optimizer', 'param_state', 95), ('optimizer', 'param_state', 96), ('optimizer', 'param_state', 97), ('optimizer', 'param_state', 98), ('optimizer', 'param_state', 99), ('optimizer', 'param_state', 100), ('optimizer', 'param_state', 101), ('optimizer', 'param_state', 102), ('optimizer', 'param_state', 103), ('optimizer', 'param_state', 104), ('optimizer', 'param_state', 105), ('optimizer', 'param_state', 106), ('optimizer', 'param_state', 107), ('optimizer', 'param_state', 108), ('optimizer', 'param_state', 109), ('optimizer', 'param_state', 110), ('optimizer', 'param_state', 111), ('optimizer', 'param_state', 112), ('optimizer', 'param_state', 113), ('optimizer', 'param_state', 114), ('optimizer', 'param_state', 115), ('optimizer', 'param_state', 116), ('optimizer', 'param_state', 117), ('optimizer', 'param_state', 118), ('optimizer', 'param_state', 119), ('optimizer', 'param_state', 120), ('optimizer', 'param_state', 121), ('optimizer', 'param_state', 122), ('optimizer', 'param_state', 123), ('optimizer', 'param_state', 124), ('optimizer', 'param_state', 125), ('optimizer', 'param_state', 126), ('optimizer', 'param_state', 127), ('optimizer', 'param_state', 128), ('optimizer', 'param_state', 129), ('optimizer', 'param_state', 130), ('optimizer', 'param_state', 131), ('optimizer', 'param_state', 132), ('optimizer', 'param_state', 133), ('optimizer', 'param_state', 134), ('optimizer', 'param_state', 135), ('optimizer', 'param_state', 136), ('optimizer', 'param_state', 137), ('optimizer', 'param_state', 138), ('optimizer', 'param_state', 139), ('optimizer', 'param_state', 140), ('optimizer', 'param_state', 141), ('optimizer', 'param_state', 142), ('optimizer', 'param_state', 143), ('optimizer', 'param_state', 144), ('optimizer', 'param_state', 145), ('optimizer', 'param_state', 146), ('optimizer', 'param_state', 147), ('optimizer', 'param_state', 148), ('optimizer', 'param_state', 149), ('optimizer', 'param_state', 150), ('optimizer', 'param_state', 151), ('optimizer', 'param_state', 152), ('optimizer', 'param_state', 153), ('optimizer', 'param_state', 154), ('optimizer', 'param_state', 155), ('optimizer', 'param_state', 156), ('optimizer', 'param_state', 157), ('optimizer', 'param_state', 158), ('optimizer', 'param_state', 159), ('optimizer', 'param_state', 160), ('optimizer', 'param_state', 161), ('optimizer', 'param_state', 162), ('optimizer', 'param_state', 163), ('optimizer', 'param_state', 164), ('optimizer', 'param_state', 165), ('optimizer', 'param_state', 166), ('optimizer', 'param_state', 167), ('optimizer', 'param_state', 168), ('optimizer', 'param_state', 169), ('optimizer', 'param_state', 170), ('optimizer', 'param_state', 171), ('optimizer', 'param_state', 172), ('optimizer', 'param_state', 173), ('optimizer', 'param_state', 174), ('optimizer', 'param_state', 175), ('optimizer', 'param_state', 176), ('optimizer', 'param_state', 177), ('optimizer', 'param_state', 178), ('optimizer', 'param_state', 179), ('optimizer', 'param_state', 180), ('optimizer', 'param_state', 181), ('optimizer', 'param_state', 182), ('optimizer', 'param_state', 183), ('optimizer', 'param_state', 184), ('optimizer', 'param_state', 185), ('optimizer', 'param_state', 186), ('optimizer', 'param_state', 187), ('optimizer', 'param_state', 188), ('optimizer', 'param_state', 189), ('optimizer', 'param_state', 190), ('optimizer', 'param_state', 191), ('optimizer', 'param_state', 192), ('optimizer', 'param_state', 193), ('optimizer', 'param_state', 194), ('optimizer', 'param_state', 195), ('optimizer', 'param_state', 196), ('optimizer', 'param_state', 197), ('optimizer', 'param_state', 198), ('optimizer', 'param_state', 199), ('optimizer', 'param_state', 200), ('optimizer', 'param_state', 201), ('optimizer', 'param_state', 202), ('optimizer', 'param_state', 203), ('optimizer', 'param_state', 204), ('optimizer', 'param_state', 205), ('optimizer', 'param_state', 206), ('optimizer', 'param_state', 207), ('optimizer', 'param_state', 208), ('optimizer', 'param_state', 209), ('optimizer', 'param_state', 210), ('optimizer', 'param_state', 211), ('optimizer', 'param_state', 212), ('optimizer', 'param_state', 213), ('optimizer', 'param_state', 214), ('optimizer', 'param_state', 215), ('optimizer', 'param_state', 216), ('optimizer', 'param_state', 217), ('optimizer', 'param_state', 218), ('optimizer', 'param_state', 219), ('optimizer', 'param_state', 220), ('optimizer', 'param_state', 221), ('optimizer', 'param_state', 222), ('optimizer', 'param_state', 223), ('optimizer', 'param_state', 224), ('optimizer', 'param_state', 225), ('optimizer', 'param_state', 226), ('optimizer', 'param_state', 227), ('optimizer', 'param_state', 228), ('optimizer', 'param_state', 229), ('optimizer', 'param_state', 230), ('optimizer', 'param_state', 231), ('optimizer', 'param_state', 232), ('optimizer', 'param_state', 233), ('optimizer', 'param_state', 234), ('optimizer', 'param_state', 235), ('optimizer', 'param_state', 236), ('optimizer', 'param_state', 237), ('optimizer', 'param_state', 238), ('optimizer', 'param_state', 239), ('optimizer', 'param_state', 240), ('optimizer', 'param_state', 241), ('optimizer', 'param_state', 242), ('optimizer', 'param_state', 243), ('optimizer', 'param_state', 244), ('optimizer', 'param_state', 245), ('optimizer', 'param_state', 246), ('optimizer', 'param_state', 247), ('optimizer', 'param_state', 248), ('optimizer', 'param_state', 249), ('optimizer', 'param_state', 250), ('optimizer', 'param_state', 251), ('optimizer', 'param_state', 252), ('optimizer', 'param_state', 253), ('optimizer', 'param_state', 254), ('optimizer', 'param_state', 255), ('optimizer', 'param_state', 256), ('optimizer', 'param_state', 257), ('optimizer', 'param_state', 258), ('optimizer', 'param_state', 259), ('optimizer', 'param_state', 260), ('optimizer', 'param_state', 261), ('optimizer', 'param_state', 262), ('optimizer', 'param_state', 263), ('optimizer', 'param_state', 264), ('optimizer', 'param_state', 265), ('optimizer', 'param_state', 266), ('optimizer', 'param_state', 267), ('optimizer', 'param_state', 268), ('optimizer', 'param_state', 269), ('optimizer', 'param_state', 270), ('optimizer', 'param_state', 271), ('optimizer', 'param_state', 272), ('optimizer', 'param_state', 273), ('optimizer', 'param_state', 274), ('optimizer', 'param_state', 275), ('optimizer', 'param_state', 276), ('optimizer', 'param_state', 277), ('optimizer', 'param_state', 278), ('optimizer', 'param_state', 279), ('optimizer', 'param_state', 280), ('optimizer', 'param_state', 281), ('optimizer', 'param_state', 282), ('optimizer', 'param_state', 283), ('optimizer', 'param_state', 284), ('optimizer', 'param_state', 285), ('optimizer', 'param_state', 286), ('optimizer', 'param_state', 287), ('optimizer', 'param_state', 288), ('optimizer', 'param_state', 289), ('optimizer', 'param_state', 290), ('optimizer', 'param_state', 291), ('optimizer', 'param_state', 292), ('optimizer', 'param_state', 293), ('optimizer', 'param_state', 294), ('optimizer', 'param_state', 295), ('optimizer', 'param_state', 296), ('optimizer', 'param_state', 297), ('optimizer', 'param_state', 298), ('optimizer', 'param_state', 299), ('optimizer', 'param_state', 300), ('optimizer', 'param_state', 301), ('optimizer', 'param_state', 302), ('optimizer', 'param_state', 303), ('optimizer', 'param_state', 304), ('optimizer', 'param_state', 305), ('optimizer', 'param_state', 306), ('optimizer', 'param_state', 307), ('optimizer', 'param_state', 308), ('optimizer', 'param_state', 309), ('optimizer', 'param_state', 310), ('optimizer', 'param_state', 311), ('optimizer', 'param_state', 312), ('optimizer', 'param_state', 313), ('optimizer', 'param_state', 314), ('optimizer', 'param_state', 315), ('optimizer', 'param_state', 316), ('optimizer', 'param_state', 317), ('optimizer', 'param_state', 318), ('optimizer', 'param_state', 319), ('optimizer', 'param_state', 320), ('optimizer', 'param_state', 321), ('optimizer', 'param_state', 322), ('optimizer', 'param_state', 323), ('optimizer', 'param_state', 324), ('optimizer', 'param_state', 325), ('optimizer', 'param_state', 326), ('optimizer', 'param_state', 327), ('optimizer', 'param_state', 328), ('optimizer', 'param_state', 329), ('optimizer', 'param_state', 330), ('optimizer', 'param_state', 331), ('optimizer', 'param_state', 332), ('optimizer', 'param_state', 333), ('optimizer', 'param_state', 334), ('optimizer', 'param_state', 335), ('optimizer', 'param_state', 336), ('optimizer', 'param_state', 337), ('optimizer', 'param_state', 338), ('optimizer', 'param_state', 339), ('optimizer', 'param_state', 340), ('optimizer', 'param_state', 341), ('optimizer', 'param_state', 342), ('optimizer', 'param_state', 343), ('optimizer', 'param_state', 344), ('optimizer', 'param_state', 345), ('optimizer', 'param_state', 346), ('optimizer', 'param_state', 347), ('optimizer', 'param_state', 348), ('optimizer', 'param_state', 349), ('optimizer', 'param_state', 350), ('optimizer', 'param_state', 351)], Mismatched keys: []
[36m(WorkerDict pid=71406, ip=node2)[0m WARNING:2026-01-03 13:26:17,090:Rank 9 common state dict differs from rank 0 common state dict. Keys only on rank 0: [('optimizer', 'param_state', 19), ('optimizer', 'param_state', 20), ('optimizer', 'param_state', 21), ('optimizer', 'param_state', 22), ('optimizer', 'param_state', 23), ('optimizer', 'param_state', 24), ('optimizer', 'param_state', 25), ('optimizer', 'param_state', 26), ('optimizer', 'param_state', 27), ('optimizer', 'param_state', 28), ('optimizer', 'param_state', 29), ('optimizer', 'param_state', 30), ('optimizer', 'param_state', 31), ('optimizer', 'param_state', 32), ('optimizer', 'param_state', 33), ('optimizer', 'param_state', 34), ('optimizer', 'param_state', 35), ('optimizer', 'param_state', 36), ('optimizer', 'param_state', 37), ('optimizer', 'param_state', 38), ('optimizer', 'param_state', 39), ('optimizer', 'param_state', 40), ('optimizer', 'param_state', 41), ('optimizer', 'param_state', 42), ('optimizer', 'param_state', 43), ('optimizer', 'param_state', 44), ('optimizer', 'param_state', 45), ('optimizer', 'param_state', 46), ('optimizer', 'param_state', 47), ('optimizer', 'param_state', 48)], Keys only on 9: [], Mismatched keys: []
[36m(WorkerDict pid=71407, ip=node2)[0m WARNING:2026-01-03 13:26:17,090:Rank 10 common state dict differs from rank 0 common state dict. Keys only on rank 0: [('optimizer', 'param_state', 42), ('optimizer', 'param_state', 43), ('optimizer', 'param_state', 44), ('optimizer', 'param_state', 45), ('optimizer', 'param_state', 46), ('optimizer', 'param_state', 47), ('optimizer', 'param_state', 48)], Keys only on 10: [], Mismatched keys: []
[36m(WorkerDict pid=71409, ip=node2)[0m WARNING:2026-01-03 13:26:17,090:Rank 15 common state dict differs from rank 0 common state dict. Keys only on rank 0: [('optimizer', 'param_state', 48), ('optimizer', 'param_state', 47)], Keys only on 15: [], Mismatched keys: []
[36m(WorkerDict pid=71414, ip=node2)[0m WARNING:2026-01-03 13:26:17,090:Rank 12 common state dict differs from rank 0 common state dict. Keys only on rank 0: [('optimizer', 'param_state', 41), ('optimizer', 'param_state', 42), ('optimizer', 'param_state', 43), ('optimizer', 'param_state', 44), ('optimizer', 'param_state', 45), ('optimizer', 'param_state', 46), ('optimizer', 'param_state', 47), ('optimizer', 'param_state', 48)], Keys only on 12: [], Mismatched keys: []
[36m(WorkerDict pid=71406, ip=node2)[0m INFO:2026-01-03 13:31:55,618:[Rank 9] Saving HF model checkpoint to /mnt/cfs/danerli/workspace/test_benchmark/TestBenchmarkWithTrainingCard/recipe/exp/checkpoint/qwen3_vl_8b_megatron_mutil_node/global_step_100/actor with bridge
[36m(WorkerDict pid=246589)[0m WARNING:2026-01-03 13:26:17,090:Rank 7 common state dict differs from rank 0 common state dict. Keys only on rank 0: [], Keys only on 7: [('optimizer', 'param_state', 49), ('optimizer', 'param_state', 50), ('optimizer', 'param_state', 51), ('optimizer', 'param_state', 52), ('optimizer', 'param_state', 53), ('optimizer', 'param_state', 54), ('optimizer', 'param_state', 55), ('optimizer', 'param_state', 56), ('optimizer', 'param_state', 57), ('optimizer', 'param_state', 58), ('optimizer', 'param_state', 59), ('optimizer', 'param_state', 60), ('optimizer', 'param_state', 61), ('optimizer', 'param_state', 62), ('optimizer', 'param_state', 63), ('optimizer', 'param_state', 64), ('optimizer', 'param_state', 65), ('optimizer', 'param_state', 66), ('optimizer', 'param_state', 67), ('optimizer', 'param_state', 68), ('optimizer', 'param_state', 69), ('optimizer', 'param_state', 70), ('optimizer', 'param_state', 71), ('optimizer', 'param_state', 72), ('optimizer', 'param_state', 73), ('optimizer', 'param_state', 74), ('optimizer', 'param_state', 75), ('optimizer', 'param_state', 76), ('optimizer', 'param_state', 77), ('optimizer', 'param_state', 78), ('optimizer', 'param_state', 79), ('optimizer', 'param_state', 80), ('optimizer', 'param_state', 81), ('optimizer', 'param_state', 82), ('optimizer', 'param_state', 83), ('optimizer', 'param_state', 84), ('optimizer', 'param_state', 85), ('optimizer', 'param_state', 86), ('optimizer', 'param_state', 87), ('optimizer', 'param_state', 88), ('optimizer', 'param_state', 89), ('optimizer', 'param_state', 90), ('optimizer', 'param_state', 91), ('optimizer', 'param_state', 92), ('optimizer', 'param_state', 93), ('optimizer', 'param_state', 94), ('optimizer', 'param_state', 95), ('optimizer', 'param_state', 96), ('optimizer', 'param_state', 97), ('optimizer', 'param_state', 98), ('optimizer', 'param_state', 99), ('optimizer', 'param_state', 100), ('optimizer', 'param_state', 101), ('optimizer', 'param_state', 102), ('optimizer', 'param_state', 103), ('optimizer', 'param_state', 104), ('optimizer', 'param_state', 105), ('optimizer', 'param_state', 106), ('optimizer', 'param_state', 107), ('optimizer', 'param_state', 108), ('optimizer', 'param_state', 109), ('optimizer', 'param_state', 110), ('optimizer', 'param_state', 111), ('optimizer', 'param_state', 112), ('optimizer', 'param_state', 113), ('optimizer', 'param_state', 114), ('optimizer', 'param_state', 115), ('optimizer', 'param_state', 116), ('optimizer', 'param_state', 117), ('optimizer', 'param_state', 118), ('optimizer', 'param_state', 119), ('optimizer', 'param_state', 120), ('optimizer', 'param_state', 121), ('optimizer', 'param_state', 122), ('optimizer', 'param_state', 123), ('optimizer', 'param_state', 124), ('optimizer', 'param_state', 125), ('optimizer', 'param_state', 126), ('optimizer', 'param_state', 127), ('optimizer', 'param_state', 128), ('optimizer', 'param_state', 129), ('optimizer', 'param_state', 130), ('optimizer', 'param_state', 131), ('optimizer', 'param_state', 132), ('optimizer', 'param_state', 133), ('optimizer', 'param_state', 134), ('optimizer', 'param_state', 135), ('optimizer', 'param_state', 136), ('optimizer', 'param_state', 137), ('optimizer', 'param_state', 138), ('optimizer', 'param_state', 139), ('optimizer', 'param_state', 140), ('optimizer', 'param_state', 141), ('optimizer', 'param_state', 142), ('optimizer', 'param_state', 143), ('optimizer', 'param_state', 144), ('optimizer', 'param_state', 145), ('optimizer', 'param_state', 146), ('optimizer', 'param_state', 147), ('optimizer', 'param_state', 148), ('optimizer', 'param_state', 149), ('optimizer', 'param_state', 150), ('optimizer', 'param_state', 151), ('optimizer', 'param_state', 152), ('optimizer', 'param_state', 153), ('optimizer', 'param_state', 154), ('optimizer', 'param_state', 155), ('optimizer', 'param_state', 156), ('optimizer', 'param_state', 157), ('optimizer', 'param_state', 158), ('optimizer', 'param_state', 159), ('optimizer', 'param_state', 160), ('optimizer', 'param_state', 161), ('optimizer', 'param_state', 162), ('optimizer', 'param_state', 163), ('optimizer', 'param_state', 164), ('optimizer', 'param_state', 165), ('optimizer', 'param_state', 166), ('optimizer', 'param_state', 167), ('optimizer', 'param_state', 168), ('optimizer', 'param_state', 169), ('optimizer', 'param_state', 170), ('optimizer', 'param_state', 171), ('optimizer', 'param_state', 172), ('optimizer', 'param_state', 173), ('optimizer', 'param_state', 174), ('optimizer', 'param_state', 175), ('optimizer', 'param_state', 176), ('optimizer', 'param_state', 177), ('optimizer', 'param_state', 178), ('optimizer', 'param_state', 179), ('optimizer', 'param_state', 180), ('optimizer', 'param_state', 181), ('optimizer', 'param_state', 182), ('optimizer', 'param_state', 183), ('optimizer', 'param_state', 184), ('optimizer', 'param_state', 185), ('optimizer', 'param_state', 186), ('optimizer', 'param_state', 187), ('optimizer', 'param_state', 188), ('optimizer', 'param_state', 189), ('optimizer', 'param_state', 190), ('optimizer', 'param_state', 191), ('optimizer', 'param_state', 192), ('optimizer', 'param_state', 193), ('optimizer', 'param_state', 194), ('optimizer', 'param_state', 195), ('optimizer', 'param_state', 196), ('optimizer', 'param_state', 197), ('optimizer', 'param_state', 198), ('optimizer', 'param_state', 199), ('optimizer', 'param_state', 200), ('optimizer', 'param_state', 201), ('optimizer', 'param_state', 202), ('optimizer', 'param_state', 203), ('optimizer', 'param_state', 204), ('optimizer', 'param_state', 205), ('optimizer', 'param_state', 206), ('optimizer', 'param_state', 207), ('optimizer', 'param_state', 208), ('optimizer', 'param_state', 209), ('optimizer', 'param_state', 210), ('optimizer', 'param_state', 211), ('optimizer', 'param_state', 212), ('optimizer', 'param_state', 213), ('optimizer', 'param_state', 214), ('optimizer', 'param_state', 215), ('optimizer', 'param_state', 216), ('optimizer', 'param_state', 217), ('optimizer', 'param_state', 218), ('optimizer', 'param_state', 219), ('optimizer', 'param_state', 220), ('optimizer', 'param_state', 221), ('optimizer', 'param_state', 222), ('optimizer', 'param_state', 223), ('optimizer', 'param_state', 224), ('optimizer', 'param_state', 225), ('optimizer', 'param_state', 226), ('optimizer', 'param_state', 227), ('optimizer', 'param_state', 228), ('optimizer', 'param_state', 229), ('optimizer', 'param_state', 230), ('optimizer', 'param_state', 231), ('optimizer', 'param_state', 232), ('optimizer', 'param_state', 233), ('optimizer', 'param_state', 234), ('optimizer', 'param_state', 235), ('optimizer', 'param_state', 236), ('optimizer', 'param_state', 237), ('optimizer', 'param_state', 238), ('optimizer', 'param_state', 239), ('optimizer', 'param_state', 240), ('optimizer', 'param_state', 241), ('optimizer', 'param_state', 242), ('optimizer', 'param_state', 243), ('optimizer', 'param_state', 244), ('optimizer', 'param_state', 245), ('optimizer', 'param_state', 246), ('optimizer', 'param_state', 247), ('optimizer', 'param_state', 248), ('optimizer', 'param_state', 249), ('optimizer', 'param_state', 250), ('optimizer', 'param_state', 251), ('optimizer', 'param_state', 252), ('optimizer', 'param_state', 253), ('optimizer', 'param_state', 254), ('optimizer', 'param_state', 255), ('optimizer', 'param_state', 256), ('optimizer', 'param_state', 257), ('optimizer', 'param_state', 258), ('optimizer', 'param_state', 259), ('optimizer', 'param_state', 260), ('optimizer', 'param_state', 261), ('optimizer', 'param_state', 262), ('optimizer', 'param_state', 263), ('optimizer', 'param_state', 264), ('optimizer', 'param_state', 265), ('optimizer', 'param_state', 266), ('optimizer', 'param_state', 267), ('optimizer', 'param_state', 268), ('optimizer', 'param_state', 269), ('optimizer', 'param_state', 270), ('optimizer', 'param_state', 271), ('optimizer', 'param_state', 272), ('optimizer', 'param_state', 273), ('optimizer', 'param_state', 274), ('optimizer', 'param_state', 275), ('optimizer', 'param_state', 276), ('optimizer', 'param_state', 277), ('optimizer', 'param_state', 278), ('optimizer', 'param_state', 279), ('optimizer', 'param_state', 280), ('optimizer', 'param_state', 281), ('optimizer', 'param_state', 282), ('optimizer', 'param_state', 283), ('optimizer', 'param_state', 284), ('optimizer', 'param_state', 285), ('optimizer', 'param_state', 286), ('optimizer', 'param_state', 287), ('optimizer', 'param_state', 288), ('optimizer', 'param_state', 289), ('optimizer', 'param_state', 290), ('optimizer', 'param_state', 291), ('optimizer', 'param_state', 292), ('optimizer', 'param_state', 293), ('optimizer', 'param_state', 294), ('optimizer', 'param_state', 295), ('optimizer', 'param_state', 296), ('optimizer', 'param_state', 297), ('optimizer', 'param_state', 298), ('optimizer', 'param_state', 299), ('optimizer', 'param_state', 300), ('optimizer', 'param_state', 301), ('optimizer', 'param_state', 302), ('optimizer', 'param_state', 303), ('optimizer', 'param_state', 304), ('optimizer', 'param_state', 305), ('optimizer', 'param_state', 306), ('optimizer', 'param_state', 307), ('optimizer', 'param_state', 308), ('optimizer', 'param_state', 309), ('optimizer', 'param_state', 310), ('optimizer', 'param_state', 311), ('optimizer', 'param_state', 312), ('optimizer', 'param_state', 313), ('optimizer', 'param_state', 314), ('optimizer', 'param_state', 315), ('optimizer', 'param_state', 316), ('optimizer', 'param_state', 317), ('optimizer', 'param_state', 318), ('optimizer', 'param_state', 319), ('optimizer', 'param_state', 320), ('optimizer', 'param_state', 321), ('optimizer', 'param_state', 322), ('optimizer', 'param_state', 323), ('optimizer', 'param_state', 324), ('optimizer', 'param_state', 325), ('optimizer', 'param_state', 326), ('optimizer', 'param_state', 327), ('optimizer', 'param_state', 328), ('optimizer', 'param_state', 329), ('optimizer', 'param_state', 330), ('optimizer', 'param_state', 331), ('optimizer', 'param_state', 332), ('optimizer', 'param_state', 333), ('optimizer', 'param_state', 334), ('optimizer', 'param_state', 335), ('optimizer', 'param_state', 336), ('optimizer', 'param_state', 337), ('optimizer', 'param_state', 338), ('optimizer', 'param_state', 339), ('optimizer', 'param_state', 340), ('optimizer', 'param_state', 341), ('optimizer', 'param_state', 342), ('optimizer', 'param_state', 343), ('optimizer', 'param_state', 344), ('optimizer', 'param_state', 345), ('optimizer', 'param_state', 346), ('optimizer', 'param_state', 347), ('optimizer', 'param_state', 348), ('optimizer', 'param_state', 349), ('optimizer', 'param_state', 350), ('optimizer', 'param_state', 351)], Mismatched keys: []
[36m(WorkerDict pid=71418, ip=node2)[0m WARNING:2026-01-03 13:26:17,090:Rank 8 common state dict differs from rank 0 common state dict. Keys only on rank 0: [('optimizer', 'param_state', 19), ('optimizer', 'param_state', 20), ('optimizer', 'param_state', 21), ('optimizer', 'param_state', 22), ('optimizer', 'param_state', 23), ('optimizer', 'param_state', 24), ('optimizer', 'param_state', 25), ('optimizer', 'param_state', 26), ('optimizer', 'param_state', 27), ('optimizer', 'param_state', 28), ('optimizer', 'param_state', 29), ('optimizer', 'param_state', 30), ('optimizer', 'param_state', 31), ('optimizer', 'param_state', 32), ('optimizer', 'param_state', 33), ('optimizer', 'param_state', 34), ('optimizer', 'param_state', 35), ('optimizer', 'param_state', 36), ('optimizer', 'param_state', 37), ('optimizer', 'param_state', 38), ('optimizer', 'param_state', 39), ('optimizer', 'param_state', 40), ('optimizer', 'param_state', 41), ('optimizer', 'param_state', 42), ('optimizer', 'param_state', 43), ('optimizer', 'param_state', 44), ('optimizer', 'param_state', 45), ('optimizer', 'param_state', 46), ('optimizer', 'param_state', 47), ('optimizer', 'param_state', 48)], Keys only on 8: [], Mismatched keys: []
[36m(WorkerDict pid=71408, ip=node2)[0m WARNING:2026-01-03 13:26:17,090:Rank 11 common state dict differs from rank 0 common state dict. Keys only on rank 0: [('optimizer', 'param_state', 42), ('optimizer', 'param_state', 43), ('optimizer', 'param_state', 44), ('optimizer', 'param_state', 45), ('optimizer', 'param_state', 46), ('optimizer', 'param_state', 47), ('optimizer', 'param_state', 48)], Keys only on 11: [], Mismatched keys: []
[36m(WorkerDict pid=71413, ip=node2)[0m WARNING:2026-01-03 13:26:17,090:Rank 14 common state dict differs from rank 0 common state dict. Keys only on rank 0: [('optimizer', 'param_state', 48), ('optimizer', 'param_state', 47)], Keys only on 14: [], Mismatched keys: []
[36m(WorkerDict pid=71422, ip=node2)[0m WARNING:2026-01-03 13:26:17,090:Rank 13 common state dict differs from rank 0 common state dict. Keys only on rank 0: [('optimizer', 'param_state', 41), ('optimizer', 'param_state', 42), ('optimizer', 'param_state', 43), ('optimizer', 'param_state', 44), ('optimizer', 'param_state', 45), ('optimizer', 'param_state', 46), ('optimizer', 'param_state', 47), ('optimizer', 'param_state', 48)], Keys only on 13: [], Mismatched keys: []
[36m(WorkerDict pid=246541)[0m INFO:2026-01-03 13:34:10,540:[Rank 0] Saved bridge checkpoint to /mnt/cfs/danerli/workspace/test_benchmark/TestBenchmarkWithTrainingCard/recipe/exp/checkpoint/qwen3_vl_8b_megatron_mutil_node/global_step_100/actor/huggingface
[36m(WorkerDict pid=246589)[0m INFO:2026-01-03 13:31:55,618:[Rank 7] Saving HF model checkpoint to /mnt/cfs/danerli/workspace/test_benchmark/TestBenchmarkWithTrainingCard/recipe/exp/checkpoint/qwen3_vl_8b_megatron_mutil_node/global_step_100/actor with bridge[32m [repeated 15x across cluster][0m
[36m(WorkerDict pid=246542)[0m INFO:2026-01-03 13:34:10,540:[Rank 1] Dist checkpointing save completed for /mnt/cfs/danerli/workspace/test_benchmark/TestBenchmarkWithTrainingCard/recipe/exp/checkpoint/qwen3_vl_8b_megatron_mutil_node/global_step_100/actor/dist_ckpt

[36m(TaskRunner pid=245980)[0m step:98 - actor/entropy:0.3046936094760895 - perf/mfu/actor_infer:0 - actor/kl_loss:0.029538895970015504 - actor/kl_coef:0.009999999999999998 - actor/pg_clipfrac:0.0011036681200155643 - actor/ppo_kl:4.135361641496021e-05 - actor/pg_clipfrac_lower:0.0 - actor/pg_loss:0.059184219504332274 - actor/grad_norm:0.13181560724897745 - perf/mfu/actor:0.0 - perf/max_memory_allocated_gb:85.8501124382019 - perf/max_memory_reserved_gb:89.453125 - perf/cpu_memory_used_gb:329.84792137145996 - actor/lr:1e-06 - training/global_step:98 - training/epoch:24 - critic/score/mean:0.6124218702316284 - critic/score/max:0.8999999761581421 - critic/score/min:0.0 - critic/rewards/mean:0.6124218702316284 - critic/rewards/max:0.8999999761581421 - critic/rewards/min:0.0 - critic/advantages/mean:-0.05927370488643646 - critic/advantages/max:1.7888498306274414 - critic/advantages/min:-1.7888498306274414 - critic/returns/mean:-0.05927370488643646 - critic/returns/max:1.7888498306274414 - critic/returns/min:-1.7888498306274414 - response_length/mean:816.6273193359375 - response_length/max:2048.0 - response_length/min:67.0 - response_length/clip_ratio:0.111328125 - response_length_non_aborted/mean:816.6273193359375 - response_length_non_aborted/max:2048.0 - response_length_non_aborted/min:67.0 - response_length_non_aborted/clip_ratio:0.111328125 - response/aborted_ratio:0.0 - prompt_length/mean:272.48046875 - prompt_length/max:842.0 - prompt_length/min:190.0 - prompt_length/clip_ratio:0.0 - num_turns/min:2 - num_turns/max:2 - num_turns/mean:2.0 - timing_s/start_profile:8.150795474648476e-05 - timing_s/agent_loop/generate_sequences/min:4.405822657980025 - timing_s/agent_loop/generate_sequences/max:45.8340425461065 - timing_s/agent_loop/generate_sequences/mean:23.343648161824696 - timing_s/agent_loop/tool_calls/min:0.0 - timing_s/agent_loop/tool_calls/max:0.0 - timing_s/agent_loop/tool_calls/mean:0.0 - timing_s/agent_loop/slowest/generate_sequences:45.8340425461065 - timing_s/agent_loop/slowest/tool_calls:0.0 - timing_s/agent_loop/slowest/prompt_length:237 - timing_s/agent_loop/slowest/response_length:2048 - timing_s/gen:60.96109384810552 - timing_s/reward:0.00012975791469216347 - timing_s/old_log_prob:55.593818452907726 - timing_s/ref:54.497058575972915 - timing_s/adv:0.03949801600538194 - timing_s/update_actor:187.30225214012899 - timing_s/step:358.65735190408304 - timing_s/stop_profile:2.938997931778431e-05 - timing_per_token_ms/ref:0.019546194841237922 - timing_per_token_ms/gen:0.029160090543951026 - timing_per_token_ms/update_actor:0.06717878744647962 - timing_per_token_ms/adv:1.4166561221047453e-05 - perf/total_num_tokens:2788116 - perf/time_per_step:358.65735190408304 - perf/throughput:485.8599693408828
[36m(TaskRunner pid=245980)[0m step:99 - actor/entropy:0.30690035223960876 - perf/mfu/actor_infer:0 - actor/kl_loss:0.0314367916194144 - actor/kl_coef:0.009999999999999998 - actor/pg_clipfrac:0.0010429905379932352 - actor/ppo_kl:-3.0819701852782724e-05 - actor/pg_clipfrac_lower:0.0 - actor/pg_loss:0.0410099042621013 - actor/grad_norm:0.1063449505028307 - perf/mfu/actor:0.0 - perf/max_memory_allocated_gb:85.8501124382019 - perf/max_memory_reserved_gb:89.453125 - perf/cpu_memory_used_gb:330.3296356201172 - actor/lr:1e-06 - training/global_step:99 - training/epoch:24 - critic/score/mean:0.5712890625 - critic/score/max:0.8999999761581421 - critic/score/min:0.0 - critic/rewards/mean:0.5712890625 - critic/rewards/max:0.8999999761581421 - critic/rewards/min:0.0 - critic/advantages/mean:-0.040993183851242065 - critic/advantages/max:1.7888498306274414 - critic/advantages/min:-1.7888498306274414 - critic/returns/mean:-0.040993183851242065 - critic/returns/max:1.7888498306274414 - critic/returns/min:-1.7888498306274414 - response_length/mean:835.0328369140625 - response_length/max:2048.0 - response_length/min:72.0 - response_length/clip_ratio:0.12539061903953552 - response_length_non_aborted/mean:835.0328369140625 - response_length_non_aborted/max:2048.0 - response_length_non_aborted/min:72.0 - response_length_non_aborted/clip_ratio:0.12539061903953552 - response/aborted_ratio:0.0 - prompt_length/mean:277.015625 - prompt_length/max:842.0 - prompt_length/min:190.0 - prompt_length/clip_ratio:0.0 - num_turns/min:2 - num_turns/max:2 - num_turns/mean:2.0 - timing_s/start_profile:3.4800032153725624e-05 - timing_s/agent_loop/generate_sequences/min:5.2531970757991076 - timing_s/agent_loop/generate_sequences/max:46.994733799248934 - timing_s/agent_loop/generate_sequences/mean:23.663601668583123 - timing_s/agent_loop/tool_calls/min:0.0 - timing_s/agent_loop/tool_calls/max:0.0 - timing_s/agent_loop/tool_calls/mean:0.0 - timing_s/agent_loop/slowest/generate_sequences:46.994733799248934 - timing_s/agent_loop/slowest/tool_calls:0.0 - timing_s/agent_loop/slowest/prompt_length:213 - timing_s/agent_loop/slowest/response_length:2048 - timing_s/gen:62.35173077089712 - timing_s/reward:0.00011555803939700127 - timing_s/old_log_prob:57.10497160698287 - timing_s/ref:54.881850401870906 - timing_s/adv:0.0393471100833267 - timing_s/update_actor:188.99321645894088 - timing_s/step:363.64410680998117 - timing_s/stop_profile:3.067892976105213e-05 - timing_per_token_ms/ref:0.019278137615503663 - timing_per_token_ms/gen:0.02916788953413934 - timing_per_token_ms/update_actor:0.06638692406712166 - timing_per_token_ms/adv:1.3821308818933071e-05 - perf/total_num_tokens:2846844 - perf/time_per_step:363.64410680998117 - perf/throughput:489.2908936730672
[36m(TaskRunner pid=245980)[0m test_gen_batch meta info: {'eos_token_id': 151645, 'pad_token_id': 151643, 'recompute_log_prob': False, 'do_sample': False, 'validate': True, 'global_steps': 100}
[36m(TaskRunner pid=245980)[0m validation generation end
[36m(TaskRunner pid=245980)[0m local_global_step_folder: /mnt/cfs/danerli/workspace/test_benchmark/TestBenchmarkWithTrainingCard/recipe/exp/checkpoint/qwen3_vl_8b_megatron_mutil_node/global_step_100
[36m(WorkerDict pid=246541)[0m Qwen3VLTransformerConfig(tensor_model_parallel_size=2, pipeline_model_parallel_comm_backend=None, pipeline_model_parallel_size=2, virtual_pipeline_model_parallel_size=None, sequence_parallel=True, context_parallel_size=2, hierarchical_context_parallel_sizes=None, expert_model_parallel_size=1, expert_tensor_parallel_size=2, moe_extended_tp=False, perform_initialization=True, use_cpu_initialization=False, fp16=False, bf16=True, params_dtype=torch.bfloat16, timers=None, finalize_model_grads_func=<function finalize_model_grads at 0x7f05ca96e5c0>, grad_scale_func=<bound method MegatronOptimizer.scale_loss of <megatron.core.optimizer.optimizer.ChainedOptimizer object at 0x7f05443634a0>>, no_sync_func=None, grad_sync_func=None, param_sync_func=None, deterministic_mode=False, enable_autocast=False, autocast_dtype=torch.bfloat16, num_microbatches_with_partial_activation_checkpoints=None, gradient_accumulation_fusion=True, async_tensor_model_parallel_allreduce=True, use_te_rng_tracker=False, tp_comm_overlap=False, tp_comm_bulk_wgrad=True, tp_comm_bulk_dgrad=True, tp_comm_overlap_ag=True, tp_comm_overlap_rs=True, tp_comm_overlap_rs_dgrad=False, tp_comm_split_ag=True, tp_comm_atomic_ag=False, tp_comm_split_rs=True, tp_comm_atomic_rs=False, cross_entropy_loss_fusion=False, cross_entropy_fusion_impl='native', tp_comm_overlap_disable_qkv=False, tp_comm_overlap_disable_fc1=False, tp_comm_bootstrap_backend='nccl', overlap_moe_expert_parallel_comm=False, delay_wgrad_compute=False, pipeline_dtype=torch.bfloat16, variable_seq_lengths=True, overlap_p2p_comm=False, batch_p2p_comm=False, batch_p2p_sync=True, use_ring_exchange_p2p=False, deallocate_pipeline_outputs=True, defer_embedding_wgrad_compute=False, wgrad_deferral_limit=0, overlap_p2p_comm_warmup_flush=False, microbatch_group_size_per_vp_stage=2, cpu_offloading=False, cpu_offloading_num_layers=0, _cpu_offloading_context=None, cpu_offloading_activations=True, cpu_offloading_weights=True, barrier_with_L1_time=True, num_layers=36, mtp_num_layers=None, mtp_loss_scaling_factor=None, num_layers_in_first_pipeline_stage=None, num_layers_in_last_pipeline_stage=None, pipeline_model_parallel_layout=None, account_for_embedding_in_pipeline_split=True, account_for_loss_in_pipeline_split=True, hidden_size=4096, num_attention_heads=32, attention_backend=<AttnBackend.flash: 1>, softmax_scale=None, num_query_groups=8, ffn_hidden_size=12288, kv_channels=128, hidden_dropout=0.0, attention_dropout=0.0, fp32_residual_connection=False, apply_residual_connection_post_layernorm=False, layernorm_epsilon=1e-06, layernorm_zero_centered_gamma=False, add_bias_linear=False, add_qkv_bias=False, gated_linear_unit=True, activation_func=<function silu at 0x7f37d04f5800>, activation_func_fp8_input_store=False, num_moe_experts=None, rotary_interleaved=False, window_size=None, normalization='RMSNorm', qk_layernorm=True, test_mode=False, calculate_per_token_loss=False, multi_latent_attention=False, no_rope_freq=None, moe_deepep_num_sms=20, init_method=functools.partial(<function normal_ at 0x7f37d037a160>, mean=0.0, std=0.02), output_layer_init_method=functools.partial(<function normal_ at 0x7f37d037a160>, mean=0.0, std=0.0023570226039551587), init_method_std=0.02, embedding_init_method=functools.partial(<function normal_ at 0x7f37d037a160>, mean=0.0, std=0.02), embedding_init_method_std=0.02, init_model_with_meta_device=False, apply_query_key_layer_scaling=False, attention_softmax_in_fp32=True, disable_bf16_reduced_precision_matmul=False, bias_activation_fusion=True, masked_softmax_fusion=False, persist_layer_norm=True, memory_efficient_layer_norm=False, bias_dropout_fusion=True, apply_rope_fusion=False, use_fused_weighted_squared_relu=False, recompute_granularity='full', recompute_method='uniform', recompute_num_layers=1, distribute_saved_activations=False, recompute_modules=['core_attn'], fp8=None, fp8_recipe='delayed', fp8_param=False, fp8_margin=0, fp8_interval=1, fp8_amax_history_len=1, fp8_amax_compute_algo='most_recent', fp8_wgrad=True, fp8_dot_product_attention=False, fp8_multi_head_attention=False, tp_only_amax_red=False, first_last_layers_bf16=False, num_layers_at_start_in_bf16=1, num_layers_at_end_in_bf16=1, use_kitchen=False, moe_shared_expert_intermediate_size=None, moe_shared_expert_overlap=False, moe_layer_freq=1, moe_ffn_hidden_size=None, moe_router_load_balancing_type='aux_loss', moe_router_topk=2, moe_router_topk_limited_devices=None, moe_router_padding_for_fp8=False, moe_router_num_groups=None, moe_router_group_topk=None, moe_router_pre_softmax=False, moe_router_topk_scaling_factor=None, moe_router_score_function='softmax', moe_router_dtype='fp32', moe_router_enable_expert_bias=False, moe_router_bias_update_rate=0.001, moe_router_force_load_balancing=False, moe_grouped_gemm=False, moe_use_legacy_grouped_gemm=False, moe_aux_loss_coeff=0.0, moe_z_loss_coeff=None, moe_input_jitter_eps=None, moe_token_dropping=False, moe_token_dispatcher_type='flex', moe_enable_deepep=True, moe_per_layer_logging=False, moe_expert_capacity_factor=None, moe_pad_expert_input_to_capacity=False, moe_token_drop_policy='probs', moe_layer_recompute=False, moe_permute_fusion=True, moe_router_fusion=False, moe_apply_probs_on_input=False, cp_comm_type='p2p', enable_cuda_graph=False, cuda_graph_use_single_mempool=False, cuda_graph_retain_backward_graph=False, cuda_graph_warmup_steps=3, external_cuda_graph=False, cuda_graph_scope='full', clone_scatter_output_in_embedding=True, disable_parameter_transpose_cache=False, config_logger_dir='', flash_decode=False, inference_rng_tracker=False, symmetric_ar_type=None, mrope_section=[24, 20, 20], is_hybrid_model=False, mamba_state_dim=128, mamba_head_dim=64, mamba_num_groups=8, mamba_num_heads=None, use_mamba_mem_eff_path=True, mlp_chunks_for_prefill=1, heterogeneous_block_specs=False, hetereogenous_dist_checkpoint=False, quant_recipe=None, transformer_impl='transformer_engine', patch_size=16, temporal_patch_size=2, in_channels=3, spatial_merge_size=2, num_position_embeddings=2304, out_hidden_size=4096, apply_rotary_pos_emb_in_fp32=False, deepstack_visual_indexes=[8, 16, 24])[36m(WorkerDict pid=246541)[0m INFO:2026-01-03 13:34:11,992:[Rank 0] Saved Huggingface config and tokenizer to /mnt/cfs/danerli/workspace/test_benchmark/TestBenchmarkWithTrainingCard/recipe/exp/checkpoint/qwen3_vl_8b_megatron_mutil_node/global_step_100/actor/huggingface
[36m(TaskRunner pid=245980)[0m 
Training Progress:  83%|████████▎ | 100/120 [11:26:42<2:57:46, 533.32s/it]
[36m(WorkerDict pid=71422, ip=node2)[0m INFO:2026-01-03 13:34:10,541:[Rank 13] Saved bridge checkpoint to /mnt/cfs/danerli/workspace/test_benchmark/TestBenchmarkWithTrainingCard/recipe/exp/checkpoint/qwen3_vl_8b_megatron_mutil_node/global_step_100/actor/huggingface[32m [repeated 15x across cluster][0m
[36m(WorkerDict pid=246541)[0m INFO:2026-01-03 13:34:12,006:[Rank 0] Dist checkpointing save completed for /mnt/cfs/danerli/workspace/test_benchmark/TestBenchmarkWithTrainingCard/recipe/exp/checkpoint/qwen3_vl_8b_megatron_mutil_node/global_step_100/actor/dist_ckpt[32m [repeated 15x across cluster][0m
[36m(TaskRunner pid=245980)[0m 
Training Progress:  84%|████████▍ | 101/120 [11:32:53<2:33:25, 484.51s/it]

[36m(TaskRunner pid=245980)[0m step:100 - actor/entropy:0.31075742840766907 - perf/mfu/actor_infer:0 - actor/kl_loss:0.03041424808155201 - actor/kl_coef:0.009999999999999998 - actor/pg_clipfrac:0.0010245188710500822 - actor/ppo_kl:-3.749150941908493e-05 - actor/pg_clipfrac_lower:9.375592148234921e-07 - actor/pg_loss:0.040899412831084885 - actor/grad_norm:0.1047006522717443 - perf/mfu/actor:0.0 - perf/max_memory_allocated_gb:85.8501124382019 - perf/max_memory_reserved_gb:89.453125 - perf/cpu_memory_used_gb:330.06896018981934 - actor/lr:1e-06 - val-aux/hiyouga/geometry3k/reward/mean@1:0.5735440779843068 - val-core/hiyouga/geometry3k/acc/mean@1:0.5735440931780367 - val-aux/num_turns/min:2 - val-aux/num_turns/max:2 - val-aux/num_turns/mean:2.0 - training/global_step:100 - training/epoch:24 - critic/score/mean:0.6039843559265137 - critic/score/max:0.8999999761581421 - critic/score/min:0.0 - critic/rewards/mean:0.6039843559265137 - critic/rewards/max:0.8999999761581421 - critic/rewards/min:0.0 - critic/advantages/mean:-0.04076456278562546 - critic/advantages/max:1.7888498306274414 - critic/advantages/min:-1.7888498306274414 - critic/returns/mean:-0.04076456278562546 - critic/returns/max:1.7888498306274414 - critic/returns/min:-1.7888498306274414 - response_length/mean:846.541015625 - response_length/max:2048.0 - response_length/min:124.0 - response_length/clip_ratio:0.13124999403953552 - response_length_non_aborted/mean:846.541015625 - response_length_non_aborted/max:2048.0 - response_length_non_aborted/min:124.0 - response_length_non_aborted/clip_ratio:0.13124999403953552 - response/aborted_ratio:0.0 - prompt_length/mean:283.87109375 - prompt_length/max:842.0 - prompt_length/min:189.0 - prompt_length/clip_ratio:0.0 - num_turns/min:2 - num_turns/max:2 - num_turns/mean:2.0 - timing_s/start_profile:7.803784683346748e-05 - timing_s/agent_loop/generate_sequences/min:7.607452195137739 - timing_s/agent_loop/generate_sequences/max:46.88967778510414 - timing_s/agent_loop/generate_sequences/mean:24.4385366928228 - timing_s/agent_loop/tool_calls/min:0.0 - timing_s/agent_loop/tool_calls/max:0.0 - timing_s/agent_loop/tool_calls/mean:0.0 - timing_s/agent_loop/slowest/generate_sequences:46.88967778510414 - timing_s/agent_loop/slowest/tool_calls:0.0 - timing_s/agent_loop/slowest/prompt_length:195 - timing_s/agent_loop/slowest/response_length:2048 - timing_s/gen:62.56276743579656 - timing_s/reward:0.0001185080036520958 - timing_s/old_log_prob:59.07934333314188 - timing_s/ref:58.499786359025165 - timing_s/adv:0.03781009907834232 - timing_s/update_actor:197.52510570990853 - timing_s/step:377.98536496493034 - timing_s/testing:43.721509729046375 - timing_s/save_checkpoint:480.57799428491853 - timing_s/stop_profile:5.026906728744507e-05 - timing_per_token_ms/ref:0.020215175383364117 - timing_per_token_ms/gen:0.028868750100153225 - timing_per_token_ms/update_actor:0.06825673909366867 - timing_per_token_ms/adv:1.3065650863067541e-05 - perf/total_num_tokens:2893855 - perf/time_per_step:377.98536496493034 - perf/throughput:478.4998422274387
[36m(TaskRunner pid=245980)[0m step:101 - actor/entropy:0.30401837825775146 - perf/mfu/actor_infer:0 - actor/kl_loss:0.030905245113022187 - actor/kl_coef:0.009999999999999998 - actor/pg_clipfrac:0.0012996205053401782 - actor/ppo_kl:-2.6229395740863445e-06 - actor/pg_clipfrac_lower:5.025933633613235e-07 - actor/pg_loss:0.06205174506450181 - actor/grad_norm:0.12100022092741614 - perf/mfu/actor:0.0 - perf/max_memory_allocated_gb:85.8501124382019 - perf/max_memory_reserved_gb:89.453125 - perf/cpu_memory_used_gb:332.13389778137207 - actor/lr:1e-06 - training/global_step:101 - training/epoch:25 - critic/score/mean:0.6117186546325684 - critic/score/max:0.8999999761581421 - critic/score/min:0.0 - critic/rewards/mean:0.6117186546325684 - critic/rewards/max:0.8999999761581421 - critic/rewards/min:0.0 - critic/advantages/mean:-0.061890143901109695 - critic/advantages/max:1.7888498306274414 - critic/advantages/min:-1.7888498306274414 - critic/returns/mean:-0.061890143901109695 - critic/returns/max:1.7888498306274414 - critic/returns/min:-1.7888498306274414 - response_length/mean:808.4265747070312 - response_length/max:2048.0 - response_length/min:108.0 - response_length/clip_ratio:0.10312499850988388 - response_length_non_aborted/mean:808.4265747070312 - response_length_non_aborted/max:2048.0 - response_length_non_aborted/min:108.0 - response_length_non_aborted/clip_ratio:0.10312499850988388 - response/aborted_ratio:0.0 - prompt_length/mean:279.302734375 - prompt_length/max:669.0 - prompt_length/min:190.0 - prompt_length/clip_ratio:0.0 - num_turns/min:2 - num_turns/max:2 - num_turns/mean:2.0 - timing_s/start_profile:0.0001735570840537548 - timing_s/agent_loop/generate_sequences/min:5.933426021132618 - timing_s/agent_loop/generate_sequences/max:45.37597142998129 - timing_s/agent_loop/generate_sequences/mean:22.932859570236907 - timing_s/agent_loop/tool_calls/min:0.0 - timing_s/agent_loop/tool_calls/max:0.0 - timing_s/agent_loop/tool_calls/mean:0.0 - timing_s/agent_loop/slowest/generate_sequences:45.37597142998129 - timing_s/agent_loop/slowest/tool_calls:0.0 - timing_s/agent_loop/slowest/prompt_length:230 - timing_s/agent_loop/slowest/response_length:2048 - timing_s/gen:63.6909084119834 - timing_s/reward:0.00015575694851577282 - timing_s/old_log_prob:59.55931894504465 - timing_s/ref:55.25492159696296 - timing_s/adv:0.06097488687373698 - timing_s/update_actor:182.13184821396135 - timing_s/step:360.9873805819079 - timing_s/stop_profile:2.983887679874897e-05 - timing_per_token_ms/ref:0.019843129913686648 - timing_per_token_ms/gen:0.030774917911521513 - timing_per_token_ms/update_actor:0.0654071315473215 - timing_per_token_ms/adv:2.1897282029161588e-05 - perf/total_num_tokens:2784587 - perf/time_per_step:360.9873805819079 - perf/throughput:482.1129404010042
[36m(TaskRunner pid=245980)[0m step:102 - actor/entropy:0.31391677260398865 - perf/mfu/actor_infer:0 - actor/kl_loss:0.029490477556299247 - actor/kl_coef:0.009999999999999998 - actor/pg_clipfrac:0.001135723585610487 - actor/ppo_kl:-2.715556527571101e-05 - actor/pg_clipfrac_lower:0.0 - actor/pg_loss:0.04302920123750069 - actor/grad_norm:0.12096445157751107 - perf/mfu/actor:0.0 - perf/max_memory_allocated_gb:85.8501124382019 - perf/max_memory_reserved_gb:89.453125 - perf/cpu_memory_used_gb:333.09340476989746 - actor/lr:1e-06 - training/global_step:102 - training/epoch:25 - critic/score/mean:0.5955468416213989 - critic/score/max:0.8999999761581421 - critic/score/min:0.0 - critic/rewards/mean:0.5955468416213989 - critic/rewards/max:0.8999999761581421 - critic/rewards/min:0.0 - critic/advantages/mean:-0.04297195374965668 - critic/advantages/max:1.7888498306274414 - critic/advantages/min:-1.7888498306274414 - critic/returns/mean:-0.04297195374965668 - critic/returns/max:1.7888498306274414 - critic/returns/min:-1.7888498306274414 - response_length/mean:840.88671875 - response_length/max:2048.0 - response_length/min:108.0 - response_length/clip_ratio:0.12265624850988388 - response_length_non_aborted/mean:840.88671875 - response_length_non_aborted/max:2048.0 - response_length_non_aborted/min:108.0 - response_length_non_aborted/clip_ratio:0.12265624850988388 - response/aborted_ratio:0.0 - prompt_length/mean:275.361328125 - prompt_length/max:663.0 - prompt_length/min:189.0 - prompt_length/clip_ratio:0.0 - num_turns/min:2 - num_turns/max:2 - num_turns/mean:2.0 - timing_s/start_profile:7.845810614526272e-05 - timing_s/agent_loop/generate_sequences/min:6.753001600969583 - timing_s/agent_loop/generate_sequences/max:48.602432147134095 - timing_s/agent_loop/generate_sequences/mean:23.924664025766653 - timing_s/agent_loop/tool_calls/min:0.0 - timing_s/agent_loop/tool_calls/max:0.0 - timing_s/agent_loop/tool_calls/mean:0.0 - timing_s/agent_loop/slowest/generate_sequences:48.602432147134095 - timing_s/agent_loop/slowest/tool_calls:0.0 - timing_s/agent_loop/slowest/prompt_length:395 - timing_s/agent_loop/slowest/response_length:2048 - timing_s/gen:64.19519734708592 - timing_s/reward:0.00012349803000688553 - timing_s/old_log_prob:57.08447457314469 - timing_s/ref:56.61981939012185 - timing_s/adv:0.05742692411877215 - timing_s/update_actor:188.4933972908184 - timing_s/step:366.7331223480869 - timing_s/stop_profile:3.1060073524713516e-05 - timing_per_token_ms/ref:0.01981380125249444 - timing_per_token_ms/gen:0.029821197557956362 - timing_per_token_ms/update_actor:0.06596225052564075 - timing_per_token_ms/adv:2.0096243211082098e-05 - perf/total_num_tokens:2857595 - perf/time_per_step:366.7331223480869 - perf/throughput:487.0017912657506[36m(TaskRunner pid=245980)[0m 
Training Progress:  85%|████████▌ | 102/120 [11:39:00<2:14:47, 449.31s/it]
[36m(TaskRunner pid=245980)[0m 
Training Progress:  86%|████████▌ | 103/120 [11:45:18<2:01:14, 427.93s/it]
[36m(TaskRunner pid=245980)[0m 
Training Progress:  87%|████████▋ | 104/120 [11:51:45<1:50:52, 415.77s/it]

[36m(TaskRunner pid=245980)[0m step:103 - actor/entropy:0.31501641869544983 - perf/mfu/actor_infer:0 - actor/kl_loss:0.028291516136796622 - actor/kl_coef:0.009999999999999998 - actor/pg_clipfrac:0.0011055475033674483 - actor/ppo_kl:6.288275191663201e-06 - actor/pg_clipfrac_lower:0.0 - actor/pg_loss:0.04869160422691657 - actor/grad_norm:0.16299315793517835 - perf/mfu/actor:0.0 - perf/max_memory_allocated_gb:85.8501124382019 - perf/max_memory_reserved_gb:89.80859375 - perf/cpu_memory_used_gb:328.5415344238281 - actor/lr:1e-06 - training/global_step:103 - training/epoch:25 - critic/score/mean:0.59765625 - critic/score/max:0.8999999761581421 - critic/score/min:0.0 - critic/rewards/mean:0.59765625 - critic/rewards/max:0.8999999761581421 - critic/rewards/min:0.0 - critic/advantages/mean:-0.04807894676923752 - critic/advantages/max:1.7888498306274414 - critic/advantages/min:-1.7888498306274414 - critic/returns/mean:-0.04807894676923752 - critic/returns/max:1.7888498306274414 - critic/returns/min:-1.7888498306274414 - response_length/mean:845.7789306640625 - response_length/max:2048.0 - response_length/min:120.0 - response_length/clip_ratio:0.12656250596046448 - response_length_non_aborted/mean:845.7789306640625 - response_length_non_aborted/max:2048.0 - response_length_non_aborted/min:120.0 - response_length_non_aborted/clip_ratio:0.12656250596046448 - response/aborted_ratio:0.0 - prompt_length/mean:285.99609375 - prompt_length/max:842.0 - prompt_length/min:189.0 - prompt_length/clip_ratio:0.0 - num_turns/min:2 - num_turns/max:2 - num_turns/mean:2.0 - timing_s/start_profile:8.863909170031548e-05 - timing_s/agent_loop/generate_sequences/min:7.542411271948367 - timing_s/agent_loop/generate_sequences/max:45.82447064295411 - timing_s/agent_loop/generate_sequences/mean:24.220583519505816 - timing_s/agent_loop/tool_calls/min:0.0 - timing_s/agent_loop/tool_calls/max:0.0 - timing_s/agent_loop/tool_calls/mean:0.0 - timing_s/agent_loop/slowest/generate_sequences:45.82447064295411 - timing_s/agent_loop/slowest/tool_calls:0.0 - timing_s/agent_loop/slowest/prompt_length:216 - timing_s/agent_loop/slowest/response_length:2048 - timing_s/gen:62.219359940849245 - timing_s/reward:0.00012141698971390724 - timing_s/old_log_prob:62.86266265204176 - timing_s/ref:59.475558571051806 - timing_s/adv:0.039350280072540045 - timing_s/update_actor:192.23307181801647 - timing_s/step:377.10721743502654 - timing_s/stop_profile:2.987007610499859e-05 - timing_per_token_ms/ref:0.02052761376317476 - timing_per_token_ms/gen:0.028736159411511968 - timing_per_token_ms/update_actor:0.06634803178981041 - timing_per_token_ms/adv:1.3581500875470791e-05 - perf/total_num_tokens:2897344 - perf/time_per_step:377.10721743502654 - perf/throughput:480.19234750180766
[36m(TaskRunner pid=245980)[0m step:104 - actor/entropy:0.32024362683296204 - perf/mfu/actor_infer:0 - actor/kl_loss:0.02784730414659666 - actor/kl_coef:0.009999999999999998 - actor/pg_clipfrac:0.0009839648261722002 - actor/ppo_kl:3.956703526039756e-05 - actor/pg_clipfrac_lower:8.972732053558913e-07 - actor/pg_loss:0.04560099385981698 - actor/grad_norm:0.1026643758812823 - perf/mfu/actor:0.0 - perf/max_memory_allocated_gb:85.8501124382019 - perf/max_memory_reserved_gb:89.80859375 - perf/cpu_memory_used_gb:327.7462501525879 - actor/lr:1e-06 - training/global_step:104 - training/epoch:25 - critic/score/mean:0.5744531750679016 - critic/score/max:0.8999999761581421 - critic/score/min:0.0 - critic/rewards/mean:0.5744531750679016 - critic/rewards/max:0.8999999761581421 - critic/rewards/min:0.0 - critic/advantages/mean:-0.04578694328665733 - critic/advantages/max:1.7888498306274414 - critic/advantages/min:-1.7888498306274414 - critic/returns/mean:-0.04578694328665733 - critic/returns/max:1.7888498306274414 - critic/returns/min:-1.7888498306274414 - response_length/mean:901.9754028320312 - response_length/max:2048.0 - response_length/min:120.0 - response_length/clip_ratio:0.13632813096046448 - response_length_non_aborted/mean:901.9754028320312 - response_length_non_aborted/max:2048.0 - response_length_non_aborted/min:120.0 - response_length_non_aborted/clip_ratio:0.13632813096046448 - response/aborted_ratio:0.0 - prompt_length/mean:282.326171875 - prompt_length/max:842.0 - prompt_length/min:190.0 - prompt_length/clip_ratio:0.0 - num_turns/min:2 - num_turns/max:2 - num_turns/mean:2.0 - timing_s/start_profile:7.612793706357479e-05 - timing_s/agent_loop/generate_sequences/min:6.911540241912007 - timing_s/agent_loop/generate_sequences/max:50.22474730294198 - timing_s/agent_loop/generate_sequences/mean:26.21674758128602 - timing_s/agent_loop/tool_calls/min:0.0 - timing_s/agent_loop/tool_calls/max:0.0 - timing_s/agent_loop/tool_calls/mean:0.0 - timing_s/agent_loop/slowest/generate_sequences:50.22474730294198 - timing_s/agent_loop/slowest/tool_calls:0.0 - timing_s/agent_loop/slowest/prompt_length:233 - timing_s/agent_loop/slowest/response_length:2048 - timing_s/gen:66.07278296118602 - timing_s/reward:0.00011997786350548267 - timing_s/old_log_prob:60.621121051954105 - timing_s/ref:59.35789293400012 - timing_s/adv:0.06682788603939116 - timing_s/update_actor:200.38808318809606 - timing_s/step:386.78486271598376 - timing_s/stop_profile:2.993992529809475e-05 - timing_per_token_ms/ref:0.019578355430349942 - timing_per_token_ms/gen:0.028614617552180834 - timing_per_token_ms/update_actor:0.06609515470883288 - timing_per_token_ms/adv:2.2042226246017614e-05 - perf/total_num_tokens:3031812 - perf/time_per_step:386.78486271598376 - perf/throughput:489.9060647550245
[36m(TaskRunner pid=245980)[0m test_gen_batch meta info: {'eos_token_id': 151645, 'pad_token_id': 151643, 'recompute_log_prob': False, 'do_sample': False, 'validate': True, 'global_steps': 105}
[36m(TaskRunner pid=245980)[0m validation generation end
[36m(TaskRunner pid=245980)[0m step:105 - actor/entropy:0.3159535825252533 - perf/mfu/actor_infer:0 - actor/kl_loss:0.028595451519570568 - actor/kl_coef:0.009999999999999998 - actor/pg_clipfrac:0.0011109899063409432 - actor/ppo_kl:2.1215482357723143e-05 - actor/pg_clipfrac_lower:4.674854442948179e-07 - actor/pg_loss:0.04985146270304209 - actor/grad_norm:0.10798829599912736 - perf/mfu/actor:0.0 - perf/max_memory_allocated_gb:85.8501124382019 - perf/max_memory_reserved_gb:89.92578125 - perf/cpu_memory_used_gb:328.22752571105957 - actor/lr:1e-06 - val-aux/hiyouga/geometry3k/reward/mean@1:0.5840266068247512 - val-core/hiyouga/geometry3k/acc/mean@1:0.5840266222961731 - val-aux/num_turns/min:2 - val-aux/num_turns/max:2 - val-aux/num_turns/mean:2.0 - training/global_step:105 - training/epoch:26 - critic/score/mean:0.6138281226158142 - critic/score/max:0.8999999761581421 - critic/score/min:0.0 - critic/rewards/mean:0.6138281226158142 - critic/rewards/max:0.8999999761581421 - critic/rewards/min:0.0 - critic/advantages/mean:-0.04950391873717308 - critic/advantages/max:1.7888498306274414 - critic/advantages/min:-1.7888498306274414 - critic/returns/mean:-0.04950391873717308 - critic/returns/max:1.7888498306274414 - critic/returns/min:-1.7888498306274414 - response_length/mean:843.2195434570312 - response_length/max:2048.0 - response_length/min:121.0 - response_length/clip_ratio:0.12265624850988388 - response_length_non_aborted/mean:843.2195434570312 - response_length_non_aborted/max:2048.0 - response_length_non_aborted/min:121.0 - response_length_non_aborted/clip_ratio:0.12265624850988388 - response/aborted_ratio:0.0 - prompt_length/mean:280.00390625 - prompt_length/max:842.0 - prompt_length/min:191.0 - prompt_length/clip_ratio:0.0 - num_turns/min:2 - num_turns/max:2 - num_turns/mean:2.0 - timing_s/start_profile:0.00020188582129776478 - timing_s/agent_loop/generate_sequences/min:7.184822836890817 - timing_s/agent_loop/generate_sequences/max:47.26145470584743 - timing_s/agent_loop/generate_sequences/mean:24.052046074923965 - timing_s/agent_loop/tool_calls/min:0.0 - timing_s/agent_loop/tool_calls/max:0.0 - timing_s/agent_loop/tool_calls/mean:0.0 - timing_s/agent_loop/slowest/generate_sequences:47.26145470584743 - timing_s/agent_loop/slowest/tool_calls:0.0 - timing_s/agent_loop/slowest/prompt_length:259 - timing_s/agent_loop/slowest/response_length:2048 - timing_s/gen:65.95521003101021 - timing_s/reward:0.00014526699669659138 - timing_s/old_log_prob:60.15277010388672 - timing_s/ref:57.7045711458195 - timing_s/adv:0.05656579113565385 - timing_s/update_actor:188.69135298300534 - timing_s/step:372.8471596778836 - timing_s/testing:44.23017742088996 - timing_s/stop_profile:3.6349985748529434e-05 - timing_per_token_ms/ref:0.020068000142523506 - timing_per_token_ms/gen:0.03055402888992719 - timing_per_token_ms/update_actor:0.06562145811615194 - timing_per_token_ms/adv:1.967196501129348e-05 - perf/total_num_tokens:2875452 - perf/time_per_step:372.8471596778836 - perf/throughput:482.009170071895[36m(TaskRunner pid=245980)[0m 
Training Progress:  88%|████████▊ | 105/120 [11:58:52<1:44:47, 419.13s/it]
[36m(TaskRunner pid=245980)[0m 
Training Progress:  88%|████████▊ | 106/120 [12:05:17<1:35:22, 408.73s/it]
[36m(TaskRunner pid=245980)[0m 
Training Progress:  89%|████████▉ | 107/120 [12:11:39<1:26:51, 400.88s/it]

[36m(TaskRunner pid=245980)[0m step:106 - actor/entropy:0.32877758145332336 - perf/mfu/actor_infer:0 - actor/kl_loss:0.027692279105514778 - actor/kl_coef:0.009999999999999998 - actor/pg_clipfrac:0.0011165212314693605 - actor/ppo_kl:1.5862589078766417e-05 - actor/pg_clipfrac_lower:4.540163170351841e-07 - actor/pg_loss:0.06161677659326745 - actor/grad_norm:0.1194655579532456 - perf/mfu/actor:0.0 - perf/max_memory_allocated_gb:85.87651681900024 - perf/max_memory_reserved_gb:89.92578125 - perf/cpu_memory_used_gb:328.46314811706543 - actor/lr:1e-06 - training/global_step:106 - training/epoch:26 - critic/score/mean:0.5930858850479126 - critic/score/max:0.8999999761581421 - critic/score/min:0.0 - critic/rewards/mean:0.5930858850479126 - critic/rewards/max:0.8999999761581421 - critic/rewards/min:0.0 - critic/advantages/mean:-0.06211312860250473 - critic/advantages/max:1.7888498306274414 - critic/advantages/min:-1.7888498306274414 - critic/returns/mean:-0.06211312860250473 - critic/returns/max:1.7888498306274414 - critic/returns/min:-1.7888498306274414 - response_length/mean:875.6480712890625 - response_length/max:2048.0 - response_length/min:139.0 - response_length/clip_ratio:0.13007812201976776 - response_length_non_aborted/mean:875.6480712890625 - response_length_non_aborted/max:2048.0 - response_length_non_aborted/min:139.0 - response_length_non_aborted/clip_ratio:0.13007812201976776 - response/aborted_ratio:0.0 - prompt_length/mean:280.609375 - prompt_length/max:663.0 - prompt_length/min:189.0 - prompt_length/clip_ratio:0.0 - num_turns/min:2 - num_turns/max:2 - num_turns/mean:2.0 - timing_s/start_profile:0.00010102801024913788 - timing_s/agent_loop/generate_sequences/min:7.464547908864915 - timing_s/agent_loop/generate_sequences/max:47.738923750119284 - timing_s/agent_loop/generate_sequences/mean:25.37586825284543 - timing_s/agent_loop/tool_calls/min:0.0 - timing_s/agent_loop/tool_calls/max:0.0 - timing_s/agent_loop/tool_calls/mean:0.0 - timing_s/agent_loop/slowest/generate_sequences:47.738923750119284 - timing_s/agent_loop/slowest/tool_calls:0.0 - timing_s/agent_loop/slowest/prompt_length:221 - timing_s/agent_loop/slowest/response_length:2048 - timing_s/gen:64.92013387009501 - timing_s/reward:0.00011142808943986893 - timing_s/old_log_prob:61.075196164892986 - timing_s/ref:57.676717933034524 - timing_s/adv:0.039959887973964214 - timing_s/update_actor:199.2311104570981 - timing_s/step:383.21386812697165 - timing_s/stop_profile:2.8688926249742508e-05 - timing_per_token_ms/ref:0.01948525260582264 - timing_per_token_ms/gen:0.028960753562470926 - timing_per_token_ms/update_actor:0.0673073755462712 - timing_per_token_ms/adv:1.3499875498760046e-05 - perf/total_num_tokens:2960019 - perf/time_per_step:383.21386812697165 - perf/throughput:482.76224554248876
[36m(TaskRunner pid=245980)[0m step:107 - actor/entropy:0.32831788063049316 - perf/mfu/actor_infer:0 - actor/kl_loss:0.02899133262431456 - actor/kl_coef:0.009999999999999998 - actor/pg_clipfrac:0.0011039627419247861 - actor/ppo_kl:-9.819906474935655e-06 - actor/pg_clipfrac_lower:8.68096968689416e-07 - actor/pg_loss:0.051977460223457055 - actor/grad_norm:0.11273782004884264 - perf/mfu/actor:0.0 - perf/max_memory_allocated_gb:85.87651681900024 - perf/max_memory_reserved_gb:89.92578125 - perf/cpu_memory_used_gb:328.12728691101074 - actor/lr:1e-06 - training/global_step:107 - training/epoch:26 - critic/score/mean:0.6001171469688416 - critic/score/max:0.8999999761581421 - critic/score/min:0.0 - critic/rewards/mean:0.6001171469688416 - critic/rewards/max:0.8999999761581421 - critic/rewards/min:0.0 - critic/advantages/mean:-0.05244365707039833 - critic/advantages/max:1.7888498306274414 - critic/advantages/min:-1.7888498306274414 - critic/returns/mean:-0.05244365707039833 - critic/returns/max:1.7888498306274414 - critic/returns/min:-1.7888498306274414 - response_length/mean:860.1121215820312 - response_length/max:2048.0 - response_length/min:141.0 - response_length/clip_ratio:0.12343750149011612 - response_length_non_aborted/mean:860.1121215820312 - response_length_non_aborted/max:2048.0 - response_length_non_aborted/min:141.0 - response_length_non_aborted/clip_ratio:0.12343750149011612 - response/aborted_ratio:0.0 - prompt_length/mean:279.822265625 - prompt_length/max:842.0 - prompt_length/min:189.0 - prompt_length/clip_ratio:0.0 - num_turns/min:2 - num_turns/max:2 - num_turns/mean:2.0 - timing_s/start_profile:3.202003426849842e-05 - timing_s/agent_loop/generate_sequences/min:7.966338736005127 - timing_s/agent_loop/generate_sequences/max:47.98780646198429 - timing_s/agent_loop/generate_sequences/mean:24.771801583563775 - timing_s/agent_loop/tool_calls/min:0.0 - timing_s/agent_loop/tool_calls/max:0.0 - timing_s/agent_loop/tool_calls/mean:0.0 - timing_s/agent_loop/slowest/generate_sequences:47.98780646198429 - timing_s/agent_loop/slowest/tool_calls:0.0 - timing_s/agent_loop/slowest/prompt_length:214 - timing_s/agent_loop/slowest/response_length:2048 - timing_s/gen:64.06028295517899 - timing_s/reward:0.00010605808347463608 - timing_s/old_log_prob:57.85507262009196 - timing_s/ref:57.68293367489241 - timing_s/adv:0.05488604283891618 - timing_s/update_actor:202.39839273993857 - timing_s/step:382.33579572988674 - timing_s/stop_profile:3.050919622182846e-05 - timing_per_token_ms/ref:0.019766397488236855 - timing_per_token_ms/gen:0.029093356269045138 - timing_per_token_ms/update_actor:0.06935651200450772 - timing_per_token_ms/adv:1.880797785745485e-05 - perf/total_num_tokens:2918232 - perf/time_per_step:382.33579572988674 - perf/throughput:477.04008370917705
[36m(TaskRunner pid=245980)[0m step:108 - actor/entropy:0.3253208100795746 - perf/mfu/actor_infer:0 - actor/kl_loss:0.02786208634109547 - actor/kl_coef:0.009999999999999998 - actor/pg_clipfrac:0.0009595452676876449 - actor/ppo_kl:-2.2356928955010365e-05 - actor/pg_clipfrac_lower:1.3189518035182522e-06 - actor/pg_loss:0.04381560593287254 - actor/grad_norm:0.10450042088877855 - perf/mfu/actor:0.0 - perf/max_memory_allocated_gb:85.87651681900024 - perf/max_memory_reserved_gb:89.92578125 - perf/cpu_memory_used_gb:328.5861129760742 - actor/lr:1e-06 - training/global_step:108 - training/epoch:26 - critic/score/mean:0.5899218320846558 - critic/score/max:0.8999999761581421 - critic/score/min:0.0 - critic/rewards/mean:0.5899218320846558 - critic/rewards/max:0.8999999761581421 - critic/rewards/min:0.0 - critic/advantages/mean:-0.04436807334423065 - critic/advantages/max:1.7888498306274414 - critic/advantages/min:-1.7888498306274414 - critic/returns/mean:-0.04436807334423065 - critic/returns/max:1.7888498306274414 - critic/returns/min:-1.7888498306274414 - response_length/mean:859.185546875 - response_length/max:2048.0 - response_length/min:112.0 - response_length/clip_ratio:0.12148437649011612 - response_length_non_aborted/mean:859.185546875 - response_length_non_aborted/max:2048.0 - response_length_non_aborted/min:112.0 - response_length_non_aborted/clip_ratio:0.12148437649011612 - response/aborted_ratio:0.0 - prompt_length/mean:281.734375 - prompt_length/max:842.0 - prompt_length/min:190.0 - prompt_length/clip_ratio:0.0 - num_turns/min:2 - num_turns/max:2 - num_turns/mean:2.0 - timing_s/start_profile:6.73290342092514e-05 - timing_s/agent_loop/generate_sequences/min:5.73407558305189 - timing_s/agent_loop/generate_sequences/max:47.282198797911406 - timing_s/agent_loop/generate_sequences/mean:24.511545936335096 - timing_s/agent_loop/tool_calls/min:0.0 - timing_s/agent_loop/tool_calls/max:0.0 - timing_s/agent_loop/tool_calls/mean:0.0 - timing_s/agent_loop/slowest/generate_sequences:47.282198797911406 - timing_s/agent_loop/slowest/tool_calls:0.0 - timing_s/agent_loop/slowest/prompt_length:364 - timing_s/agent_loop/slowest/response_length:2048 - timing_s/gen:63.47980608907528 - timing_s/reward:0.00010019820183515549 - timing_s/old_log_prob:57.56710097915493 - timing_s/ref:57.08309553703293 - timing_s/adv:0.04760021110996604 - timing_s/update_actor:200.81145932292566 - timing_s/step:379.26440444705077 - timing_s/stop_profile:3.0679162591695786e-05 - timing_per_token_ms/ref:0.01954395200454435 - timing_per_token_ms/gen:0.028860819812129165 - timing_per_token_ms/update_actor:0.06875327075462531 - timing_per_token_ms/adv:1.6297228322802166e-05 - perf/total_num_tokens:2920755 - perf/time_per_step:379.26440444705077 - perf/throughput:481.31906226777335[36m(TaskRunner pid=245980)[0m 
Training Progress:  90%|█████████ | 108/120 [12:17:59<1:18:55, 394.62s/it]
[36m(TaskRunner pid=245980)[0m 
Training Progress:  91%|█████████ | 109/120 [12:24:39<1:12:36, 396.07s/it]
[36m(TaskRunner pid=245980)[0m 
Training Progress:  92%|█████████▏| 110/120 [12:31:52<1:07:51, 407.10s/it]

[36m(TaskRunner pid=245980)[0m step:109 - actor/entropy:0.32093900442123413 - perf/mfu/actor_infer:0 - actor/kl_loss:0.0271871211214198 - actor/kl_coef:0.009999999999999998 - actor/pg_clipfrac:0.0010034133654698962 - actor/ppo_kl:1.088242514571094e-06 - actor/pg_clipfrac_lower:4.3959136948817306e-07 - actor/pg_loss:0.0565049920457467 - actor/grad_norm:0.10575196685778696 - perf/mfu/actor:0.0 - perf/max_memory_allocated_gb:85.98734998703003 - perf/max_memory_reserved_gb:90.04296875 - perf/cpu_memory_used_gb:328.90896224975586 - actor/lr:1e-06 - training/global_step:109 - training/epoch:27 - critic/score/mean:0.6085547208786011 - critic/score/max:0.8999999761581421 - critic/score/min:0.0 - critic/rewards/mean:0.6085547208786011 - critic/rewards/max:0.8999999761581421 - critic/rewards/min:0.0 - critic/advantages/mean:-0.05671520158648491 - critic/advantages/max:1.7888498306274414 - critic/advantages/min:-1.7888498306274414 - critic/returns/mean:-0.05671520158648491 - critic/returns/max:1.7888498306274414 - critic/returns/min:-1.7888498306274414 - response_length/mean:875.3488159179688 - response_length/max:2048.0 - response_length/min:118.0 - response_length/clip_ratio:0.13320311903953552 - response_length_non_aborted/mean:875.3488159179688 - response_length_non_aborted/max:2048.0 - response_length_non_aborted/min:118.0 - response_length_non_aborted/clip_ratio:0.13320311903953552 - response/aborted_ratio:0.0 - prompt_length/mean:276.146484375 - prompt_length/max:842.0 - prompt_length/min:190.0 - prompt_length/clip_ratio:0.0 - num_turns/min:2 - num_turns/max:2 - num_turns/mean:2.0 - timing_s/start_profile:0.0001733158715069294 - timing_s/agent_loop/generate_sequences/min:7.073677459964529 - timing_s/agent_loop/generate_sequences/max:49.96890880097635 - timing_s/agent_loop/generate_sequences/mean:25.096059984755264 - timing_s/agent_loop/tool_calls/min:0.0 - timing_s/agent_loop/tool_calls/max:0.0 - timing_s/agent_loop/tool_calls/mean:0.0 - timing_s/agent_loop/slowest/generate_sequences:49.96890880097635 - timing_s/agent_loop/slowest/tool_calls:0.0 - timing_s/agent_loop/slowest/prompt_length:597 - timing_s/agent_loop/slowest/response_length:2048 - timing_s/gen:68.50788973714225 - timing_s/reward:0.00015609711408615112 - timing_s/old_log_prob:62.21219021989964 - timing_s/ref:58.614084819098935 - timing_s/adv:0.04664093907922506 - timing_s/update_actor:200.3106948789209 - timing_s/step:389.98384043504484 - timing_s/stop_profile:3.0090101063251495e-05 - timing_per_token_ms/ref:0.01988382117922041 - timing_per_token_ms/gen:0.030571691614522535 - timing_per_token_ms/update_actor:0.06795196153877395 - timing_per_token_ms/adv:1.5822137207199695e-05 - perf/total_num_tokens:2947828 - perf/time_per_step:389.98384043504484 - perf/throughput:472.42790828069354
[36m(TaskRunner pid=245980)[0m test_gen_batch meta info: {'eos_token_id': 151645, 'pad_token_id': 151643, 'recompute_log_prob': False, 'do_sample': False, 'validate': True, 'global_steps': 110}
[36m(TaskRunner pid=245980)[0m validation generation end
[36m(TaskRunner pid=245980)[0m step:110 - actor/entropy:0.31982648372650146 - perf/mfu/actor_infer:0 - actor/kl_loss:0.027807186725031997 - actor/kl_coef:0.009999999999999998 - actor/pg_clipfrac:0.0009452418931080804 - actor/ppo_kl:-3.1275162994385636e-05 - actor/pg_clipfrac_lower:0.0 - actor/pg_loss:0.052234055119899696 - actor/grad_norm:0.10723572419593247 - perf/mfu/actor:0.0 - perf/max_memory_allocated_gb:85.99258947372437 - perf/max_memory_reserved_gb:90.04296875 - perf/cpu_memory_used_gb:339.40743827819824 - actor/lr:1e-06 - val-aux/hiyouga/geometry3k/reward/mean@1:0.5570715326636088 - val-core/hiyouga/geometry3k/acc/mean@1:0.5570715474209651 - val-aux/num_turns/min:2 - val-aux/num_turns/max:2 - val-aux/num_turns/mean:2.0 - training/global_step:110 - training/epoch:27 - critic/score/mean:0.6096093058586121 - critic/score/max:0.8999999761581421 - critic/score/min:0.0 - critic/rewards/mean:0.6096093058586121 - critic/rewards/max:0.8999999761581421 - critic/rewards/min:0.0 - critic/advantages/mean:-0.05182049423456192 - critic/advantages/max:1.7888498306274414 - critic/advantages/min:-1.7888498306274414 - critic/returns/mean:-0.05182049423456192 - critic/returns/max:1.7888498306274414 - critic/returns/min:-1.7888498306274414 - response_length/mean:866.7437744140625 - response_length/max:2048.0 - response_length/min:147.0 - response_length/clip_ratio:0.11835937201976776 - response_length_non_aborted/mean:866.7437744140625 - response_length_non_aborted/max:2048.0 - response_length_non_aborted/min:147.0 - response_length_non_aborted/clip_ratio:0.11835937201976776 - response/aborted_ratio:0.0 - prompt_length/mean:278.208984375 - prompt_length/max:600.0 - prompt_length/min:189.0 - prompt_length/clip_ratio:0.0 - num_turns/min:2 - num_turns/max:2 - num_turns/mean:2.0 - timing_s/start_profile:8.655805140733719e-05 - timing_s/agent_loop/generate_sequences/min:7.626979077234864 - timing_s/agent_loop/generate_sequences/max:47.77942120702937 - timing_s/agent_loop/generate_sequences/mean:25.24359500498631 - timing_s/agent_loop/tool_calls/min:0.0 - timing_s/agent_loop/tool_calls/max:0.0 - timing_s/agent_loop/tool_calls/mean:0.0 - timing_s/agent_loop/slowest/generate_sequences:47.77942120702937 - timing_s/agent_loop/slowest/tool_calls:0.0 - timing_s/agent_loop/slowest/prompt_length:507 - timing_s/agent_loop/slowest/response_length:2048 - timing_s/gen:64.37570145889185 - timing_s/reward:0.00011900789104402065 - timing_s/old_log_prob:60.33547372603789 - timing_s/ref:58.43793519004248 - timing_s/adv:0.038136362098157406 - timing_s/update_actor:203.5007458499167 - timing_s/step:386.9674186538905 - timing_s/testing:45.319576112087816 - timing_s/stop_profile:3.871903754770756e-05 - timing_per_token_ms/ref:0.019937345663505652 - timing_per_token_ms/gen:0.029012909966042017 - timing_per_token_ms/update_actor:0.06942861173305691 - timing_per_token_ms/adv:1.3011031807111786e-05 - perf/total_num_tokens:2931079 - perf/time_per_step:386.9674186538905 - perf/throughput:473.405327345789
[36m(TaskRunner pid=245980)[0m step:111 - actor/entropy:0.32720598578453064 - perf/mfu/actor_infer:0 - actor/kl_loss:0.02918298046828972 - actor/kl_coef:0.009999999999999998 - actor/pg_clipfrac:0.001123000413281261 - actor/ppo_kl:7.048975237766955e-05 - actor/pg_clipfrac_lower:8.993333419008801e-07 - actor/pg_loss:0.04678988654696797 - actor/grad_norm:0.10982651542545105 - perf/mfu/actor:0.0 - perf/max_memory_allocated_gb:85.99258947372437 - perf/max_memory_reserved_gb:90.04296875 - perf/cpu_memory_used_gb:324.80390548706055 - actor/lr:1e-06 - training/global_step:111 - training/epoch:27 - critic/score/mean:0.5881639719009399 - critic/score/max:0.8999999761581421 - critic/score/min:0.0 - critic/rewards/mean:0.5881639719009399 - critic/rewards/max:0.8999999761581421 - critic/rewards/min:0.0 - critic/advantages/mean:-0.04688417539000511 - critic/advantages/max:1.7888498306274414 - critic/advantages/min:-1.7888498306274414 - critic/returns/mean:-0.04688417539000511 - critic/returns/max:1.7888498306274414 - critic/returns/min:-1.7888498306274414 - response_length/mean:859.8640747070312 - response_length/max:2048.0 - response_length/min:99.0 - response_length/clip_ratio:0.125 - response_length_non_aborted/mean:859.8640747070312 - response_length_non_aborted/max:2048.0 - response_length_non_aborted/min:99.0 - response_length_non_aborted/clip_ratio:0.125 - response/aborted_ratio:0.0 - prompt_length/mean:282.087890625 - prompt_length/max:842.0 - prompt_length/min:190.0 - prompt_length/clip_ratio:0.0 - num_turns/min:2 - num_turns/max:2 - num_turns/mean:2.0 - timing_s/start_profile:9.322795085608959e-05 - timing_s/agent_loop/generate_sequences/min:5.828231241554022 - timing_s/agent_loop/generate_sequences/max:47.970069385832176 - timing_s/agent_loop/generate_sequences/mean:24.59573619229077 - timing_s/agent_loop/tool_calls/min:0.0 - timing_s/agent_loop/tool_calls/max:0.0 - timing_s/agent_loop/tool_calls/mean:0.0 - timing_s/agent_loop/slowest/generate_sequences:47.970069385832176 - timing_s/agent_loop/slowest/tool_calls:0.0 - timing_s/agent_loop/slowest/prompt_length:396 - timing_s/agent_loop/slowest/response_length:2048 - timing_s/gen:65.24949461803772 - timing_s/reward:0.00014551705680787563 - timing_s/old_log_prob:61.31001610588282 - timing_s/ref:58.049631617963314 - timing_s/adv:0.037676721112802625 - timing_s/update_actor:198.09070600289851 - timing_s/step:383.01971389190294 - timing_s/stop_profile:2.981000579893589e-05 - timing_per_token_ms/ref:0.01985691016921866 - timing_per_token_ms/gen:0.029641992201727797 - timing_per_token_ms/update_actor:0.0677604533366144 - timing_per_token_ms/adv:1.2887993355949474e-05 - perf/total_num_tokens:2923397 - perf/time_per_step:383.01971389190294 - perf/throughput:477.03109232535655[36m(TaskRunner pid=245980)[0m 
Training Progress:  92%|█████████▎| 111/120 [12:38:16<1:00:02, 400.22s/it]
[36m(TaskRunner pid=245980)[0m 
Training Progress:  93%|█████████▎| 112/120 [12:44:49<53:03, 397.97s/it]  
[36m(TaskRunner pid=245980)[0m 
Training Progress:  94%|█████████▍| 113/120 [12:51:31<46:34, 399.23s/it]

[36m(TaskRunner pid=245980)[0m step:112 - actor/entropy:0.32582464814186096 - perf/mfu/actor_infer:0 - actor/kl_loss:0.028855792676600125 - actor/kl_coef:0.009999999999999998 - actor/pg_clipfrac:0.0011250300697581254 - actor/ppo_kl:1.7427089590013326e-05 - actor/pg_clipfrac_lower:4.5439178843030725e-07 - actor/pg_loss:0.04948806934311965 - actor/grad_norm:0.11209484273021911 - perf/mfu/actor:0.0 - perf/max_memory_allocated_gb:85.99258947372437 - perf/max_memory_reserved_gb:90.04296875 - perf/cpu_memory_used_gb:325.3225383758545 - actor/lr:1e-06 - training/global_step:112 - training/epoch:27 - critic/score/mean:0.6138280630111694 - critic/score/max:0.8999999761581421 - critic/score/min:0.0 - critic/rewards/mean:0.6138280630111694 - critic/rewards/max:0.8999999761581421 - critic/rewards/min:0.0 - critic/advantages/mean:-0.048766814172267914 - critic/advantages/max:1.7888498306274414 - critic/advantages/min:-1.7888498306274414 - critic/returns/mean:-0.048766814172267914 - critic/returns/max:1.7888498306274414 - critic/returns/min:-1.7888498306274414 - response_length/mean:874.2828369140625 - response_length/max:2048.0 - response_length/min:128.0 - response_length/clip_ratio:0.13164062798023224 - response_length_non_aborted/mean:874.2828369140625 - response_length_non_aborted/max:2048.0 - response_length_non_aborted/min:128.0 - response_length_non_aborted/clip_ratio:0.13164062798023224 - response/aborted_ratio:0.0 - prompt_length/mean:284.66015625 - prompt_length/max:842.0 - prompt_length/min:189.0 - prompt_length/clip_ratio:0.0 - num_turns/min:2 - num_turns/max:2 - num_turns/mean:2.0 - timing_s/start_profile:8.085905574262142e-05 - timing_s/agent_loop/generate_sequences/min:6.392856879159808 - timing_s/agent_loop/generate_sequences/max:49.72891244990751 - timing_s/agent_loop/generate_sequences/mean:25.44124327701911 - timing_s/agent_loop/tool_calls/min:0.0 - timing_s/agent_loop/tool_calls/max:0.0 - timing_s/agent_loop/tool_calls/mean:0.0 - timing_s/agent_loop/slowest/generate_sequences:49.72891244990751 - timing_s/agent_loop/slowest/tool_calls:0.0 - timing_s/agent_loop/slowest/prompt_length:396 - timing_s/agent_loop/slowest/response_length:2048 - timing_s/gen:66.23729083291255 - timing_s/reward:0.00013445806689560413 - timing_s/old_log_prob:61.29453380196355 - timing_s/ref:61.46752590080723 - timing_s/adv:0.0546319370623678 - timing_s/update_actor:202.81453660991974 - timing_s/step:392.14903205190785 - timing_s/stop_profile:2.949894405901432e-05 - timing_per_token_ms/ref:0.020717803164119523 - timing_per_token_ms/gen:0.029594476022718866 - timing_per_token_ms/update_actor:0.06835921223000206 - timing_per_token_ms/adv:1.8413848645205322e-05 - perf/total_num_tokens:2966894 - perf/time_per_step:392.14903205190785 - perf/throughput:472.85817340856
[36m(TaskRunner pid=245980)[0m step:113 - actor/entropy:0.3271563649177551 - perf/mfu/actor_infer:0 - actor/kl_loss:0.029453543325265247 - actor/kl_coef:0.009999999999999998 - actor/pg_clipfrac:0.0010279872970487406 - actor/ppo_kl:2.613005920516621e-06 - actor/pg_clipfrac_lower:1.347217443657832e-06 - actor/pg_loss:0.05486753784837977 - actor/grad_norm:0.11215755432060989 - perf/mfu/actor:0.0 - perf/max_memory_allocated_gb:86.00543451309204 - perf/max_memory_reserved_gb:90.04296875 - perf/cpu_memory_used_gb:325.03210639953613 - actor/lr:1e-06 - training/global_step:113 - training/epoch:28 - critic/score/mean:0.6085547208786011 - critic/score/max:0.8999999761581421 - critic/score/min:0.0 - critic/rewards/mean:0.6085547208786011 - critic/rewards/max:0.8999999761581421 - critic/rewards/min:0.0 - critic/advantages/mean:-0.05465971678495407 - critic/advantages/max:1.7888498306274414 - critic/advantages/min:-1.7888498306274414 - critic/returns/mean:-0.05465971678495407 - critic/returns/max:1.7888498306274414 - critic/returns/min:-1.7888498306274414 - response_length/mean:863.0836181640625 - response_length/max:2048.0 - response_length/min:65.0 - response_length/clip_ratio:0.12617187201976776 - response_length_non_aborted/mean:863.0836181640625 - response_length_non_aborted/max:2048.0 - response_length_non_aborted/min:65.0 - response_length_non_aborted/clip_ratio:0.12617187201976776 - response/aborted_ratio:0.0 - prompt_length/mean:286.83984375 - prompt_length/max:842.0 - prompt_length/min:189.0 - prompt_length/clip_ratio:0.0 - num_turns/min:2 - num_turns/max:2 - num_turns/mean:2.0 - timing_s/start_profile:0.0002012760378420353 - timing_s/agent_loop/generate_sequences/min:4.878648035228252 - timing_s/agent_loop/generate_sequences/max:48.8049361591693 - timing_s/agent_loop/generate_sequences/mean:24.831861248519907 - timing_s/agent_loop/tool_calls/min:0.0 - timing_s/agent_loop/tool_calls/max:0.0 - timing_s/agent_loop/tool_calls/mean:0.0 - timing_s/agent_loop/slowest/generate_sequences:48.8049361591693 - timing_s/agent_loop/slowest/tool_calls:0.0 - timing_s/agent_loop/slowest/prompt_length:224 - timing_s/agent_loop/slowest/response_length:2048 - timing_s/gen:68.33843790786341 - timing_s/reward:0.00016095698811113834 - timing_s/old_log_prob:62.99424562393688 - timing_s/ref:60.92964457301423 - timing_s/adv:0.049037083983421326 - timing_s/update_actor:198.81954998197034 - timing_s/step:391.4044367540628 - timing_s/stop_profile:3.140885382890701e-05 - timing_per_token_ms/ref:0.020697588756932943 - timing_per_token_ms/gen:0.030929451678919882 - timing_per_token_ms/update_actor:0.0675383109683832 - timing_per_token_ms/adv:1.665772720718544e-05 - perf/total_num_tokens:2943804 - perf/time_per_step:391.4044367540628 - perf/throughput:470.0706806642764
[36m(TaskRunner pid=245980)[0m step:114 - actor/entropy:0.32560640573501587 - perf/mfu/actor_infer:0 - actor/kl_loss:0.028473678859882057 - actor/kl_coef:0.009999999999999998 - actor/pg_clipfrac:0.0010315986390433745 - actor/ppo_kl:1.4443541996046326e-05 - actor/pg_clipfrac_lower:1.7060854825894753e-06 - actor/pg_loss:0.04479314824556755 - actor/grad_norm:0.10403500545787679 - perf/mfu/actor:0.0 - perf/max_memory_allocated_gb:86.00543451309204 - perf/max_memory_reserved_gb:90.04296875 - perf/cpu_memory_used_gb:324.8931179046631 - actor/lr:1e-06 - training/global_step:114 - training/epoch:28 - critic/score/mean:0.6057421565055847 - critic/score/max:0.8999999761581421 - critic/score/min:0.0 - critic/rewards/mean:0.6057421565055847 - critic/rewards/max:0.8999999761581421 - critic/rewards/min:0.0 - critic/advantages/mean:-0.045491188764572144 - critic/advantages/max:1.7888498306274414 - critic/advantages/min:-1.7888498306274414 - critic/returns/mean:-0.045491188764572144 - critic/returns/max:1.7888498306274414 - critic/returns/min:-1.7888498306274414 - response_length/mean:900.9129028320312 - response_length/max:2048.0 - response_length/min:54.0 - response_length/clip_ratio:0.13710936903953552 - response_length_non_aborted/mean:900.9129028320312 - response_length_non_aborted/max:2048.0 - response_length_non_aborted/min:54.0 - response_length_non_aborted/clip_ratio:0.13710936903953552 - response/aborted_ratio:0.0 - prompt_length/mean:273.322265625 - prompt_length/max:842.0 - prompt_length/min:190.0 - prompt_length/clip_ratio:0.0 - num_turns/min:2 - num_turns/max:2 - num_turns/mean:2.0 - timing_s/start_profile:7.735798135399818e-05 - timing_s/agent_loop/generate_sequences/min:4.653783647110686 - timing_s/agent_loop/generate_sequences/max:49.44108672067523 - timing_s/agent_loop/generate_sequences/mean:25.878209017118024 - timing_s/agent_loop/tool_calls/min:0.0 - timing_s/agent_loop/tool_calls/max:0.0 - timing_s/agent_loop/tool_calls/mean:0.0 - timing_s/agent_loop/slowest/generate_sequences:49.44108672067523 - timing_s/agent_loop/slowest/tool_calls:0.0 - timing_s/agent_loop/slowest/prompt_length:190 - timing_s/agent_loop/slowest/response_length:2048 - timing_s/gen:65.05731133488007 - timing_s/reward:0.00012118788436055183 - timing_s/old_log_prob:59.33730041515082 - timing_s/ref:58.33078322117217 - timing_s/adv:0.03875073022209108 - timing_s/update_actor:205.42666466510855 - timing_s/step:388.45578120998107 - timing_s/stop_profile:3.134016878902912e-05 - timing_per_token_ms/ref:0.019404513716432495 - timing_per_token_ms/gen:0.028208068176888316 - timing_per_token_ms/update_actor:0.06833792231283148 - timing_per_token_ms/adv:1.2890947705351782e-05 - perf/total_num_tokens:3006042 - perf/time_per_step:388.45578120998107 - perf/throughput:483.65253933096216[36m(TaskRunner pid=245980)[0m 
Training Progress:  95%|█████████▌| 114/120 [12:58:00<39:36, 396.15s/it]
[36m(TaskRunner pid=245980)[0m 
Training Progress:  96%|█████████▌| 115/120 [13:05:17<34:01, 408.33s/it]
[36m(TaskRunner pid=245980)[0m 
Training Progress:  97%|█████████▋| 116/120 [13:11:46<26:50, 402.68s/it]

[36m(TaskRunner pid=245980)[0m test_gen_batch meta info: {'eos_token_id': 151645, 'pad_token_id': 151643, 'recompute_log_prob': False, 'do_sample': False, 'validate': True, 'global_steps': 115}
[36m(TaskRunner pid=245980)[0m validation generation end
[36m(TaskRunner pid=245980)[0m step:115 - actor/entropy:0.3242000937461853 - perf/mfu/actor_infer:0 - actor/kl_loss:0.027324474500188524 - actor/kl_coef:0.009999999999999998 - actor/pg_clipfrac:0.0009398170918559671 - actor/ppo_kl:2.0466970628750463e-05 - actor/pg_clipfrac_lower:2.173716221359032e-06 - actor/pg_loss:0.047109227524387 - actor/grad_norm:0.10440147553229029 - perf/mfu/actor:0.0 - perf/max_memory_allocated_gb:86.00543451309204 - perf/max_memory_reserved_gb:90.04296875 - perf/cpu_memory_used_gb:327.1785354614258 - actor/lr:1e-06 - val-aux/hiyouga/geometry3k/reward/mean@1:0.5855241109448146 - val-core/hiyouga/geometry3k/acc/mean@1:0.5855241264559069 - val-aux/num_turns/min:2 - val-aux/num_turns/max:2 - val-aux/num_turns/mean:2.0 - training/global_step:115 - training/epoch:28 - critic/score/mean:0.5987108945846558 - critic/score/max:0.8999999761581421 - critic/score/min:0.0 - critic/rewards/mean:0.5987108945846558 - critic/rewards/max:0.8999999761581421 - critic/rewards/min:0.0 - critic/advantages/mean:-0.04692201316356659 - critic/advantages/max:1.7888498306274414 - critic/advantages/min:-1.7888498306274414 - critic/returns/mean:-0.04692201316356659 - critic/returns/max:1.7888498306274414 - critic/returns/min:-1.7888498306274414 - response_length/mean:884.4534912109375 - response_length/max:2048.0 - response_length/min:40.0 - response_length/clip_ratio:0.1328125 - response_length_non_aborted/mean:884.4534912109375 - response_length_non_aborted/max:2048.0 - response_length_non_aborted/min:40.0 - response_length_non_aborted/clip_ratio:0.1328125 - response/aborted_ratio:0.0 - prompt_length/mean:280.876953125 - prompt_length/max:842.0 - prompt_length/min:189.0 - prompt_length/clip_ratio:0.0 - num_turns/min:2 - num_turns/max:2 - num_turns/mean:2.0 - timing_s/start_profile:3.345008008182049e-05 - timing_s/agent_loop/generate_sequences/min:4.714139079675078 - timing_s/agent_loop/generate_sequences/max:49.97303207311779 - timing_s/agent_loop/generate_sequences/mean:25.62026686948684 - timing_s/agent_loop/tool_calls/min:0.0 - timing_s/agent_loop/tool_calls/max:0.0 - timing_s/agent_loop/tool_calls/mean:0.0 - timing_s/agent_loop/slowest/generate_sequences:49.97303207311779 - timing_s/agent_loop/slowest/tool_calls:0.0 - timing_s/agent_loop/slowest/prompt_length:481 - timing_s/agent_loop/slowest/response_length:2048 - timing_s/gen:65.76254827808589 - timing_s/reward:0.0001158970408141613 - timing_s/old_log_prob:60.485993336187676 - timing_s/ref:58.80832163896412 - timing_s/adv:0.04774545901454985 - timing_s/update_actor:206.20232039387338 - timing_s/step:391.5844338389579 - timing_s/testing:44.95822837296873 - timing_s/stop_profile:3.554904833436012e-05 - timing_per_token_ms/ref:0.01971286365219768 - timing_per_token_ms/gen:0.02904448336436822 - timing_per_token_ms/update_actor:0.06912011962602929 - timing_per_token_ms/adv:1.6004532986736544e-05 - perf/total_num_tokens:2983246 - perf/time_per_step:391.5844338389579 - perf/throughput:476.14986421212075
[36m(TaskRunner pid=245980)[0m step:116 - actor/entropy:0.3169766664505005 - perf/mfu/actor_infer:0 - actor/kl_loss:0.02713391376245353 - actor/kl_coef:0.009999999999999998 - actor/pg_clipfrac:0.0009955214244756563 - actor/ppo_kl:2.2488077516098e-06 - actor/pg_clipfrac_lower:1.3413357212104731e-06 - actor/pg_loss:0.04776537047906054 - actor/grad_norm:0.1045434634725862 - perf/mfu/actor:0.0 - perf/max_memory_allocated_gb:86.00543451309204 - perf/max_memory_reserved_gb:90.04296875 - perf/cpu_memory_used_gb:326.90832138061523 - actor/lr:1e-06 - training/global_step:116 - training/epoch:28 - critic/score/mean:0.6120702624320984 - critic/score/max:0.8999999761581421 - critic/score/min:0.0 - critic/rewards/mean:0.6120702624320984 - critic/rewards/max:0.8999999761581421 - critic/rewards/min:0.0 - critic/advantages/mean:-0.04814374819397926 - critic/advantages/max:1.7888498306274414 - critic/advantages/min:-1.7888498306274414 - critic/returns/mean:-0.04814374819397926 - critic/returns/max:1.7888498306274414 - critic/returns/min:-1.7888498306274414 - response_length/mean:862.4441528320312 - response_length/max:2048.0 - response_length/min:137.0 - response_length/clip_ratio:0.12851563096046448 - response_length_non_aborted/mean:862.4441528320312 - response_length_non_aborted/max:2048.0 - response_length_non_aborted/min:137.0 - response_length_non_aborted/clip_ratio:0.12851563096046448 - response/aborted_ratio:0.0 - prompt_length/mean:278.759765625 - prompt_length/max:669.0 - prompt_length/min:190.0 - prompt_length/clip_ratio:0.0 - num_turns/min:2 - num_turns/max:2 - num_turns/mean:2.0 - timing_s/start_profile:4.099891521036625e-05 - timing_s/agent_loop/generate_sequences/min:7.121175551787019 - timing_s/agent_loop/generate_sequences/max:49.34203491010703 - timing_s/agent_loop/generate_sequences/mean:24.918815162448663 - timing_s/agent_loop/tool_calls/min:0.0 - timing_s/agent_loop/tool_calls/max:0.0 - timing_s/agent_loop/tool_calls/mean:0.0 - timing_s/agent_loop/slowest/generate_sequences:49.34203491010703 - timing_s/agent_loop/slowest/tool_calls:0.0 - timing_s/agent_loop/slowest/prompt_length:283 - timing_s/agent_loop/slowest/response_length:2048 - timing_s/gen:66.0657013959717 - timing_s/reward:0.00011063809506595135 - timing_s/old_log_prob:61.332451162161306 - timing_s/ref:58.03341164486483 - timing_s/adv:0.04958642297424376 - timing_s/update_actor:203.51280315802433 - timing_s/step:389.2788016430568 - timing_s/stop_profile:2.8830021619796753e-05 - timing_per_token_ms/ref:0.01986437419257241 - timing_per_token_ms/gen:0.02992299836265288 - timing_per_token_ms/update_actor:0.06966081021824688 - timing_per_token_ms/adv:1.697303730580704e-05 - perf/total_num_tokens:2921482 - perf/time_per_step:389.2788016430568 - perf/throughput:469.05360433015693
[36m(TaskRunner pid=245980)[0m step:117 - actor/entropy:0.3269999325275421 - perf/mfu/actor_infer:0 - actor/kl_loss:0.028143328177328737 - actor/kl_coef:0.009999999999999998 - actor/pg_clipfrac:0.0009763730995069232 - actor/ppo_kl:-9.905020057330047e-06 - actor/pg_clipfrac_lower:9.006885698504952e-07 - actor/pg_loss:0.04513164394079973 - actor/grad_norm:0.12763520826051528 - perf/mfu/actor:0.0 - perf/max_memory_allocated_gb:86.01379442214966 - perf/max_memory_reserved_gb:90.04296875 - perf/cpu_memory_used_gb:324.3421573638916 - actor/lr:1e-06 - training/global_step:117 - training/epoch:29 - critic/score/mean:0.6247265338897705 - critic/score/max:0.8999999761581421 - critic/score/min:0.0 - critic/rewards/mean:0.6247265338897705 - critic/rewards/max:0.8999999761581421 - critic/rewards/min:0.0 - critic/advantages/mean:-0.04586818069219589 - critic/advantages/max:1.7888498306274414 - critic/advantages/min:-1.7888498306274414 - critic/returns/mean:-0.04586818069219589 - critic/returns/max:1.7888498306274414 - critic/returns/min:-1.7888498306274414 - response_length/mean:855.0054931640625 - response_length/max:2048.0 - response_length/min:128.0 - response_length/clip_ratio:0.11484374850988388 - response_length_non_aborted/mean:855.0054931640625 - response_length_non_aborted/max:2048.0 - response_length_non_aborted/min:128.0 - response_length_non_aborted/clip_ratio:0.11484374850988388 - response/aborted_ratio:0.0 - prompt_length/mean:284.59375 - prompt_length/max:842.0 - prompt_length/min:190.0 - prompt_length/clip_ratio:0.0 - num_turns/min:2 - num_turns/max:2 - num_turns/mean:2.0 - timing_s/start_profile:0.00017685606144368649 - timing_s/agent_loop/generate_sequences/min:6.50641692429781 - timing_s/agent_loop/generate_sequences/max:48.71076033799909 - timing_s/agent_loop/generate_sequences/mean:24.80998099325034 - timing_s/agent_loop/tool_calls/min:0.0 - timing_s/agent_loop/tool_calls/max:0.0 - timing_s/agent_loop/tool_calls/mean:0.0 - timing_s/agent_loop/slowest/generate_sequences:48.71076033799909 - timing_s/agent_loop/slowest/tool_calls:0.0 - timing_s/agent_loop/slowest/prompt_length:285 - timing_s/agent_loop/slowest/response_length:2048 - timing_s/gen:67.26912090019323 - timing_s/reward:0.00015314691700041294 - timing_s/old_log_prob:61.62901466805488 - timing_s/ref:59.32878741202876 - timing_s/adv:0.04036660911515355 - timing_s/update_actor:198.32376088993624 - timing_s/step:386.8627289701253 - timing_s/stop_profile:3.2359035685658455e-05 - timing_per_token_ms/ref:0.020336366681827135 - timing_per_token_ms/gen:0.030733137169349806 - timing_per_token_ms/update_actor:0.06798023184203884 - timing_per_token_ms/adv:1.383662468889952e-05 - perf/total_num_tokens:2917374 - perf/time_per_step:386.8627289701253 - perf/throughput:471.31931133660726[36m(TaskRunner pid=245980)[0m 
Training Progress:  98%|█████████▊| 117/120 [13:18:24<20:03, 401.30s/it]
[36m(TaskRunner pid=245980)[0m 
Training Progress:  98%|█████████▊| 118/120 [13:24:40<13:07, 393.64s/it]
[36m(TaskRunner pid=245980)[0m 
Training Progress:  99%|█████████▉| 119/120 [13:31:08<06:31, 391.86s/it]
[36m(WorkerDict pid=246556)[0m WARNING:2026-01-03 15:45:41,620:Rank 6 common state dict differs from rank 0 common state dict. Keys only on rank 0: [], Keys only on 6: [('optimizer', 'param_state', 49), ('optimizer', 'param_state', 50), ('optimizer', 'param_state', 51), ('optimizer', 'param_state', 52), ('optimizer', 'param_state', 53), ('optimizer', 'param_state', 54), ('optimizer', 'param_state', 55), ('optimizer', 'param_state', 56), ('optimizer', 'param_state', 57), ('optimizer', 'param_state', 58), ('optimizer', 'param_state', 59), ('optimizer', 'param_state', 60), ('optimizer', 'param_state', 61), ('optimizer', 'param_state', 62), ('optimizer', 'param_state', 63), ('optimizer', 'param_state', 64), ('optimizer', 'param_state', 65), ('optimizer', 'param_state', 66), ('optimizer', 'param_state', 67), ('optimizer', 'param_state', 68), ('optimizer', 'param_state', 69), ('optimizer', 'param_state', 70), ('optimizer', 'param_state', 71), ('optimizer', 'param_state', 72), ('optimizer', 'param_state', 73), ('optimizer', 'param_state', 74), ('optimizer', 'param_state', 75), ('optimizer', 'param_state', 76), ('optimizer', 'param_state', 77), ('optimizer', 'param_state', 78), ('optimizer', 'param_state', 79), ('optimizer', 'param_state', 80), ('optimizer', 'param_state', 81), ('optimizer', 'param_state', 82), ('optimizer', 'param_state', 83), ('optimizer', 'param_state', 84), ('optimizer', 'param_state', 85), ('optimizer', 'param_state', 86), ('optimizer', 'param_state', 87), ('optimizer', 'param_state', 88), ('optimizer', 'param_state', 89), ('optimizer', 'param_state', 90), ('optimizer', 'param_state', 91), ('optimizer', 'param_state', 92), ('optimizer', 'param_state', 93), ('optimizer', 'param_state', 94), ('optimizer', 'param_state', 95), ('optimizer', 'param_state', 96), ('optimizer', 'param_state', 97), ('optimizer', 'param_state', 98), ('optimizer', 'param_state', 99), ('optimizer', 'param_state', 100), ('optimizer', 'param_state', 101), ('optimizer', 'param_state', 102), ('optimizer', 'param_state', 103), ('optimizer', 'param_state', 104), ('optimizer', 'param_state', 105), ('optimizer', 'param_state', 106), ('optimizer', 'param_state', 107), ('optimizer', 'param_state', 108), ('optimizer', 'param_state', 109), ('optimizer', 'param_state', 110), ('optimizer', 'param_state', 111), ('optimizer', 'param_state', 112), ('optimizer', 'param_state', 113), ('optimizer', 'param_state', 114), ('optimizer', 'param_state', 115), ('optimizer', 'param_state', 116), ('optimizer', 'param_state', 117), ('optimizer', 'param_state', 118), ('optimizer', 'param_state', 119), ('optimizer', 'param_state', 120), ('optimizer', 'param_state', 121), ('optimizer', 'param_state', 122), ('optimizer', 'param_state', 123), ('optimizer', 'param_state', 124), ('optimizer', 'param_state', 125), ('optimizer', 'param_state', 126), ('optimizer', 'param_state', 127), ('optimizer', 'param_state', 128), ('optimizer', 'param_state', 129), ('optimizer', 'param_state', 130), ('optimizer', 'param_state', 131), ('optimizer', 'param_state', 132), ('optimizer', 'param_state', 133), ('optimizer', 'param_state', 134), ('optimizer', 'param_state', 135), ('optimizer', 'param_state', 136), ('optimizer', 'param_state', 137), ('optimizer', 'param_state', 138), ('optimizer', 'param_state', 139), ('optimizer', 'param_state', 140), ('optimizer', 'param_state', 141), ('optimizer', 'param_state', 142), ('optimizer', 'param_state', 143), ('optimizer', 'param_state', 144), ('optimizer', 'param_state', 145), ('optimizer', 'param_state', 146), ('optimizer', 'param_state', 147), ('optimizer', 'param_state', 148), ('optimizer', 'param_state', 149), ('optimizer', 'param_state', 150), ('optimizer', 'param_state', 151), ('optimizer', 'param_state', 152), ('optimizer', 'param_state', 153), ('optimizer', 'param_state', 154), ('optimizer', 'param_state', 155), ('optimizer', 'param_state', 156), ('optimizer', 'param_state', 157), ('optimizer', 'param_state', 158), ('optimizer', 'param_state', 159), ('optimizer', 'param_state', 160), ('optimizer', 'param_state', 161), ('optimizer', 'param_state', 162), ('optimizer', 'param_state', 163), ('optimizer', 'param_state', 164), ('optimizer', 'param_state', 165), ('optimizer', 'param_state', 166), ('optimizer', 'param_state', 167), ('optimizer', 'param_state', 168), ('optimizer', 'param_state', 169), ('optimizer', 'param_state', 170), ('optimizer', 'param_state', 171), ('optimizer', 'param_state', 172), ('optimizer', 'param_state', 173), ('optimizer', 'param_state', 174), ('optimizer', 'param_state', 175), ('optimizer', 'param_state', 176), ('optimizer', 'param_state', 177), ('optimizer', 'param_state', 178), ('optimizer', 'param_state', 179), ('optimizer', 'param_state', 180), ('optimizer', 'param_state', 181), ('optimizer', 'param_state', 182), ('optimizer', 'param_state', 183), ('optimizer', 'param_state', 184), ('optimizer', 'param_state', 185), ('optimizer', 'param_state', 186), ('optimizer', 'param_state', 187), ('optimizer', 'param_state', 188), ('optimizer', 'param_state', 189), ('optimizer', 'param_state', 190), ('optimizer', 'param_state', 191), ('optimizer', 'param_state', 192), ('optimizer', 'param_state', 193), ('optimizer', 'param_state', 194), ('optimizer', 'param_state', 195), ('optimizer', 'param_state', 196), ('optimizer', 'param_state', 197), ('optimizer', 'param_state', 198), ('optimizer', 'param_state', 199), ('optimizer', 'param_state', 200), ('optimizer', 'param_state', 201), ('optimizer', 'param_state', 202), ('optimizer', 'param_state', 203), ('optimizer', 'param_state', 204), ('optimizer', 'param_state', 205), ('optimizer', 'param_state', 206), ('optimizer', 'param_state', 207), ('optimizer', 'param_state', 208), ('optimizer', 'param_state', 209), ('optimizer', 'param_state', 210), ('optimizer', 'param_state', 211), ('optimizer', 'param_state', 212), ('optimizer', 'param_state', 213), ('optimizer', 'param_state', 214), ('optimizer', 'param_state', 215), ('optimizer', 'param_state', 216), ('optimizer', 'param_state', 217), ('optimizer', 'param_state', 218), ('optimizer', 'param_state', 219), ('optimizer', 'param_state', 220), ('optimizer', 'param_state', 221), ('optimizer', 'param_state', 222), ('optimizer', 'param_state', 223), ('optimizer', 'param_state', 224), ('optimizer', 'param_state', 225), ('optimizer', 'param_state', 226), ('optimizer', 'param_state', 227), ('optimizer', 'param_state', 228), ('optimizer', 'param_state', 229), ('optimizer', 'param_state', 230), ('optimizer', 'param_state', 231), ('optimizer', 'param_state', 232), ('optimizer', 'param_state', 233), ('optimizer', 'param_state', 234), ('optimizer', 'param_state', 235), ('optimizer', 'param_state', 236), ('optimizer', 'param_state', 237), ('optimizer', 'param_state', 238), ('optimizer', 'param_state', 239), ('optimizer', 'param_state', 240), ('optimizer', 'param_state', 241), ('optimizer', 'param_state', 242), ('optimizer', 'param_state', 243), ('optimizer', 'param_state', 244), ('optimizer', 'param_state', 245), ('optimizer', 'param_state', 246), ('optimizer', 'param_state', 247), ('optimizer', 'param_state', 248), ('optimizer', 'param_state', 249), ('optimizer', 'param_state', 250), ('optimizer', 'param_state', 251), ('optimizer', 'param_state', 252), ('optimizer', 'param_state', 253), ('optimizer', 'param_state', 254), ('optimizer', 'param_state', 255), ('optimizer', 'param_state', 256), ('optimizer', 'param_state', 257), ('optimizer', 'param_state', 258), ('optimizer', 'param_state', 259), ('optimizer', 'param_state', 260), ('optimizer', 'param_state', 261), ('optimizer', 'param_state', 262), ('optimizer', 'param_state', 263), ('optimizer', 'param_state', 264), ('optimizer', 'param_state', 265), ('optimizer', 'param_state', 266), ('optimizer', 'param_state', 267), ('optimizer', 'param_state', 268), ('optimizer', 'param_state', 269), ('optimizer', 'param_state', 270), ('optimizer', 'param_state', 271), ('optimizer', 'param_state', 272), ('optimizer', 'param_state', 273), ('optimizer', 'param_state', 274), ('optimizer', 'param_state', 275), ('optimizer', 'param_state', 276), ('optimizer', 'param_state', 277), ('optimizer', 'param_state', 278), ('optimizer', 'param_state', 279), ('optimizer', 'param_state', 280), ('optimizer', 'param_state', 281), ('optimizer', 'param_state', 282), ('optimizer', 'param_state', 283), ('optimizer', 'param_state', 284), ('optimizer', 'param_state', 285), ('optimizer', 'param_state', 286), ('optimizer', 'param_state', 287), ('optimizer', 'param_state', 288), ('optimizer', 'param_state', 289), ('optimizer', 'param_state', 290), ('optimizer', 'param_state', 291), ('optimizer', 'param_state', 292), ('optimizer', 'param_state', 293), ('optimizer', 'param_state', 294), ('optimizer', 'param_state', 295), ('optimizer', 'param_state', 296), ('optimizer', 'param_state', 297), ('optimizer', 'param_state', 298), ('optimizer', 'param_state', 299), ('optimizer', 'param_state', 300), ('optimizer', 'param_state', 301), ('optimizer', 'param_state', 302), ('optimizer', 'param_state', 303), ('optimizer', 'param_state', 304), ('optimizer', 'param_state', 305), ('optimizer', 'param_state', 306), ('optimizer', 'param_state', 307), ('optimizer', 'param_state', 308), ('optimizer', 'param_state', 309), ('optimizer', 'param_state', 310), ('optimizer', 'param_state', 311), ('optimizer', 'param_state', 312), ('optimizer', 'param_state', 313), ('optimizer', 'param_state', 314), ('optimizer', 'param_state', 315), ('optimizer', 'param_state', 316), ('optimizer', 'param_state', 317), ('optimizer', 'param_state', 318), ('optimizer', 'param_state', 319), ('optimizer', 'param_state', 320), ('optimizer', 'param_state', 321), ('optimizer', 'param_state', 322), ('optimizer', 'param_state', 323), ('optimizer', 'param_state', 324), ('optimizer', 'param_state', 325), ('optimizer', 'param_state', 326), ('optimizer', 'param_state', 327), ('optimizer', 'param_state', 328), ('optimizer', 'param_state', 329), ('optimizer', 'param_state', 330), ('optimizer', 'param_state', 331), ('optimizer', 'param_state', 332), ('optimizer', 'param_state', 333), ('optimizer', 'param_state', 334), ('optimizer', 'param_state', 335), ('optimizer', 'param_state', 336), ('optimizer', 'param_state', 337), ('optimizer', 'param_state', 338), ('optimizer', 'param_state', 339), ('optimizer', 'param_state', 340), ('optimizer', 'param_state', 341), ('optimizer', 'param_state', 342), ('optimizer', 'param_state', 343), ('optimizer', 'param_state', 344), ('optimizer', 'param_state', 345), ('optimizer', 'param_state', 346), ('optimizer', 'param_state', 347), ('optimizer', 'param_state', 348), ('optimizer', 'param_state', 349), ('optimizer', 'param_state', 350), ('optimizer', 'param_state', 351)], Mismatched keys: []
[36m(WorkerDict pid=71406, ip=node2)[0m WARNING:2026-01-03 15:45:41,621:Rank 9 common state dict differs from rank 0 common state dict. Keys only on rank 0: [('optimizer', 'param_state', 19), ('optimizer', 'param_state', 20), ('optimizer', 'param_state', 21), ('optimizer', 'param_state', 22), ('optimizer', 'param_state', 23), ('optimizer', 'param_state', 24), ('optimizer', 'param_state', 25), ('optimizer', 'param_state', 26), ('optimizer', 'param_state', 27), ('optimizer', 'param_state', 28), ('optimizer', 'param_state', 29), ('optimizer', 'param_state', 30), ('optimizer', 'param_state', 31), ('optimizer', 'param_state', 32), ('optimizer', 'param_state', 33), ('optimizer', 'param_state', 34), ('optimizer', 'param_state', 35), ('optimizer', 'param_state', 36), ('optimizer', 'param_state', 37), ('optimizer', 'param_state', 38), ('optimizer', 'param_state', 39), ('optimizer', 'param_state', 40), ('optimizer', 'param_state', 41), ('optimizer', 'param_state', 42), ('optimizer', 'param_state', 43), ('optimizer', 'param_state', 44), ('optimizer', 'param_state', 45), ('optimizer', 'param_state', 46), ('optimizer', 'param_state', 47), ('optimizer', 'param_state', 48)], Keys only on 9: [], Mismatched keys: []
[36m(WorkerDict pid=71407, ip=node2)[0m WARNING:2026-01-03 15:45:41,621:Rank 10 common state dict differs from rank 0 common state dict. Keys only on rank 0: [('optimizer', 'param_state', 42), ('optimizer', 'param_state', 43), ('optimizer', 'param_state', 44), ('optimizer', 'param_state', 45), ('optimizer', 'param_state', 46), ('optimizer', 'param_state', 47), ('optimizer', 'param_state', 48)], Keys only on 10: [], Mismatched keys: []
[36m(WorkerDict pid=71409, ip=node2)[0m WARNING:2026-01-03 15:45:41,621:Rank 15 common state dict differs from rank 0 common state dict. Keys only on rank 0: [('optimizer', 'param_state', 48), ('optimizer', 'param_state', 47)], Keys only on 15: [], Mismatched keys: []
[36m(WorkerDict pid=71414, ip=node2)[0m WARNING:2026-01-03 15:45:41,621:Rank 12 common state dict differs from rank 0 common state dict. Keys only on rank 0: [('optimizer', 'param_state', 41), ('optimizer', 'param_state', 42), ('optimizer', 'param_state', 43), ('optimizer', 'param_state', 44), ('optimizer', 'param_state', 45), ('optimizer', 'param_state', 46), ('optimizer', 'param_state', 47), ('optimizer', 'param_state', 48)], Keys only on 12: [], Mismatched keys: []
[36m(WorkerDict pid=71406, ip=node2)[0m INFO:2026-01-03 15:51:20,900:[Rank 9] Saving HF model checkpoint to /mnt/cfs/danerli/workspace/test_benchmark/TestBenchmarkWithTrainingCard/recipe/exp/checkpoint/qwen3_vl_8b_megatron_mutil_node/global_step_120/actor with bridge
[36m(WorkerDict pid=246589)[0m WARNING:2026-01-03 15:45:41,620:Rank 7 common state dict differs from rank 0 common state dict. Keys only on rank 0: [], Keys only on 7: [('optimizer', 'param_state', 49), ('optimizer', 'param_state', 50), ('optimizer', 'param_state', 51), ('optimizer', 'param_state', 52), ('optimizer', 'param_state', 53), ('optimizer', 'param_state', 54), ('optimizer', 'param_state', 55), ('optimizer', 'param_state', 56), ('optimizer', 'param_state', 57), ('optimizer', 'param_state', 58), ('optimizer', 'param_state', 59), ('optimizer', 'param_state', 60), ('optimizer', 'param_state', 61), ('optimizer', 'param_state', 62), ('optimizer', 'param_state', 63), ('optimizer', 'param_state', 64), ('optimizer', 'param_state', 65), ('optimizer', 'param_state', 66), ('optimizer', 'param_state', 67), ('optimizer', 'param_state', 68), ('optimizer', 'param_state', 69), ('optimizer', 'param_state', 70), ('optimizer', 'param_state', 71), ('optimizer', 'param_state', 72), ('optimizer', 'param_state', 73), ('optimizer', 'param_state', 74), ('optimizer', 'param_state', 75), ('optimizer', 'param_state', 76), ('optimizer', 'param_state', 77), ('optimizer', 'param_state', 78), ('optimizer', 'param_state', 79), ('optimizer', 'param_state', 80), ('optimizer', 'param_state', 81), ('optimizer', 'param_state', 82), ('optimizer', 'param_state', 83), ('optimizer', 'param_state', 84), ('optimizer', 'param_state', 85), ('optimizer', 'param_state', 86), ('optimizer', 'param_state', 87), ('optimizer', 'param_state', 88), ('optimizer', 'param_state', 89), ('optimizer', 'param_state', 90), ('optimizer', 'param_state', 91), ('optimizer', 'param_state', 92), ('optimizer', 'param_state', 93), ('optimizer', 'param_state', 94), ('optimizer', 'param_state', 95), ('optimizer', 'param_state', 96), ('optimizer', 'param_state', 97), ('optimizer', 'param_state', 98), ('optimizer', 'param_state', 99), ('optimizer', 'param_state', 100), ('optimizer', 'param_state', 101), ('optimizer', 'param_state', 102), ('optimizer', 'param_state', 103), ('optimizer', 'param_state', 104), ('optimizer', 'param_state', 105), ('optimizer', 'param_state', 106), ('optimizer', 'param_state', 107), ('optimizer', 'param_state', 108), ('optimizer', 'param_state', 109), ('optimizer', 'param_state', 110), ('optimizer', 'param_state', 111), ('optimizer', 'param_state', 112), ('optimizer', 'param_state', 113), ('optimizer', 'param_state', 114), ('optimizer', 'param_state', 115), ('optimizer', 'param_state', 116), ('optimizer', 'param_state', 117), ('optimizer', 'param_state', 118), ('optimizer', 'param_state', 119), ('optimizer', 'param_state', 120), ('optimizer', 'param_state', 121), ('optimizer', 'param_state', 122), ('optimizer', 'param_state', 123), ('optimizer', 'param_state', 124), ('optimizer', 'param_state', 125), ('optimizer', 'param_state', 126), ('optimizer', 'param_state', 127), ('optimizer', 'param_state', 128), ('optimizer', 'param_state', 129), ('optimizer', 'param_state', 130), ('optimizer', 'param_state', 131), ('optimizer', 'param_state', 132), ('optimizer', 'param_state', 133), ('optimizer', 'param_state', 134), ('optimizer', 'param_state', 135), ('optimizer', 'param_state', 136), ('optimizer', 'param_state', 137), ('optimizer', 'param_state', 138), ('optimizer', 'param_state', 139), ('optimizer', 'param_state', 140), ('optimizer', 'param_state', 141), ('optimizer', 'param_state', 142), ('optimizer', 'param_state', 143), ('optimizer', 'param_state', 144), ('optimizer', 'param_state', 145), ('optimizer', 'param_state', 146), ('optimizer', 'param_state', 147), ('optimizer', 'param_state', 148), ('optimizer', 'param_state', 149), ('optimizer', 'param_state', 150), ('optimizer', 'param_state', 151), ('optimizer', 'param_state', 152), ('optimizer', 'param_state', 153), ('optimizer', 'param_state', 154), ('optimizer', 'param_state', 155), ('optimizer', 'param_state', 156), ('optimizer', 'param_state', 157), ('optimizer', 'param_state', 158), ('optimizer', 'param_state', 159), ('optimizer', 'param_state', 160), ('optimizer', 'param_state', 161), ('optimizer', 'param_state', 162), ('optimizer', 'param_state', 163), ('optimizer', 'param_state', 164), ('optimizer', 'param_state', 165), ('optimizer', 'param_state', 166), ('optimizer', 'param_state', 167), ('optimizer', 'param_state', 168), ('optimizer', 'param_state', 169), ('optimizer', 'param_state', 170), ('optimizer', 'param_state', 171), ('optimizer', 'param_state', 172), ('optimizer', 'param_state', 173), ('optimizer', 'param_state', 174), ('optimizer', 'param_state', 175), ('optimizer', 'param_state', 176), ('optimizer', 'param_state', 177), ('optimizer', 'param_state', 178), ('optimizer', 'param_state', 179), ('optimizer', 'param_state', 180), ('optimizer', 'param_state', 181), ('optimizer', 'param_state', 182), ('optimizer', 'param_state', 183), ('optimizer', 'param_state', 184), ('optimizer', 'param_state', 185), ('optimizer', 'param_state', 186), ('optimizer', 'param_state', 187), ('optimizer', 'param_state', 188), ('optimizer', 'param_state', 189), ('optimizer', 'param_state', 190), ('optimizer', 'param_state', 191), ('optimizer', 'param_state', 192), ('optimizer', 'param_state', 193), ('optimizer', 'param_state', 194), ('optimizer', 'param_state', 195), ('optimizer', 'param_state', 196), ('optimizer', 'param_state', 197), ('optimizer', 'param_state', 198), ('optimizer', 'param_state', 199), ('optimizer', 'param_state', 200), ('optimizer', 'param_state', 201), ('optimizer', 'param_state', 202), ('optimizer', 'param_state', 203), ('optimizer', 'param_state', 204), ('optimizer', 'param_state', 205), ('optimizer', 'param_state', 206), ('optimizer', 'param_state', 207), ('optimizer', 'param_state', 208), ('optimizer', 'param_state', 209), ('optimizer', 'param_state', 210), ('optimizer', 'param_state', 211), ('optimizer', 'param_state', 212), ('optimizer', 'param_state', 213), ('optimizer', 'param_state', 214), ('optimizer', 'param_state', 215), ('optimizer', 'param_state', 216), ('optimizer', 'param_state', 217), ('optimizer', 'param_state', 218), ('optimizer', 'param_state', 219), ('optimizer', 'param_state', 220), ('optimizer', 'param_state', 221), ('optimizer', 'param_state', 222), ('optimizer', 'param_state', 223), ('optimizer', 'param_state', 224), ('optimizer', 'param_state', 225), ('optimizer', 'param_state', 226), ('optimizer', 'param_state', 227), ('optimizer', 'param_state', 228), ('optimizer', 'param_state', 229), ('optimizer', 'param_state', 230), ('optimizer', 'param_state', 231), ('optimizer', 'param_state', 232), ('optimizer', 'param_state', 233), ('optimizer', 'param_state', 234), ('optimizer', 'param_state', 235), ('optimizer', 'param_state', 236), ('optimizer', 'param_state', 237), ('optimizer', 'param_state', 238), ('optimizer', 'param_state', 239), ('optimizer', 'param_state', 240), ('optimizer', 'param_state', 241), ('optimizer', 'param_state', 242), ('optimizer', 'param_state', 243), ('optimizer', 'param_state', 244), ('optimizer', 'param_state', 245), ('optimizer', 'param_state', 246), ('optimizer', 'param_state', 247), ('optimizer', 'param_state', 248), ('optimizer', 'param_state', 249), ('optimizer', 'param_state', 250), ('optimizer', 'param_state', 251), ('optimizer', 'param_state', 252), ('optimizer', 'param_state', 253), ('optimizer', 'param_state', 254), ('optimizer', 'param_state', 255), ('optimizer', 'param_state', 256), ('optimizer', 'param_state', 257), ('optimizer', 'param_state', 258), ('optimizer', 'param_state', 259), ('optimizer', 'param_state', 260), ('optimizer', 'param_state', 261), ('optimizer', 'param_state', 262), ('optimizer', 'param_state', 263), ('optimizer', 'param_state', 264), ('optimizer', 'param_state', 265), ('optimizer', 'param_state', 266), ('optimizer', 'param_state', 267), ('optimizer', 'param_state', 268), ('optimizer', 'param_state', 269), ('optimizer', 'param_state', 270), ('optimizer', 'param_state', 271), ('optimizer', 'param_state', 272), ('optimizer', 'param_state', 273), ('optimizer', 'param_state', 274), ('optimizer', 'param_state', 275), ('optimizer', 'param_state', 276), ('optimizer', 'param_state', 277), ('optimizer', 'param_state', 278), ('optimizer', 'param_state', 279), ('optimizer', 'param_state', 280), ('optimizer', 'param_state', 281), ('optimizer', 'param_state', 282), ('optimizer', 'param_state', 283), ('optimizer', 'param_state', 284), ('optimizer', 'param_state', 285), ('optimizer', 'param_state', 286), ('optimizer', 'param_state', 287), ('optimizer', 'param_state', 288), ('optimizer', 'param_state', 289), ('optimizer', 'param_state', 290), ('optimizer', 'param_state', 291), ('optimizer', 'param_state', 292), ('optimizer', 'param_state', 293), ('optimizer', 'param_state', 294), ('optimizer', 'param_state', 295), ('optimizer', 'param_state', 296), ('optimizer', 'param_state', 297), ('optimizer', 'param_state', 298), ('optimizer', 'param_state', 299), ('optimizer', 'param_state', 300), ('optimizer', 'param_state', 301), ('optimizer', 'param_state', 302), ('optimizer', 'param_state', 303), ('optimizer', 'param_state', 304), ('optimizer', 'param_state', 305), ('optimizer', 'param_state', 306), ('optimizer', 'param_state', 307), ('optimizer', 'param_state', 308), ('optimizer', 'param_state', 309), ('optimizer', 'param_state', 310), ('optimizer', 'param_state', 311), ('optimizer', 'param_state', 312), ('optimizer', 'param_state', 313), ('optimizer', 'param_state', 314), ('optimizer', 'param_state', 315), ('optimizer', 'param_state', 316), ('optimizer', 'param_state', 317), ('optimizer', 'param_state', 318), ('optimizer', 'param_state', 319), ('optimizer', 'param_state', 320), ('optimizer', 'param_state', 321), ('optimizer', 'param_state', 322), ('optimizer', 'param_state', 323), ('optimizer', 'param_state', 324), ('optimizer', 'param_state', 325), ('optimizer', 'param_state', 326), ('optimizer', 'param_state', 327), ('optimizer', 'param_state', 328), ('optimizer', 'param_state', 329), ('optimizer', 'param_state', 330), ('optimizer', 'param_state', 331), ('optimizer', 'param_state', 332), ('optimizer', 'param_state', 333), ('optimizer', 'param_state', 334), ('optimizer', 'param_state', 335), ('optimizer', 'param_state', 336), ('optimizer', 'param_state', 337), ('optimizer', 'param_state', 338), ('optimizer', 'param_state', 339), ('optimizer', 'param_state', 340), ('optimizer', 'param_state', 341), ('optimizer', 'param_state', 342), ('optimizer', 'param_state', 343), ('optimizer', 'param_state', 344), ('optimizer', 'param_state', 345), ('optimizer', 'param_state', 346), ('optimizer', 'param_state', 347), ('optimizer', 'param_state', 348), ('optimizer', 'param_state', 349), ('optimizer', 'param_state', 350), ('optimizer', 'param_state', 351)], Mismatched keys: []
[36m(WorkerDict pid=71418, ip=node2)[0m WARNING:2026-01-03 15:45:41,621:Rank 8 common state dict differs from rank 0 common state dict. Keys only on rank 0: [('optimizer', 'param_state', 19), ('optimizer', 'param_state', 20), ('optimizer', 'param_state', 21), ('optimizer', 'param_state', 22), ('optimizer', 'param_state', 23), ('optimizer', 'param_state', 24), ('optimizer', 'param_state', 25), ('optimizer', 'param_state', 26), ('optimizer', 'param_state', 27), ('optimizer', 'param_state', 28), ('optimizer', 'param_state', 29), ('optimizer', 'param_state', 30), ('optimizer', 'param_state', 31), ('optimizer', 'param_state', 32), ('optimizer', 'param_state', 33), ('optimizer', 'param_state', 34), ('optimizer', 'param_state', 35), ('optimizer', 'param_state', 36), ('optimizer', 'param_state', 37), ('optimizer', 'param_state', 38), ('optimizer', 'param_state', 39), ('optimizer', 'param_state', 40), ('optimizer', 'param_state', 41), ('optimizer', 'param_state', 42), ('optimizer', 'param_state', 43), ('optimizer', 'param_state', 44), ('optimizer', 'param_state', 45), ('optimizer', 'param_state', 46), ('optimizer', 'param_state', 47), ('optimizer', 'param_state', 48)], Keys only on 8: [], Mismatched keys: []
[36m(WorkerDict pid=71408, ip=node2)[0m WARNING:2026-01-03 15:45:41,621:Rank 11 common state dict differs from rank 0 common state dict. Keys only on rank 0: [('optimizer', 'param_state', 42), ('optimizer', 'param_state', 43), ('optimizer', 'param_state', 44), ('optimizer', 'param_state', 45), ('optimizer', 'param_state', 46), ('optimizer', 'param_state', 47), ('optimizer', 'param_state', 48)], Keys only on 11: [], Mismatched keys: []
[36m(WorkerDict pid=71413, ip=node2)[0m WARNING:2026-01-03 15:45:41,621:Rank 14 common state dict differs from rank 0 common state dict. Keys only on rank 0: [('optimizer', 'param_state', 48), ('optimizer', 'param_state', 47)], Keys only on 14: [], Mismatched keys: []
[36m(WorkerDict pid=71422, ip=node2)[0m WARNING:2026-01-03 15:45:41,621:Rank 13 common state dict differs from rank 0 common state dict. Keys only on rank 0: [('optimizer', 'param_state', 41), ('optimizer', 'param_state', 42), ('optimizer', 'param_state', 43), ('optimizer', 'param_state', 44), ('optimizer', 'param_state', 45), ('optimizer', 'param_state', 46), ('optimizer', 'param_state', 47), ('optimizer', 'param_state', 48)], Keys only on 13: [], Mismatched keys: []
[36m(WorkerDict pid=246541)[0m INFO:2026-01-03 15:53:31,001:[Rank 0] Saved bridge checkpoint to /mnt/cfs/danerli/workspace/test_benchmark/TestBenchmarkWithTrainingCard/recipe/exp/checkpoint/qwen3_vl_8b_megatron_mutil_node/global_step_120/actor/huggingface
[36m(WorkerDict pid=246589)[0m INFO:2026-01-03 15:51:20,899:[Rank 7] Saving HF model checkpoint to /mnt/cfs/danerli/workspace/test_benchmark/TestBenchmarkWithTrainingCard/recipe/exp/checkpoint/qwen3_vl_8b_megatron_mutil_node/global_step_120/actor with bridge[32m [repeated 15x across cluster][0m
[36m(WorkerDict pid=246542)[0m INFO:2026-01-03 15:53:31,002:[Rank 1] Dist checkpointing save completed for /mnt/cfs/danerli/workspace/test_benchmark/TestBenchmarkWithTrainingCard/recipe/exp/checkpoint/qwen3_vl_8b_megatron_mutil_node/global_step_120/actor/dist_ckpt

[36m(TaskRunner pid=245980)[0m step:118 - actor/entropy:0.3212648332118988 - perf/mfu/actor_infer:0 - actor/kl_loss:0.02793582001167318 - actor/kl_coef:0.009999999999999998 - actor/pg_clipfrac:0.0009153324055169536 - actor/ppo_kl:4.518145545280369e-05 - actor/pg_clipfrac_lower:8.971477287109899e-07 - actor/pg_loss:0.04895415190516401 - actor/grad_norm:0.10679433134770655 - perf/mfu/actor:0.0 - perf/max_memory_allocated_gb:86.11570501327515 - perf/max_memory_reserved_gb:90.04296875 - perf/cpu_memory_used_gb:327.12881660461426 - actor/lr:1e-06 - training/global_step:118 - training/epoch:29 - critic/score/mean:0.6285937428474426 - critic/score/max:0.8999999761581421 - critic/score/min:0.0 - critic/rewards/mean:0.6285937428474426 - critic/rewards/max:0.8999999761581421 - critic/rewards/min:0.0 - critic/advantages/mean:-0.048855971544981 - critic/advantages/max:1.7888498306274414 - critic/advantages/min:-1.7888498306274414 - critic/returns/mean:-0.048855971544981 - critic/returns/max:1.7888498306274414 - critic/returns/min:-1.7888498306274414 - response_length/mean:859.5765380859375 - response_length/max:2048.0 - response_length/min:98.0 - response_length/clip_ratio:0.12773437798023224 - response_length_non_aborted/mean:859.5765380859375 - response_length_non_aborted/max:2048.0 - response_length_non_aborted/min:98.0 - response_length_non_aborted/clip_ratio:0.12773437798023224 - response/aborted_ratio:0.0 - prompt_length/mean:276.984375 - prompt_length/max:664.0 - prompt_length/min:189.0 - prompt_length/clip_ratio:0.0 - num_turns/min:2 - num_turns/max:2 - num_turns/mean:2.0 - timing_s/start_profile:8.427887223660946e-05 - timing_s/agent_loop/generate_sequences/min:5.731490448117256 - timing_s/agent_loop/generate_sequences/max:48.419324131682515 - timing_s/agent_loop/generate_sequences/mean:24.944008877538817 - timing_s/agent_loop/tool_calls/min:0.0 - timing_s/agent_loop/tool_calls/max:0.0 - timing_s/agent_loop/tool_calls/mean:0.0 - timing_s/agent_loop/slowest/generate_sequences:48.419324131682515 - timing_s/agent_loop/slowest/tool_calls:0.0 - timing_s/agent_loop/slowest/prompt_length:231 - timing_s/agent_loop/slowest/response_length:2048 - timing_s/gen:64.28340079798363 - timing_s/reward:0.0001340978778898716 - timing_s/old_log_prob:58.09125839895569 - timing_s/ref:58.04021727386862 - timing_s/adv:0.04162968508899212 - timing_s/update_actor:194.16745265899226 - timing_s/step:374.92392024584115 - timing_s/stop_profile:3.168010152876377e-05 - timing_per_token_ms/ref:0.01994786124048446 - timing_per_token_ms/gen:0.02921287588819333 - timing_per_token_ms/update_actor:0.06673347525188798 - timing_per_token_ms/adv:1.4307720071443636e-05 - perf/total_num_tokens:2909596 - perf/time_per_step:374.92392024584115 - perf/throughput:485.0310694520622
[36m(TaskRunner pid=245980)[0m step:119 - actor/entropy:0.31824198365211487 - perf/mfu/actor_infer:0 - actor/kl_loss:0.028193140801574503 - actor/kl_coef:0.009999999999999998 - actor/pg_clipfrac:0.0010189952754244786 - actor/ppo_kl:2.7822964403180327e-05 - actor/pg_clipfrac_lower:1.7724064841436652e-06 - actor/pg_loss:0.05781684696174145 - actor/grad_norm:0.11333957622108272 - perf/mfu/actor:0.0 - perf/max_memory_allocated_gb:86.11570501327515 - perf/max_memory_reserved_gb:90.04296875 - perf/cpu_memory_used_gb:325.66608810424805 - actor/lr:1e-06 - training/global_step:119 - training/epoch:29 - critic/score/mean:0.6011718511581421 - critic/score/max:0.8999999761581421 - critic/score/min:0.0 - critic/rewards/mean:0.6011718511581421 - critic/rewards/max:0.8999999761581421 - critic/rewards/min:0.0 - critic/advantages/mean:-0.058283764868974686 - critic/advantages/max:1.7888498306274414 - critic/advantages/min:-1.7888498306274414 - critic/returns/mean:-0.058283764868974686 - critic/returns/max:1.7888498306274414 - critic/returns/min:-1.7888498306274414 - response_length/mean:880.9679565429688 - response_length/max:2048.0 - response_length/min:118.0 - response_length/clip_ratio:0.13671875 - response_length_non_aborted/mean:880.9679565429688 - response_length_non_aborted/max:2048.0 - response_length_non_aborted/min:118.0 - response_length_non_aborted/clip_ratio:0.13671875 - response/aborted_ratio:0.0 - prompt_length/mean:283.328125 - prompt_length/max:842.0 - prompt_length/min:190.0 - prompt_length/clip_ratio:0.0 - num_turns/min:2 - num_turns/max:2 - num_turns/mean:2.0 - timing_s/start_profile:8.205813355743885e-05 - timing_s/agent_loop/generate_sequences/min:5.853582509094849 - timing_s/agent_loop/generate_sequences/max:48.871413541957736 - timing_s/agent_loop/generate_sequences/mean:25.474657472982653 - timing_s/agent_loop/tool_calls/min:0.0 - timing_s/agent_loop/tool_calls/max:0.0 - timing_s/agent_loop/tool_calls/mean:0.0 - timing_s/agent_loop/slowest/generate_sequences:48.871413541957736 - timing_s/agent_loop/slowest/tool_calls:0.0 - timing_s/agent_loop/slowest/prompt_length:202 - timing_s/agent_loop/slowest/response_length:2048 - timing_s/gen:64.58766499301419 - timing_s/reward:0.00012568803504109383 - timing_s/old_log_prob:59.91102498606779 - timing_s/ref:60.51519205002114 - timing_s/adv:0.0407398222014308 - timing_s/update_actor:201.81239785603248 - timing_s/step:387.14327078219503 - timing_s/stop_profile:3.095017746090889e-05 - timing_per_token_ms/ref:0.020303037192543623 - timing_per_token_ms/gen:0.02863844944748017 - timing_per_token_ms/update_actor:0.06770869397887017 - timing_per_token_ms/adv:1.3668338434579503e-05 - perf/total_num_tokens:2980598 - perf/time_per_step:387.14327078219503 - perf/throughput:481.18458735862777
[36m(TaskRunner pid=245980)[0m test_gen_batch meta info: {'eos_token_id': 151645, 'pad_token_id': 151643, 'recompute_log_prob': False, 'do_sample': False, 'validate': True, 'global_steps': 120}
[36m(TaskRunner pid=245980)[0m validation generation end
[36m(TaskRunner pid=245980)[0m local_global_step_folder: /mnt/cfs/danerli/workspace/test_benchmark/TestBenchmarkWithTrainingCard/recipe/exp/checkpoint/qwen3_vl_8b_megatron_mutil_node/global_step_120
[36m(WorkerDict pid=246541)[0m Qwen3VLTransformerConfig(tensor_model_parallel_size=2, pipeline_model_parallel_comm_backend=None, pipeline_model_parallel_size=2, virtual_pipeline_model_parallel_size=None, sequence_parallel=True, context_parallel_size=2, hierarchical_context_parallel_sizes=None, expert_model_parallel_size=1, expert_tensor_parallel_size=2, moe_extended_tp=False, perform_initialization=True, use_cpu_initialization=False, fp16=False, bf16=True, params_dtype=torch.bfloat16, timers=None, finalize_model_grads_func=<function finalize_model_grads at 0x7f05ca96e5c0>, grad_scale_func=<bound method MegatronOptimizer.scale_loss of <megatron.core.optimizer.optimizer.ChainedOptimizer object at 0x7f05443634a0>>, no_sync_func=None, grad_sync_func=None, param_sync_func=None, deterministic_mode=False, enable_autocast=False, autocast_dtype=torch.bfloat16, num_microbatches_with_partial_activation_checkpoints=None, gradient_accumulation_fusion=True, async_tensor_model_parallel_allreduce=True, use_te_rng_tracker=False, tp_comm_overlap=False, tp_comm_bulk_wgrad=True, tp_comm_bulk_dgrad=True, tp_comm_overlap_ag=True, tp_comm_overlap_rs=True, tp_comm_overlap_rs_dgrad=False, tp_comm_split_ag=True, tp_comm_atomic_ag=False, tp_comm_split_rs=True, tp_comm_atomic_rs=False, cross_entropy_loss_fusion=False, cross_entropy_fusion_impl='native', tp_comm_overlap_disable_qkv=False, tp_comm_overlap_disable_fc1=False, tp_comm_bootstrap_backend='nccl', overlap_moe_expert_parallel_comm=False, delay_wgrad_compute=False, pipeline_dtype=torch.bfloat16, variable_seq_lengths=True, overlap_p2p_comm=False, batch_p2p_comm=False, batch_p2p_sync=True, use_ring_exchange_p2p=False, deallocate_pipeline_outputs=True, defer_embedding_wgrad_compute=False, wgrad_deferral_limit=0, overlap_p2p_comm_warmup_flush=False, microbatch_group_size_per_vp_stage=2, cpu_offloading=False, cpu_offloading_num_layers=0, _cpu_offloading_context=None, cpu_offloading_activations=True, cpu_offloading_weights=True, barrier_with_L1_time=True, num_layers=36, mtp_num_layers=None, mtp_loss_scaling_factor=None, num_layers_in_first_pipeline_stage=None, num_layers_in_last_pipeline_stage=None, pipeline_model_parallel_layout=None, account_for_embedding_in_pipeline_split=True, account_for_loss_in_pipeline_split=True, hidden_size=4096, num_attention_heads=32, attention_backend=<AttnBackend.flash: 1>, softmax_scale=None, num_query_groups=8, ffn_hidden_size=12288, kv_channels=128, hidden_dropout=0.0, attention_dropout=0.0, fp32_residual_connection=False, apply_residual_connection_post_layernorm=False, layernorm_epsilon=1e-06, layernorm_zero_centered_gamma=False, add_bias_linear=False, add_qkv_bias=False, gated_linear_unit=True, activation_func=<function silu at 0x7f37d04f5800>, activation_func_fp8_input_store=False, num_moe_experts=None, rotary_interleaved=False, window_size=None, normalization='RMSNorm', qk_layernorm=True, test_mode=False, calculate_per_token_loss=False, multi_latent_attention=False, no_rope_freq=None, moe_deepep_num_sms=20, init_method=functools.partial(<function normal_ at 0x7f37d037a160>, mean=0.0, std=0.02), output_layer_init_method=functools.partial(<function normal_ at 0x7f37d037a160>, mean=0.0, std=0.0023570226039551587), init_method_std=0.02, embedding_init_method=functools.partial(<function normal_ at 0x7f37d037a160>, mean=0.0, std=0.02), embedding_init_method_std=0.02, init_model_with_meta_device=False, apply_query_key_layer_scaling=False, attention_softmax_in_fp32=True, disable_bf16_reduced_precision_matmul=False, bias_activation_fusion=True, masked_softmax_fusion=False, persist_layer_norm=True, memory_efficient_layer_norm=False, bias_dropout_fusion=True, apply_rope_fusion=False, use_fused_weighted_squared_relu=False, recompute_granularity='full', recompute_method='uniform', recompute_num_layers=1, distribute_saved_activations=False, recompute_modules=['core_attn'], fp8=None, fp8_recipe='delayed', fp8_param=False, fp8_margin=0, fp8_interval=1, fp8_amax_history_len=1, fp8_amax_compute_algo='most_recent', fp8_wgrad=True, fp8_dot_product_attention=False, fp8_multi_head_attention=False, tp_only_amax_red=False, first_last_layers_bf16=False, num_layers_at_start_in_bf16=1, num_layers_at_end_in_bf16=1, use_kitchen=False, moe_shared_expert_intermediate_size=None, moe_shared_expert_overlap=False, moe_layer_freq=1, moe_ffn_hidden_size=None, moe_router_load_balancing_type='aux_loss', moe_router_topk=2, moe_router_topk_limited_devices=None, moe_router_padding_for_fp8=False, moe_router_num_groups=None, moe_router_group_topk=None, moe_router_pre_softmax=False, moe_router_topk_scaling_factor=None, moe_router_score_function='softmax', moe_router_dtype='fp32', moe_router_enable_expert_bias=False, moe_router_bias_update_rate=0.001, moe_router_force_load_balancing=False, moe_grouped_gemm=False, moe_use_legacy_grouped_gemm=False, moe_aux_loss_coeff=0.0, moe_z_loss_coeff=None, moe_input_jitter_eps=None, moe_token_dropping=False, moe_token_dispatcher_type='flex', moe_enable_deepep=True, moe_per_layer_logging=False, moe_expert_capacity_factor=None, moe_pad_expert_input_to_capacity=False, moe_token_drop_policy='probs', moe_layer_recompute=False, moe_permute_fusion=True, moe_router_fusion=False, moe_apply_probs_on_input=False, cp_comm_type='p2p', enable_cuda_graph=False, cuda_graph_use_single_mempool=False, cuda_graph_retain_backward_graph=False, cuda_graph_warmup_steps=3, external_cuda_graph=False, cuda_graph_scope='full', clone_scatter_output_in_embedding=True, disable_parameter_transpose_cache=False, config_logger_dir='', flash_decode=False, inference_rng_tracker=False, symmetric_ar_type=None, mrope_section=[24, 20, 20], is_hybrid_model=False, mamba_state_dim=128, mamba_head_dim=64, mamba_num_groups=8, mamba_num_heads=None, use_mamba_mem_eff_path=True, mlp_chunks_for_prefill=1, heterogeneous_block_specs=False, hetereogenous_dist_checkpoint=False, quant_recipe=None, transformer_impl='transformer_engine', patch_size=16, temporal_patch_size=2, in_channels=3, spatial_merge_size=2, num_position_embeddings=2304, out_hidden_size=4096, apply_rotary_pos_emb_in_fp32=False, deepstack_visual_indexes=[8, 16, 24])[36m(WorkerDict pid=246541)[0m INFO:2026-01-03 15:53:32,454:[Rank 0] Saved Huggingface config and tokenizer to /mnt/cfs/danerli/workspace/test_benchmark/TestBenchmarkWithTrainingCard/recipe/exp/checkpoint/qwen3_vl_8b_megatron_mutil_node/global_step_120/actor/huggingface

[36m(TaskRunner pid=245980)[0m 
Training Progress: 100%|██████████| 120/120 [13:46:02<00:00, 542.51s/it]
Training Progress: 100%|██████████| 120/120 [13:46:02<00:00, 413.02s/it]
[36m(WorkerDict pid=71422, ip=node2)[0m INFO:2026-01-03 15:53:31,002:[Rank 13] Saved bridge checkpoint to /mnt/cfs/danerli/workspace/test_benchmark/TestBenchmarkWithTrainingCard/recipe/exp/checkpoint/qwen3_vl_8b_megatron_mutil_node/global_step_120/actor/huggingface[32m [repeated 15x across cluster][0m
[36m(WorkerDict pid=246541)[0m INFO:2026-01-03 15:53:32,467:[Rank 0] Dist checkpointing save completed for /mnt/cfs/danerli/workspace/test_benchmark/TestBenchmarkWithTrainingCard/recipe/exp/checkpoint/qwen3_vl_8b_megatron_mutil_node/global_step_120/actor/dist_ckpt[32m [repeated 15x across cluster][0m
[36m(TaskRunner pid=245980)[0m step:120 - actor/entropy:0.3144095838069916 - perf/mfu/actor_infer:0 - actor/kl_loss:0.02763740947226655 - actor/kl_coef:0.009999999999999998 - actor/pg_clipfrac:0.0010745251819240696 - actor/ppo_kl:2.495851141048888e-05 - actor/pg_clipfrac_lower:9.007486286546654e-07 - actor/pg_loss:0.06949275228411848 - actor/grad_norm:0.11131458577222017 - perf/mfu/actor:0.0 - perf/max_memory_allocated_gb:86.11570501327515 - perf/max_memory_reserved_gb:90.04296875 - perf/cpu_memory_used_gb:326.0798854827881 - actor/lr:1e-06 - val-aux/hiyouga/geometry3k/reward/mean@1:0.5645590532639261 - val-core/hiyouga/geometry3k/acc/mean@1:0.564559068219634 - val-aux/num_turns/min:2 - val-aux/num_turns/max:2 - val-aux/num_turns/mean:2.0 - training/global_step:120 - training/epoch:29 - critic/score/mean:0.6124218702316284 - critic/score/max:0.8999999761581421 - critic/score/min:0.0 - critic/rewards/mean:0.6124218702316284 - critic/rewards/max:0.8999999761581421 - critic/rewards/min:0.0 - critic/advantages/mean:-0.06857926398515701 - critic/advantages/max:1.7888498306274414 - critic/advantages/min:-1.7888498306274414 - critic/returns/mean:-0.06857926398515701 - critic/returns/max:1.7888498306274414 - critic/returns/min:-1.7888498306274414 - response_length/mean:839.0011596679688 - response_length/max:2048.0 - response_length/min:134.0 - response_length/clip_ratio:0.11249999701976776 - response_length_non_aborted/mean:839.0011596679688 - response_length_non_aborted/max:2048.0 - response_length_non_aborted/min:134.0 - response_length_non_aborted/clip_ratio:0.11249999701976776 - response/aborted_ratio:0.0 - prompt_length/mean:277.439453125 - prompt_length/max:604.0 - prompt_length/min:189.0 - prompt_length/clip_ratio:0.0 - num_turns/min:2 - num_turns/max:2 - num_turns/mean:2.0 - timing_s/start_profile:8.354801684617996e-05 - timing_s/agent_loop/generate_sequences/min:7.080932676792145 - timing_s/agent_loop/generate_sequences/max:46.14441924309358 - timing_s/agent_loop/generate_sequences/mean:24.01108088593128 - timing_s/agent_loop/tool_calls/min:0.0 - timing_s/agent_loop/tool_calls/max:0.0 - timing_s/agent_loop/tool_calls/mean:0.0 - timing_s/agent_loop/slowest/generate_sequences:46.14441924309358 - timing_s/agent_loop/slowest/tool_calls:0.0 - timing_s/agent_loop/slowest/prompt_length:248 - timing_s/agent_loop/slowest/response_length:2048 - timing_s/gen:61.93410542211495 - timing_s/reward:0.00013467692770063877 - timing_s/old_log_prob:59.36136466800235 - timing_s/ref:55.45331350713968 - timing_s/adv:0.043683086056262255 - timing_s/update_actor:198.24494519201107 - timing_s/step:375.3263979968615 - timing_s/testing:42.98091250983998 - timing_s/save_checkpoint:474.9966009550262 - timing_s/stop_profile:5.173892714083195e-05 - timing_per_token_ms/ref:0.01940224146602193 - timing_per_token_ms/gen:0.0288354900344741 - timing_per_token_ms/update_actor:0.06936278560772484 - timing_per_token_ms/adv:1.5284024164498173e-05 - perf/total_num_tokens:2858088 - perf/time_per_step:375.3263979968615 - perf/throughput:475.9337498064651
[36m(TaskRunner pid=245980)[0m ("Final validation metrics: {'val-aux/hiyouga/geometry3k/reward/mean@1': "
[36m(TaskRunner pid=245980)[0m  "0.5645590532639261, 'val-core/hiyouga/geometry3k/acc/mean@1': "
[36m(TaskRunner pid=245980)[0m  "0.564559068219634, 'val-aux/num_turns/min': 2, 'val-aux/num_turns/max': 2, "
[36m(TaskRunner pid=245980)[0m  "'val-aux/num_turns/mean': 2.0}")
