+ export workspace=/workspace
+ workspace=/workspace
+ cd /workspace
+ ENGINE=vllm
+ export CUDA_DEVICE_MAX_CONNECTIONS=1
+ CUDA_DEVICE_MAX_CONNECTIONS=1
+ export VLLM_ALLREDUCE_USE_SYMM_MEM=0
+ VLLM_ALLREDUCE_USE_SYMM_MEM=0
+ export WANDB_MODE=offline
+ WANDB_MODE=offline
+ HF_MODEL_PATH=/mnt/cfs/tilearn/pretrain_models/Qwen/Qwen3-VL-8B-Instruct
+ GEN_TP=1
+ CP=2
+ TP=2
+ PP=2
+ export nnodes=1
+ nnodes=1
+ export exp_path=/workspace/recipe/exp
+ exp_path=/workspace/recipe/exp
+ export CKPTS_DIR=/workspace/recipe/exp/checkpoint/qwen3_vl_8b_megatron_
+ CKPTS_DIR=/workspace/recipe/exp/checkpoint/qwen3_vl_8b_megatron_
+ train_files=/workspace/datatsets/geo3k/train.parquet
+ val_files=/workspace/datatsets/geo3k/test.parquet
+ python3 -m verl.trainer.main_ppo --config-path=config --config-name=ppo_megatron_trainer.yaml algorithm.adv_estimator=grpo data.train_files=/workspace/datatsets/geo3k/train.parquet data.val_files=/workspace/datatsets/geo3k/test.parquet data.train_batch_size=512 data.max_prompt_length=1024 data.max_response_length=2048 data.filter_overlong_prompts=True data.truncation=error actor_rollout_ref.model.path=/mnt/cfs/tilearn/pretrain_models/Qwen/Qwen3-VL-8B-Instruct actor_rollout_ref.rollout.load_format=safetensors actor_rollout_ref.actor.optim.lr=1e-6 actor_rollout_ref.actor.ppo_mini_batch_size=256 actor_rollout_ref.actor.ppo_micro_batch_size_per_gpu=1 actor_rollout_ref.actor.megatron.pipeline_model_parallel_size=2 actor_rollout_ref.actor.megatron.tensor_model_parallel_size=2 actor_rollout_ref.actor.megatron.context_parallel_size=2 actor_rollout_ref.actor.use_kl_loss=True actor_rollout_ref.actor.kl_loss_coef=0.01 actor_rollout_ref.actor.kl_loss_type=low_var_kl actor_rollout_ref.actor.entropy_coeff=0 actor_rollout_ref.rollout.log_prob_micro_batch_size_per_gpu=1 actor_rollout_ref.rollout.tensor_model_parallel_size=1 actor_rollout_ref.actor.use_dynamic_bsz=True actor_rollout_ref.actor.ppo_max_token_len_per_gpu=4096 actor_rollout_ref.ref.log_prob_use_dynamic_bsz=True actor_rollout_ref.ref.log_prob_max_token_len_per_gpu=4096 actor_rollout_ref.rollout.log_prob_use_dynamic_bsz=True actor_rollout_ref.rollout.log_prob_max_token_len_per_gpu=4096 actor_rollout_ref.rollout.name=vllm +actor_rollout_ref.rollout.engine_kwargs.vllm.disable_mm_preprocessor_cache=True actor_rollout_ref.rollout.gpu_memory_utilization=0.7 actor_rollout_ref.rollout.n=5 actor_rollout_ref.ref.log_prob_micro_batch_size_per_gpu=1 actor_rollout_ref.actor.megatron.use_mbridge=True actor_rollout_ref.actor.megatron.param_offload=True actor_rollout_ref.actor.megatron.optimizer_offload=True actor_rollout_ref.actor.megatron.grad_offload=True actor_rollout_ref.ref.megatron.param_offload=True +actor_rollout_ref.actor.optim.override_optimizer_config.optimizer_offload_fraction=1 +actor_rollout_ref.actor.optim.override_optimizer_config.overlap_cpu_optimizer_d2h_h2d=True +actor_rollout_ref.actor.optim.override_optimizer_config.use_precision_aware_optimizer=True +actor_rollout_ref.actor.optim.override_optimizer_config.optimizer_cpu_offload=True +actor_rollout_ref.actor.megatron.override_transformer_config.moe_router_dtype=fp32 +actor_rollout_ref.actor.megatron.override_transformer_config.moe_enable_deepep=True +actor_rollout_ref.actor.megatron.override_transformer_config.moe_token_dispatcher_type=flex +actor_rollout_ref.actor.megatron.override_transformer_config.recompute_method=uniform +actor_rollout_ref.actor.megatron.override_transformer_config.recompute_granularity=full +actor_rollout_ref.actor.megatron.override_transformer_config.recompute_num_layers=1 +actor_rollout_ref.actor.megatron.override_transformer_config.gradient_accumulation_fusion=True +actor_rollout_ref.actor.megatron.override_transformer_config.moe_permute_fusion=True +actor_rollout_ref.actor.megatron.override_transformer_config.account_for_loss_in_pipeline_split=True +actor_rollout_ref.actor.megatron.override_transformer_config.account_for_embedding_in_pipeline_split=True algorithm.use_kl_in_reward=False trainer.critic_warmup=0 'trainer.logger=["console","wandb"]' trainer.project_name=verl_rl_demo trainer.experiment_name=qwen3_vl_8b_megatron_mutil_node trainer.default_local_dir=/workspace/recipe/exp/checkpoint/qwen3_vl_8b_megatron_ trainer.n_gpus_per_node=8 trainer.nnodes=1 trainer.save_freq=20 trainer.test_freq=5 trainer.total_epochs=15
2026-01-07 04:45:00,568	INFO worker.py:1771 -- Connecting to existing Ray cluster at address: node1:23467...
2026-01-07 04:45:00,578	INFO worker.py:1942 -- Connected to Ray cluster. View the dashboard at [1m[32mhttp://127.0.0.1:8265 [39m[22m
[36m(pid=169079)[0m W0107 04:45:06.404000 169079 torch/utils/cpp_extension.py:118] No CUDA runtime is found, using CUDA_HOME='/usr/local/cuda'
ray init kwargs: {'num_cpus': None, 'runtime_env': {'env_vars': {'TOKENIZERS_PARALLELISM': 'true', 'NCCL_DEBUG': 'WARN', 'VLLM_LOGGING_LEVEL': 'WARN', 'VLLM_ALLOW_RUNTIME_LORA_UPDATING': 'true', 'NCCL_CUMEM_ENABLE': '0'}, 'working_dir': None}}
[36m(TaskRunner pid=169079)[0m TaskRunner hostname: VM-0-11-tencentos, PID: 169079
[36m(TaskRunner pid=169079)[0m {'actor_rollout_ref': {'actor': {'_target_': 'verl.workers.config.McoreActorConfig',
[36m(TaskRunner pid=169079)[0m                                  'calculate_entropy': False,
[36m(TaskRunner pid=169079)[0m                                  'checkpoint': {'_target_': 'verl.trainer.config.CheckpointConfig',
[36m(TaskRunner pid=169079)[0m                                                 'async_save': False,
[36m(TaskRunner pid=169079)[0m                                                 'load_contents': ['model',
[36m(TaskRunner pid=169079)[0m                                                                   'optimizer',
[36m(TaskRunner pid=169079)[0m                                                                   'extra'],
[36m(TaskRunner pid=169079)[0m                                                 'save_contents': ['model',
[36m(TaskRunner pid=169079)[0m                                                                   'optimizer',
[36m(TaskRunner pid=169079)[0m                                                                   'extra']},
[36m(TaskRunner pid=169079)[0m                                  'clip_ratio': 0.2,
[36m(TaskRunner pid=169079)[0m                                  'clip_ratio_c': 3.0,
[36m(TaskRunner pid=169079)[0m                                  'clip_ratio_high': 0.2,
[36m(TaskRunner pid=169079)[0m                                  'clip_ratio_low': 0.2,
[36m(TaskRunner pid=169079)[0m                                  'data_loader_seed': 42,
[36m(TaskRunner pid=169079)[0m                                  'entropy_coeff': 0,
[36m(TaskRunner pid=169079)[0m                                  'freeze_vision_tower': False,
[36m(TaskRunner pid=169079)[0m                                  'kl_loss_coef': 0.01,
[36m(TaskRunner pid=169079)[0m                                  'kl_loss_type': 'low_var_kl',
[36m(TaskRunner pid=169079)[0m                                  'load_weight': True,
[36m(TaskRunner pid=169079)[0m                                  'loss_agg_mode': 'token-mean',
[36m(TaskRunner pid=169079)[0m                                  'loss_scale_factor': None,
[36m(TaskRunner pid=169079)[0m                                  'megatron': {'_target_': 'verl.workers.config.McoreEngineConfig',
[36m(TaskRunner pid=169079)[0m                                               'context_parallel_size': 2,
[36m(TaskRunner pid=169079)[0m                                               'dist_checkpointing_path': None,
[36m(TaskRunner pid=169079)[0m                                               'dist_checkpointing_prefix': '',
[36m(TaskRunner pid=169079)[0m                                               'dtype': 'bfloat16',
[36m(TaskRunner pid=169079)[0m                                               'expert_model_parallel_size': 1,
[36m(TaskRunner pid=169079)[0m                                               'expert_tensor_parallel_size': None,
[36m(TaskRunner pid=169079)[0m                                               'forward_only': False,
[36m(TaskRunner pid=169079)[0m                                               'grad_offload': True,
[36m(TaskRunner pid=169079)[0m                                               'optimizer_offload': True,
[36m(TaskRunner pid=169079)[0m                                               'override_ddp_config': {},
[36m(TaskRunner pid=169079)[0m                                               'override_mcore_model_config': {},
[36m(TaskRunner pid=169079)[0m                                               'override_transformer_config': {'account_for_embedding_in_pipeline_split': True,
[36m(TaskRunner pid=169079)[0m                                                                               'account_for_loss_in_pipeline_split': True,
[36m(TaskRunner pid=169079)[0m                                                                               'attention_backend': 'flash',
[36m(TaskRunner pid=169079)[0m                                                                               'gradient_accumulation_fusion': True,
[36m(TaskRunner pid=169079)[0m                                                                               'moe_enable_deepep': True,
[36m(TaskRunner pid=169079)[0m                                                                               'moe_permute_fusion': True,
[36m(TaskRunner pid=169079)[0m                                                                               'moe_router_dtype': 'fp32',
[36m(TaskRunner pid=169079)[0m                                                                               'moe_token_dispatcher_type': 'flex',
[36m(TaskRunner pid=169079)[0m                                                                               'recompute_granularity': 'full',
[36m(TaskRunner pid=169079)[0m                                                                               'recompute_method': 'uniform',
[36m(TaskRunner pid=169079)[0m                                                                               'recompute_modules': ['core_attn'],
[36m(TaskRunner pid=169079)[0m                                                                               'recompute_num_layers': 1},
[36m(TaskRunner pid=169079)[0m                                               'param_offload': True,
[36m(TaskRunner pid=169079)[0m                                               'pipeline_model_parallel_size': 2,
[36m(TaskRunner pid=169079)[0m                                               'seed': 42,
[36m(TaskRunner pid=169079)[0m                                               'sequence_parallel': True,
[36m(TaskRunner pid=169079)[0m                                               'tensor_model_parallel_size': 2,
[36m(TaskRunner pid=169079)[0m                                               'use_dist_checkpointing': False,
[36m(TaskRunner pid=169079)[0m                                               'use_distributed_optimizer': True,
[36m(TaskRunner pid=169079)[0m                                               'use_mbridge': True,
[36m(TaskRunner pid=169079)[0m                                               'use_remove_padding': True,
[36m(TaskRunner pid=169079)[0m                                               'vanilla_mbridge': True,
[36m(TaskRunner pid=169079)[0m                                               'virtual_pipeline_model_parallel_size': None},
[36m(TaskRunner pid=169079)[0m                                  'optim': {'_target_': 'verl.workers.config.McoreOptimizerConfig',
[36m(TaskRunner pid=169079)[0m                                            'betas': [0.9, 0.999],
[36m(TaskRunner pid=169079)[0m                                            'clip_grad': 1.0,
[36m(TaskRunner pid=169079)[0m                                            'lr': 1e-06,
[36m(TaskRunner pid=169079)[0m                                            'lr_decay_steps': None,
[36m(TaskRunner pid=169079)[0m                                            'lr_decay_style': 'constant',
[36m(TaskRunner pid=169079)[0m                                            'lr_warmup_init': 0.0,
[36m(TaskRunner pid=169079)[0m                                            'lr_warmup_steps': -1,
[36m(TaskRunner pid=169079)[0m                                            'lr_warmup_steps_ratio': 0.0,
[36m(TaskRunner pid=169079)[0m                                            'lr_wsd_decay_steps': None,
[36m(TaskRunner pid=169079)[0m                                            'lr_wsd_decay_style': 'exponential',
[36m(TaskRunner pid=169079)[0m                                            'min_lr': 0.0,
[36m(TaskRunner pid=169079)[0m                                            'optimizer': 'adam',
[36m(TaskRunner pid=169079)[0m                                            'override_optimizer_config': {'optimizer_cpu_offload': True,
[36m(TaskRunner pid=169079)[0m                                                                          'optimizer_offload_fraction': 1,
[36m(TaskRunner pid=169079)[0m                                                                          'overlap_cpu_optimizer_d2h_h2d': True,
[36m(TaskRunner pid=169079)[0m                                                                          'use_precision_aware_optimizer': True},
[36m(TaskRunner pid=169079)[0m                                            'total_training_steps': -1,
[36m(TaskRunner pid=169079)[0m                                            'use_checkpoint_opt_param_scheduler': False,
[36m(TaskRunner pid=169079)[0m                                            'weight_decay': 0.01,
[36m(TaskRunner pid=169079)[0m                                            'weight_decay_incr_style': 'constant'},
[36m(TaskRunner pid=169079)[0m                                  'policy_loss': {'_target_': 'verl.workers.config.PolicyLossConfig',
[36m(TaskRunner pid=169079)[0m                                                  'clip_cov_lb': 1.0,
[36m(TaskRunner pid=169079)[0m                                                  'clip_cov_ratio': 0.0002,
[36m(TaskRunner pid=169079)[0m                                                  'clip_cov_ub': 5.0,
[36m(TaskRunner pid=169079)[0m                                                  'kl_cov_ratio': 0.0002,
[36m(TaskRunner pid=169079)[0m                                                  'loss_mode': 'vanilla',
[36m(TaskRunner pid=169079)[0m                                                  'ppo_kl_coef': 0.1},
[36m(TaskRunner pid=169079)[0m                                  'ppo_epochs': 1,
[36m(TaskRunner pid=169079)[0m                                  'ppo_max_token_len_per_gpu': 4096,
[36m(TaskRunner pid=169079)[0m                                  'ppo_micro_batch_size': None,
[36m(TaskRunner pid=169079)[0m                                  'ppo_micro_batch_size_per_gpu': 1,
[36m(TaskRunner pid=169079)[0m                                  'ppo_mini_batch_size': 256,
[36m(TaskRunner pid=169079)[0m                                  'profiler': {'_target_': 'verl.utils.profiler.ProfilerConfig',
[36m(TaskRunner pid=169079)[0m                                               'all_ranks': False,
[36m(TaskRunner pid=169079)[0m                                               'enable': False,
[36m(TaskRunner pid=169079)[0m                                               'ranks': [],
[36m(TaskRunner pid=169079)[0m                                               'save_path': 'outputs/profile',
[36m(TaskRunner pid=169079)[0m                                               'tool': None,
[36m(TaskRunner pid=169079)[0m                                               'tool_config': {'npu': {'_target_': 'verl.utils.profiler.config.NPUToolConfig',
[36m(TaskRunner pid=169079)[0m                                                                       'analysis': True,
[36m(TaskRunner pid=169079)[0m                                                                       'contents': [],
[36m(TaskRunner pid=169079)[0m                                                                       'discrete': False,
[36m(TaskRunner pid=169079)[0m                                                                       'level': 'level0'},
[36m(TaskRunner pid=169079)[0m                                                               'nsys': {'_target_': 'verl.utils.profiler.config.NsightToolConfig',
[36m(TaskRunner pid=169079)[0m                                                                        'discrete': False},
[36m(TaskRunner pid=169079)[0m                                                               'torch': {'_target_': 'verl.utils.profiler.config.TorchProfilerToolConfig',
[36m(TaskRunner pid=169079)[0m                                                                         'step_end': None,
[36m(TaskRunner pid=169079)[0m                                                                         'step_start': 0},
[36m(TaskRunner pid=169079)[0m                                                               'torch_memory': {'_target_': 'verl.utils.profiler.config.TorchMemoryToolConfig',
[36m(TaskRunner pid=169079)[0m                                                                                'stack_depth': 32,
[36m(TaskRunner pid=169079)[0m                                                                                'trace_alloc_max_entries': 100000}}},
[36m(TaskRunner pid=169079)[0m                                  'rollout_n': 5,
[36m(TaskRunner pid=169079)[0m                                  'router_replay': {'_target_': 'verl.workers.config.RouterReplayConfig',
[36m(TaskRunner pid=169079)[0m                                                    'mode': 'disabled',
[36m(TaskRunner pid=169079)[0m                                                    'record_file': None,
[36m(TaskRunner pid=169079)[0m                                                    'replay_file': None},
[36m(TaskRunner pid=169079)[0m                                  'shuffle': False,
[36m(TaskRunner pid=169079)[0m                                  'strategy': 'megatron',
[36m(TaskRunner pid=169079)[0m                                  'tau_neg': 1.05,
[36m(TaskRunner pid=169079)[0m                                  'tau_pos': 1.0,
[36m(TaskRunner pid=169079)[0m                                  'use_dynamic_bsz': True,
[36m(TaskRunner pid=169079)[0m                                  'use_fused_kernels': False,
[36m(TaskRunner pid=169079)[0m                                  'use_kl_loss': True,
[36m(TaskRunner pid=169079)[0m                                  'use_torch_compile': True},
[36m(TaskRunner pid=169079)[0m                        'hybrid_engine': True,
[36m(TaskRunner pid=169079)[0m                        'model': {'_target_': 'verl.workers.config.HFModelConfig',
[36m(TaskRunner pid=169079)[0m                                  'custom_chat_template': None,
[36m(TaskRunner pid=169079)[0m                                  'enable_activation_offload': False,
[36m(TaskRunner pid=169079)[0m                                  'enable_gradient_checkpointing': True,
[36m(TaskRunner pid=169079)[0m                                  'exclude_modules': None,
[36m(TaskRunner pid=169079)[0m                                  'external_lib': None,
[36m(TaskRunner pid=169079)[0m                                  'fused_kernel_options': {'impl_backend': 'torch'},
[36m(TaskRunner pid=169079)[0m                                  'hf_config_path': None,
[36m(TaskRunner pid=169079)[0m                                  'lora': {'a2a_experimental': False,
[36m(TaskRunner pid=169079)[0m                                           'adapter_path': None,
[36m(TaskRunner pid=169079)[0m                                           'alpha': 32,
[36m(TaskRunner pid=169079)[0m                                           'dropout': 0.0,
[36m(TaskRunner pid=169079)[0m                                           'dropout_position': 'pre',
[36m(TaskRunner pid=169079)[0m                                           'dtype': None,
[36m(TaskRunner pid=169079)[0m                                           'exclude_modules': [],
[36m(TaskRunner pid=169079)[0m                                           'freeze_language_model': True,
[36m(TaskRunner pid=169079)[0m                                           'freeze_vision_model': True,
[36m(TaskRunner pid=169079)[0m                                           'freeze_vision_projection': True,
[36m(TaskRunner pid=169079)[0m                                           'lora_A_init_method': 'xavier',
[36m(TaskRunner pid=169079)[0m                                           'lora_B_init_method': 'zero',
[36m(TaskRunner pid=169079)[0m                                           'rank': 0,
[36m(TaskRunner pid=169079)[0m                                           'target_modules': ['linear_qkv',
[36m(TaskRunner pid=169079)[0m                                                              'linear_proj',
[36m(TaskRunner pid=169079)[0m                                                              'linear_fc1',
[36m(TaskRunner pid=169079)[0m                                                              'linear_fc2'],
[36m(TaskRunner pid=169079)[0m                                           'type': 'lora'},
[36m(TaskRunner pid=169079)[0m                                  'lora_adapter_path': None,
[36m(TaskRunner pid=169079)[0m                                  'lora_alpha': 16,
[36m(TaskRunner pid=169079)[0m                                  'lora_rank': 0,
[36m(TaskRunner pid=169079)[0m                                  'override_config': {'model_config': {},
[36m(TaskRunner pid=169079)[0m                                                      'moe_config': {'freeze_moe_router': False}},
[36m(TaskRunner pid=169079)[0m                                  'path': '/mnt/cfs/tilearn/pretrain_models/Qwen/Qwen3-VL-8B-Instruct',
[36m(TaskRunner pid=169079)[0m                                  'target_modules': 'all-linear',
[36m(TaskRunner pid=169079)[0m                                  'tokenizer_path': None,
[36m(TaskRunner pid=169079)[0m                                  'trust_remote_code': False,
[36m(TaskRunner pid=169079)[0m                                  'use_fused_kernels': False,
[36m(TaskRunner pid=169079)[0m                                  'use_liger': False,
[36m(TaskRunner pid=169079)[0m                                  'use_remove_padding': False,
[36m(TaskRunner pid=169079)[0m                                  'use_shm': False},
[36m(TaskRunner pid=169079)[0m                        'nccl_timeout': 600,
[36m(TaskRunner pid=169079)[0m                        'ref': {'_target_': 'verl.workers.config.McoreActorConfig',
[36m(TaskRunner pid=169079)[0m                                'load_weight': True,
[36m(TaskRunner pid=169079)[0m                                'log_prob_max_token_len_per_gpu': 4096,
[36m(TaskRunner pid=169079)[0m                                'log_prob_micro_batch_size': None,
[36m(TaskRunner pid=169079)[0m                                'log_prob_micro_batch_size_per_gpu': 1,
[36m(TaskRunner pid=169079)[0m                                'log_prob_use_dynamic_bsz': True,
[36m(TaskRunner pid=169079)[0m                                'megatron': {'_target_': 'verl.workers.config.McoreEngineConfig',
[36m(TaskRunner pid=169079)[0m                                             'context_parallel_size': 2,
[36m(TaskRunner pid=169079)[0m                                             'dist_checkpointing_path': None,
[36m(TaskRunner pid=169079)[0m                                             'dist_checkpointing_prefix': '',
[36m(TaskRunner pid=169079)[0m                                             'dtype': 'bfloat16',
[36m(TaskRunner pid=169079)[0m                                             'expert_model_parallel_size': 1,
[36m(TaskRunner pid=169079)[0m                                             'expert_tensor_parallel_size': None,
[36m(TaskRunner pid=169079)[0m                                             'forward_only': True,
[36m(TaskRunner pid=169079)[0m                                             'grad_offload': False,
[36m(TaskRunner pid=169079)[0m                                             'optimizer_offload': False,
[36m(TaskRunner pid=169079)[0m                                             'override_ddp_config': {},
[36m(TaskRunner pid=169079)[0m                                             'override_mcore_model_config': {},
[36m(TaskRunner pid=169079)[0m                                             'override_transformer_config': {'account_for_embedding_in_pipeline_split': True,
[36m(TaskRunner pid=169079)[0m                                                                             'account_for_loss_in_pipeline_split': True,
[36m(TaskRunner pid=169079)[0m                                                                             'attention_backend': 'flash',
[36m(TaskRunner pid=169079)[0m                                                                             'gradient_accumulation_fusion': True,
[36m(TaskRunner pid=169079)[0m                                                                             'moe_enable_deepep': True,
[36m(TaskRunner pid=169079)[0m                                                                             'moe_permute_fusion': True,
[36m(TaskRunner pid=169079)[0m                                                                             'moe_router_dtype': 'fp32',
[36m(TaskRunner pid=169079)[0m                                                                             'moe_token_dispatcher_type': 'flex',
[36m(TaskRunner pid=169079)[0m                                                                             'recompute_granularity': 'full',
[36m(TaskRunner pid=169079)[0m                                                                             'recompute_method': 'uniform',
[36m(TaskRunner pid=169079)[0m                                                                             'recompute_modules': ['core_attn'],
[36m(TaskRunner pid=169079)[0m                                                                             'recompute_num_layers': 1},
[36m(TaskRunner pid=169079)[0m                                             'param_offload': True,
[36m(TaskRunner pid=169079)[0m                                             'pipeline_model_parallel_size': 2,
[36m(TaskRunner pid=169079)[0m                                             'seed': 42,
[36m(TaskRunner pid=169079)[0m                                             'sequence_parallel': True,
[36m(TaskRunner pid=169079)[0m                                             'tensor_model_parallel_size': 2,
[36m(TaskRunner pid=169079)[0m                                             'use_dist_checkpointing': False,
[36m(TaskRunner pid=169079)[0m                                             'use_distributed_optimizer': True,
[36m(TaskRunner pid=169079)[0m                                             'use_mbridge': True,
[36m(TaskRunner pid=169079)[0m                                             'use_remove_padding': True,
[36m(TaskRunner pid=169079)[0m                                             'vanilla_mbridge': True,
[36m(TaskRunner pid=169079)[0m                                             'virtual_pipeline_model_parallel_size': None},
[36m(TaskRunner pid=169079)[0m                                'profiler': {'_target_': 'verl.utils.profiler.ProfilerConfig',
[36m(TaskRunner pid=169079)[0m                                             'all_ranks': False,
[36m(TaskRunner pid=169079)[0m                                             'enable': False,
[36m(TaskRunner pid=169079)[0m                                             'ranks': [],
[36m(TaskRunner pid=169079)[0m                                             'save_path': 'outputs/profile',
[36m(TaskRunner pid=169079)[0m                                             'tool': None,
[36m(TaskRunner pid=169079)[0m                                             'tool_config': {'npu': {'_target_': 'verl.utils.profiler.config.NPUToolConfig',
[36m(TaskRunner pid=169079)[0m                                                                     'analysis': True,
[36m(TaskRunner pid=169079)[0m                                                                     'contents': [],
[36m(TaskRunner pid=169079)[0m                                                                     'discrete': False,
[36m(TaskRunner pid=169079)[0m                                                                     'level': 'level0'},
[36m(TaskRunner pid=169079)[0m                                                             'nsys': {'_target_': 'verl.utils.profiler.config.NsightToolConfig',
[36m(TaskRunner pid=169079)[0m                                                                      'discrete': False},
[36m(TaskRunner pid=169079)[0m                                                             'torch': {'_target_': 'verl.utils.profiler.config.TorchProfilerToolConfig',
[36m(TaskRunner pid=169079)[0m                                                                       'step_end': None,
[36m(TaskRunner pid=169079)[0m                                                                       'step_start': 0},
[36m(TaskRunner pid=169079)[0m                                                             'torch_memory': {'_target_': 'verl.utils.profiler.config.TorchMemoryToolConfig',
[36m(TaskRunner pid=169079)[0m                                                                              'stack_depth': 32,
[36m(TaskRunner pid=169079)[0m                                                                              'trace_alloc_max_entries': 100000}}},
[36m(TaskRunner pid=169079)[0m                                'rollout_n': 5,
[36m(TaskRunner pid=169079)[0m                                'router_replay': {'_target_': 'verl.workers.config.RouterReplayConfig',
[36m(TaskRunner pid=169079)[0m                                                  'mode': 'disabled',
[36m(TaskRunner pid=169079)[0m                                                  'record_file': None,
[36m(TaskRunner pid=169079)[0m                                                  'replay_file': None},
[36m(TaskRunner pid=169079)[0m                                'strategy': 'megatron',
[36m(TaskRunner pid=169079)[0m                                'use_torch_compile': True},
[36m(TaskRunner pid=169079)[0m                        'rollout': {'_target_': 'verl.workers.config.RolloutConfig',
[36m(TaskRunner pid=169079)[0m                                    'agent': {'_target_': 'verl.workers.config.AgentLoopConfig',
[36m(TaskRunner pid=169079)[0m                                              'agent_loop_config_path': None,
[36m(TaskRunner pid=169079)[0m                                              'custom_async_server': {'_target_': 'verl.workers.config.CustomAsyncServerConfig',
[36m(TaskRunner pid=169079)[0m                                                                      'name': None,
[36m(TaskRunner pid=169079)[0m                                                                      'path': None},
[36m(TaskRunner pid=169079)[0m                                              'default_agent_loop': 'single_turn_agent',
[36m(TaskRunner pid=169079)[0m                                              'num_workers': 8},
[36m(TaskRunner pid=169079)[0m                                    'calculate_log_probs': False,
[36m(TaskRunner pid=169079)[0m                                    'cudagraph_capture_sizes': None,
[36m(TaskRunner pid=169079)[0m                                    'data_parallel_size': 1,
[36m(TaskRunner pid=169079)[0m                                    'disable_log_stats': True,
[36m(TaskRunner pid=169079)[0m                                    'do_sample': True,
[36m(TaskRunner pid=169079)[0m                                    'dtype': 'bfloat16',
[36m(TaskRunner pid=169079)[0m                                    'enable_chunked_prefill': True,
[36m(TaskRunner pid=169079)[0m                                    'enable_prefix_caching': True,
[36m(TaskRunner pid=169079)[0m                                    'enable_rollout_routing_replay': False,
[36m(TaskRunner pid=169079)[0m                                    'enforce_eager': False,
[36m(TaskRunner pid=169079)[0m                                    'engine_kwargs': {'sglang': {},
[36m(TaskRunner pid=169079)[0m                                                      'vllm': {'disable_mm_preprocessor_cache': True}},
[36m(TaskRunner pid=169079)[0m                                    'expert_parallel_size': 1,
[36m(TaskRunner pid=169079)[0m                                    'free_cache_engine': True,
[36m(TaskRunner pid=169079)[0m                                    'gpu_memory_utilization': 0.7,
[36m(TaskRunner pid=169079)[0m                                    'ignore_eos': False,
[36m(TaskRunner pid=169079)[0m                                    'layer_name_map': {'gate_proj_layer_name': 'gate_up',
[36m(TaskRunner pid=169079)[0m                                                       'qkv_layer_name': 'qkv'},
[36m(TaskRunner pid=169079)[0m                                    'load_format': 'safetensors',
[36m(TaskRunner pid=169079)[0m                                    'log_prob_max_token_len_per_gpu': 4096,
[36m(TaskRunner pid=169079)[0m                                    'log_prob_micro_batch_size': None,
[36m(TaskRunner pid=169079)[0m                                    'log_prob_micro_batch_size_per_gpu': 1,
[36m(TaskRunner pid=169079)[0m                                    'log_prob_use_dynamic_bsz': True,
[36m(TaskRunner pid=169079)[0m                                    'max_model_len': None,
[36m(TaskRunner pid=169079)[0m                                    'max_num_batched_tokens': 8192,
[36m(TaskRunner pid=169079)[0m                                    'max_num_seqs': 1024,
[36m(TaskRunner pid=169079)[0m                                    'mode': 'async',
[36m(TaskRunner pid=169079)[0m                                    'multi_stage_wake_up': False,
[36m(TaskRunner pid=169079)[0m                                    'multi_turn': {'_target_': 'verl.workers.config.MultiTurnConfig',
[36m(TaskRunner pid=169079)[0m                                                   'enable': False,
[36m(TaskRunner pid=169079)[0m                                                   'format': 'hermes',
[36m(TaskRunner pid=169079)[0m                                                   'interaction_config_path': None,
[36m(TaskRunner pid=169079)[0m                                                   'max_assistant_turns': None,
[36m(TaskRunner pid=169079)[0m                                                   'max_parallel_calls': 1,
[36m(TaskRunner pid=169079)[0m                                                   'max_tool_response_length': 256,
[36m(TaskRunner pid=169079)[0m                                                   'max_user_turns': None,
[36m(TaskRunner pid=169079)[0m                                                   'num_repeat_rollouts': None,
[36m(TaskRunner pid=169079)[0m                                                   'tokenization_sanity_check_mode': 'strict',
[36m(TaskRunner pid=169079)[0m                                                   'tool_config_path': None,
[36m(TaskRunner pid=169079)[0m                                                   'tool_response_truncate_side': 'middle',
[36m(TaskRunner pid=169079)[0m                                                   'use_inference_chat_template': False},
[36m(TaskRunner pid=169079)[0m                                    'n': 5,
[36m(TaskRunner pid=169079)[0m                                    'name': 'vllm',
[36m(TaskRunner pid=169079)[0m                                    'over_sample_rate': 0,
[36m(TaskRunner pid=169079)[0m                                    'pipeline_model_parallel_size': 1,
[36m(TaskRunner pid=169079)[0m                                    'profiler': {'_target_': 'verl.utils.profiler.ProfilerConfig',
[36m(TaskRunner pid=169079)[0m                                                 'all_ranks': False,
[36m(TaskRunner pid=169079)[0m                                                 'enable': False,
[36m(TaskRunner pid=169079)[0m                                                 'ranks': [],
[36m(TaskRunner pid=169079)[0m                                                 'save_path': 'outputs/profile',
[36m(TaskRunner pid=169079)[0m                                                 'tool': None,
[36m(TaskRunner pid=169079)[0m                                                 'tool_config': {'npu': {'_target_': 'verl.utils.profiler.config.NPUToolConfig',
[36m(TaskRunner pid=169079)[0m                                                                         'analysis': True,
[36m(TaskRunner pid=169079)[0m                                                                         'contents': [],
[36m(TaskRunner pid=169079)[0m                                                                         'discrete': False,
[36m(TaskRunner pid=169079)[0m                                                                         'level': 'level0'},
[36m(TaskRunner pid=169079)[0m                                                                 'nsys': {'_target_': 'verl.utils.profiler.config.NsightToolConfig',
[36m(TaskRunner pid=169079)[0m                                                                          'discrete': False},
[36m(TaskRunner pid=169079)[0m                                                                 'torch': {'_target_': 'verl.utils.profiler.config.TorchProfilerToolConfig',
[36m(TaskRunner pid=169079)[0m                                                                           'step_end': None,
[36m(TaskRunner pid=169079)[0m                                                                           'step_start': 0},
[36m(TaskRunner pid=169079)[0m                                                                 'torch_memory': {'_target_': 'verl.utils.profiler.config.TorchMemoryToolConfig',
[36m(TaskRunner pid=169079)[0m                                                                                  'stack_depth': 32,
[36m(TaskRunner pid=169079)[0m                                                                                  'trace_alloc_max_entries': 100000}}},
[36m(TaskRunner pid=169079)[0m                                    'prometheus': {'_target_': 'verl.workers.config.PrometheusConfig',
[36m(TaskRunner pid=169079)[0m                                                   'enable': False,
[36m(TaskRunner pid=169079)[0m                                                   'file': '/tmp/ray/session_latest/metrics/prometheus/prometheus.yml',
[36m(TaskRunner pid=169079)[0m                                                   'port': 9090,
[36m(TaskRunner pid=169079)[0m                                                   'served_model_name': '/mnt/cfs/tilearn/pretrain_models/Qwen/Qwen3-VL-8B-Instruct'},
[36m(TaskRunner pid=169079)[0m                                    'prompt_length': 1024,
[36m(TaskRunner pid=169079)[0m                                    'quantization': None,
[36m(TaskRunner pid=169079)[0m                                    'quantization_config_file': None,
[36m(TaskRunner pid=169079)[0m                                    'response_length': 2048,
[36m(TaskRunner pid=169079)[0m                                    'skip_dump_dir': '/tmp/rollout_dump',
[36m(TaskRunner pid=169079)[0m                                    'skip_rollout': False,
[36m(TaskRunner pid=169079)[0m                                    'skip_tokenizer_init': True,
[36m(TaskRunner pid=169079)[0m                                    'temperature': 1.0,
[36m(TaskRunner pid=169079)[0m                                    'tensor_model_parallel_size': 1,
[36m(TaskRunner pid=169079)[0m                                    'top_k': -1,
[36m(TaskRunner pid=169079)[0m                                    'top_p': 1,
[36m(TaskRunner pid=169079)[0m                                    'trace': {'_target_': 'verl.workers.config.TraceConfig',
[36m(TaskRunner pid=169079)[0m                                              'backend': None,
[36m(TaskRunner pid=169079)[0m                                              'max_samples_per_step_per_worker': None,
[36m(TaskRunner pid=169079)[0m                                              'token2text': False},
[36m(TaskRunner pid=169079)[0m                                    'update_weights_bucket_megabytes': 512,
[36m(TaskRunner pid=169079)[0m                                    'val_kwargs': {'_target_': 'verl.workers.config.SamplingConfig',
[36m(TaskRunner pid=169079)[0m                                                   'do_sample': False,
[36m(TaskRunner pid=169079)[0m                                                   'n': 1,
[36m(TaskRunner pid=169079)[0m                                                   'temperature': 0,
[36m(TaskRunner pid=169079)[0m                                                   'top_k': -1,
[36m(TaskRunner pid=169079)[0m                                                   'top_p': 1.0}}},
[36m(TaskRunner pid=169079)[0m  'algorithm': {'_target_': 'verl.trainer.config.AlgoConfig',
[36m(TaskRunner pid=169079)[0m                'adv_estimator': 'grpo',
[36m(TaskRunner pid=169079)[0m                'gamma': 1.0,
[36m(TaskRunner pid=169079)[0m                'kl_ctrl': {'_target_': 'verl.trainer.config.KLControlConfig',
[36m(TaskRunner pid=169079)[0m                            'horizon': 10000,
[36m(TaskRunner pid=169079)[0m                            'kl_coef': 0.001,
[36m(TaskRunner pid=169079)[0m                            'target_kl': 0.1,
[36m(TaskRunner pid=169079)[0m                            'type': 'fixed'},
[36m(TaskRunner pid=169079)[0m                'kl_penalty': 'kl',
[36m(TaskRunner pid=169079)[0m                'lam': 1.0,
[36m(TaskRunner pid=169079)[0m                'norm_adv_by_std_in_grpo': True,
[36m(TaskRunner pid=169079)[0m                'pf_ppo': {'reweight_method': 'pow', 'weight_pow': 2.0},
[36m(TaskRunner pid=169079)[0m                'rollout_correction': {'bypass_mode': False,
[36m(TaskRunner pid=169079)[0m                                       'loss_type': 'ppo_clip',
[36m(TaskRunner pid=169079)[0m                                       'rollout_is': None,
[36m(TaskRunner pid=169079)[0m                                       'rollout_is_batch_normalize': False,
[36m(TaskRunner pid=169079)[0m                                       'rollout_is_threshold': 2.0,
[36m(TaskRunner pid=169079)[0m                                       'rollout_rs': None,
[36m(TaskRunner pid=169079)[0m                                       'rollout_rs_threshold': None,
[36m(TaskRunner pid=169079)[0m                                       'rollout_rs_threshold_lower': None,
[36m(TaskRunner pid=169079)[0m                                       'rollout_token_veto_threshold': None},
[36m(TaskRunner pid=169079)[0m                'use_kl_in_reward': False,
[36m(TaskRunner pid=169079)[0m                'use_pf_ppo': False},
[36m(TaskRunner pid=169079)[0m  'critic': {'_target_': 'verl.workers.config.McoreCriticConfig',
[36m(TaskRunner pid=169079)[0m             'checkpoint': {'_target_': 'verl.trainer.config.CheckpointConfig',
[36m(TaskRunner pid=169079)[0m                            'async_save': False,
[36m(TaskRunner pid=169079)[0m                            'load_contents': ['model', 'optimizer', 'extra'],
[36m(TaskRunner pid=169079)[0m                            'save_contents': ['model', 'optimizer', 'extra']},
[36m(TaskRunner pid=169079)[0m             'cliprange_value': 0.5,
[36m(TaskRunner pid=169079)[0m             'data_loader_seed': 42,
[36m(TaskRunner pid=169079)[0m             'enable': None,
[36m(TaskRunner pid=169079)[0m             'forward_max_token_len_per_gpu': 32768,
[36m(TaskRunner pid=169079)[0m             'load_weight': True,
[36m(TaskRunner pid=169079)[0m             'loss_agg_mode': 'token-mean',
[36m(TaskRunner pid=169079)[0m             'megatron': {'_target_': 'verl.workers.config.McoreEngineConfig',
[36m(TaskRunner pid=169079)[0m                          'context_parallel_size': 1,
[36m(TaskRunner pid=169079)[0m                          'dist_checkpointing_path': None,
[36m(TaskRunner pid=169079)[0m                          'dist_checkpointing_prefix': '',
[36m(TaskRunner pid=169079)[0m                          'dtype': 'bfloat16',
[36m(TaskRunner pid=169079)[0m                          'expert_model_parallel_size': 1,
[36m(TaskRunner pid=169079)[0m                          'expert_tensor_parallel_size': None,
[36m(TaskRunner pid=169079)[0m                          'forward_only': False,
[36m(TaskRunner pid=169079)[0m                          'grad_offload': False,
[36m(TaskRunner pid=169079)[0m                          'optimizer_offload': False,
[36m(TaskRunner pid=169079)[0m                          'override_ddp_config': {},
[36m(TaskRunner pid=169079)[0m                          'override_mcore_model_config': {},
[36m(TaskRunner pid=169079)[0m                          'override_transformer_config': {'attention_backend': 'flash',
[36m(TaskRunner pid=169079)[0m                                                          'recompute_granularity': None,
[36m(TaskRunner pid=169079)[0m                                                          'recompute_method': None,
[36m(TaskRunner pid=169079)[0m                                                          'recompute_modules': ['core_attn'],
[36m(TaskRunner pid=169079)[0m                                                          'recompute_num_layers': None},
[36m(TaskRunner pid=169079)[0m                          'param_offload': False,
[36m(TaskRunner pid=169079)[0m                          'pipeline_model_parallel_size': 1,
[36m(TaskRunner pid=169079)[0m                          'seed': 42,
[36m(TaskRunner pid=169079)[0m                          'sequence_parallel': True,
[36m(TaskRunner pid=169079)[0m                          'tensor_model_parallel_size': 1,
[36m(TaskRunner pid=169079)[0m                          'use_dist_checkpointing': False,
[36m(TaskRunner pid=169079)[0m                          'use_distributed_optimizer': True,
[36m(TaskRunner pid=169079)[0m                          'use_mbridge': True,
[36m(TaskRunner pid=169079)[0m                          'use_remove_padding': True,
[36m(TaskRunner pid=169079)[0m                          'vanilla_mbridge': True,
[36m(TaskRunner pid=169079)[0m                          'virtual_pipeline_model_parallel_size': None},
[36m(TaskRunner pid=169079)[0m             'model': {'_target_': 'verl.trainer.config.BaseModelConfig',
[36m(TaskRunner pid=169079)[0m                       'external_lib': None,
[36m(TaskRunner pid=169079)[0m                       'lora': {'a2a_experimental': False,
[36m(TaskRunner pid=169079)[0m                                'adapter_path': None,
[36m(TaskRunner pid=169079)[0m                                'alpha': 32,
[36m(TaskRunner pid=169079)[0m                                'dropout': 0.0,
[36m(TaskRunner pid=169079)[0m                                'dropout_position': 'pre',
[36m(TaskRunner pid=169079)[0m                                'dtype': None,
[36m(TaskRunner pid=169079)[0m                                'exclude_modules': [],
[36m(TaskRunner pid=169079)[0m                                'freeze_language_model': True,
[36m(TaskRunner pid=169079)[0m                                'freeze_vision_model': True,
[36m(TaskRunner pid=169079)[0m                                'freeze_vision_projection': True,
[36m(TaskRunner pid=169079)[0m                                'lora_A_init_method': 'xavier',
[36m(TaskRunner pid=169079)[0m                                'lora_B_init_method': 'zero',
[36m(TaskRunner pid=169079)[0m                                'rank': 0,
[36m(TaskRunner pid=169079)[0m                                'target_modules': ['linear_qkv',
[36m(TaskRunner pid=169079)[0m                                                   'linear_proj',
[36m(TaskRunner pid=169079)[0m                                                   'linear_fc1',
[36m(TaskRunner pid=169079)[0m                                                   'linear_fc2'],
[36m(TaskRunner pid=169079)[0m                                'type': 'lora'},
[36m(TaskRunner pid=169079)[0m                       'override_config': {'model_config': {},
[36m(TaskRunner pid=169079)[0m                                           'moe_config': {'freeze_moe_router': False}},
[36m(TaskRunner pid=169079)[0m                       'path': '~/models/deepseek-llm-7b-chat',
[36m(TaskRunner pid=169079)[0m                       'tokenizer_path': '/mnt/cfs/tilearn/pretrain_models/Qwen/Qwen3-VL-8B-Instruct',
[36m(TaskRunner pid=169079)[0m                       'trust_remote_code': False},
[36m(TaskRunner pid=169079)[0m             'nccl_timeout': 600,
[36m(TaskRunner pid=169079)[0m             'optim': {'_target_': 'verl.workers.config.McoreOptimizerConfig',
[36m(TaskRunner pid=169079)[0m                       'betas': [0.9, 0.999],
[36m(TaskRunner pid=169079)[0m                       'clip_grad': 1.0,
[36m(TaskRunner pid=169079)[0m                       'lr': 1e-05,
[36m(TaskRunner pid=169079)[0m                       'lr_decay_steps': None,
[36m(TaskRunner pid=169079)[0m                       'lr_decay_style': 'constant',
[36m(TaskRunner pid=169079)[0m                       'lr_warmup_init': 0.0,
[36m(TaskRunner pid=169079)[0m                       'lr_warmup_steps': -1,
[36m(TaskRunner pid=169079)[0m                       'lr_warmup_steps_ratio': 0.0,
[36m(TaskRunner pid=169079)[0m                       'lr_wsd_decay_steps': None,
[36m(TaskRunner pid=169079)[0m                       'lr_wsd_decay_style': 'exponential',
[36m(TaskRunner pid=169079)[0m                       'min_lr': 0.0,
[36m(TaskRunner pid=169079)[0m                       'optimizer': 'adam',
[36m(TaskRunner pid=169079)[0m                       'override_optimizer_config': {},
[36m(TaskRunner pid=169079)[0m                       'total_training_steps': -1,
[36m(TaskRunner pid=169079)[0m                       'use_checkpoint_opt_param_scheduler': False,
[36m(TaskRunner pid=169079)[0m                       'weight_decay': 0.01,
[36m(TaskRunner pid=169079)[0m                       'weight_decay_incr_style': 'constant'},
[36m(TaskRunner pid=169079)[0m             'ppo_epochs': 1,
[36m(TaskRunner pid=169079)[0m             'ppo_max_token_len_per_gpu': 32768,
[36m(TaskRunner pid=169079)[0m             'ppo_micro_batch_size': None,
[36m(TaskRunner pid=169079)[0m             'ppo_micro_batch_size_per_gpu': None,
[36m(TaskRunner pid=169079)[0m             'ppo_mini_batch_size': 256,
[36m(TaskRunner pid=169079)[0m             'profiler': {'_target_': 'verl.utils.profiler.ProfilerConfig',
[36m(TaskRunner pid=169079)[0m                          'all_ranks': False,
[36m(TaskRunner pid=169079)[0m                          'enable': False,
[36m(TaskRunner pid=169079)[0m                          'ranks': [],
[36m(TaskRunner pid=169079)[0m                          'save_path': 'outputs/profile',
[36m(TaskRunner pid=169079)[0m                          'tool': None,
[36m(TaskRunner pid=169079)[0m                          'tool_config': {'npu': {'_target_': 'verl.utils.profiler.config.NPUToolConfig',
[36m(TaskRunner pid=169079)[0m                                                  'analysis': True,
[36m(TaskRunner pid=169079)[0m                                                  'contents': [],
[36m(TaskRunner pid=169079)[0m                                                  'discrete': False,
[36m(TaskRunner pid=169079)[0m                                                  'level': 'level0'},
[36m(TaskRunner pid=169079)[0m                                          'nsys': {'_target_': 'verl.utils.profiler.config.NsightToolConfig',
[36m(TaskRunner pid=169079)[0m                                                   'discrete': False},
[36m(TaskRunner pid=169079)[0m                                          'torch': {'_target_': 'verl.utils.profiler.config.TorchProfilerToolConfig',
[36m(TaskRunner pid=169079)[0m                                                    'step_end': None,
[36m(TaskRunner pid=169079)[0m                                                    'step_start': 0},
[36m(TaskRunner pid=169079)[0m                                          'torch_memory': {'_target_': 'verl.utils.profiler.config.TorchMemoryToolConfig',
[36m(TaskRunner pid=169079)[0m                                                           'stack_depth': 32,
[36m(TaskRunner pid=169079)[0m                                                           'trace_alloc_max_entries': 100000}}},
[36m(TaskRunner pid=169079)[0m             'rollout_n': 5,
[36m(TaskRunner pid=169079)[0m             'shuffle': False,
[36m(TaskRunner pid=169079)[0m             'strategy': 'megatron',
[36m(TaskRunner pid=169079)[0m             'use_dynamic_bsz': True},
[36m(TaskRunner pid=169079)[0m  'custom_reward_function': {'name': 'compute_score', 'path': None},
[36m(TaskRunner pid=169079)[0m  'data': {'apply_chat_template_kwargs': {},
[36m(TaskRunner pid=169079)[0m           'custom_cls': {'name': None, 'path': None},
[36m(TaskRunner pid=169079)[0m           'datagen': {'name': None, 'path': None},
[36m(TaskRunner pid=169079)[0m           'dataloader_num_workers': 8,
[36m(TaskRunner pid=169079)[0m           'filter_overlong_prompts': True,
[36m(TaskRunner pid=169079)[0m           'filter_overlong_prompts_workers': 1,
[36m(TaskRunner pid=169079)[0m           'image_key': 'images',
[36m(TaskRunner pid=169079)[0m           'image_patch_size': 14,
[36m(TaskRunner pid=169079)[0m           'max_prompt_length': 1024,
[36m(TaskRunner pid=169079)[0m           'max_response_length': 2048,
[36m(TaskRunner pid=169079)[0m           'prompt_key': 'prompt',
[36m(TaskRunner pid=169079)[0m           'return_full_prompt': False,
[36m(TaskRunner pid=169079)[0m           'return_multi_modal_inputs': True,
[36m(TaskRunner pid=169079)[0m           'return_raw_chat': True,
[36m(TaskRunner pid=169079)[0m           'return_raw_input_ids': False,
[36m(TaskRunner pid=169079)[0m           'reward_fn_key': 'data_source',
[36m(TaskRunner pid=169079)[0m           'sampler': {'class_name': None, 'class_path': None},
[36m(TaskRunner pid=169079)[0m           'seed': None,
[36m(TaskRunner pid=169079)[0m           'shuffle': True,
[36m(TaskRunner pid=169079)[0m           'tokenizer': None,
[36m(TaskRunner pid=169079)[0m           'tool_config_path': None,
[36m(TaskRunner pid=169079)[0m           'train_batch_size': 512,
[36m(TaskRunner pid=169079)[0m           'train_files': '/workspace/datatsets/geo3k/train.parquet',
[36m(TaskRunner pid=169079)[0m           'train_max_samples': -1,
[36m(TaskRunner pid=169079)[0m           'truncation': 'error',
[36m(TaskRunner pid=169079)[0m           'trust_remote_code': False,
[36m(TaskRunner pid=169079)[0m           'use_shm': False,
[36m(TaskRunner pid=169079)[0m           'val_batch_size': None,
[36m(TaskRunner pid=169079)[0m           'val_files': '/workspace/datatsets/geo3k/test.parquet',
[36m(TaskRunner pid=169079)[0m           'val_max_samples': -1,
[36m(TaskRunner pid=169079)[0m           'validation_shuffle': False,
[36m(TaskRunner pid=169079)[0m           'video_key': 'videos'},
[36m(TaskRunner pid=169079)[0m  'global_profiler': {'_target_': 'verl.utils.profiler.ProfilerConfig',
[36m(TaskRunner pid=169079)[0m                      'global_tool_config': {'nsys': {'controller_nsight_options': {'cuda-graph-trace': 'graph',
[36m(TaskRunner pid=169079)[0m                                                                                    'cuda-memory-usage': 'true',
[36m(TaskRunner pid=169079)[0m                                                                                    'trace': 'cuda,nvtx,cublas,ucx'},
[36m(TaskRunner pid=169079)[0m                                                      'discrete': False,
[36m(TaskRunner pid=169079)[0m                                                      'worker_nsight_options': {'capture-range': 'cudaProfilerApi',
[36m(TaskRunner pid=169079)[0m                                                                                'capture-range-end': None,
[36m(TaskRunner pid=169079)[0m                                                                                'cuda-graph-trace': 'graph',
[36m(TaskRunner pid=169079)[0m                                                                                'cuda-memory-usage': 'true',
[36m(TaskRunner pid=169079)[0m                                                                                'kill': 'none',
[36m(TaskRunner pid=169079)[0m                                                                                'trace': 'cuda,nvtx,cublas,ucx'}},
[36m(TaskRunner pid=169079)[0m                                             'torch_memory': {'context': 'all',
[36m(TaskRunner pid=169079)[0m                                                              'kw_args': {},
[36m(TaskRunner pid=169079)[0m                                                              'stack_depth': 32,
[36m(TaskRunner pid=169079)[0m                                                              'stacks': 'all',
[36m(TaskRunner pid=169079)[0m                                                              'trace_alloc_max_entries': 100000}},
[36m(TaskRunner pid=169079)[0m                      'profile_continuous_steps': False,
[36m(TaskRunner pid=169079)[0m                      'save_path': 'outputs/profile',
[36m(TaskRunner pid=169079)[0m                      'steps': None,
[36m(TaskRunner pid=169079)[0m                      'tool': None},
[36m(TaskRunner pid=169079)[0m  'ray_kwargs': {'ray_init': {'num_cpus': None}, 'timeline_json_file': None},
[36m(TaskRunner pid=169079)[0m  'reward_manager': {'_target_': 'verl.trainer.config.config.RewardManagerConfig',
[36m(TaskRunner pid=169079)[0m                     'module': {'_target_': 'verl.trainer.config.config.ModuleConfig',
[36m(TaskRunner pid=169079)[0m                                'name': 'custom_reward_manager',
[36m(TaskRunner pid=169079)[0m                                'path': None},
[36m(TaskRunner pid=169079)[0m                     'name': 'naive',
[36m(TaskRunner pid=169079)[0m                     'source': 'register'},
[36m(TaskRunner pid=169079)[0m  'reward_model': {'enable': False,
[36m(TaskRunner pid=169079)[0m                   'enable_resource_pool': False,
[36m(TaskRunner pid=169079)[0m                   'forward_max_token_len_per_gpu': 32768,
[36m(TaskRunner pid=169079)[0m                   'launch_reward_fn_async': False,
[36m(TaskRunner pid=169079)[0m                   'load_weight': True,
[36m(TaskRunner pid=169079)[0m                   'max_length': None,
[36m(TaskRunner pid=169079)[0m                   'megatron': {'_target_': 'verl.workers.config.MegatronEngineConfig',
[36m(TaskRunner pid=169079)[0m                                'context_parallel_size': 1,
[36m(TaskRunner pid=169079)[0m                                'dist_checkpointing_path': None,
[36m(TaskRunner pid=169079)[0m                                'dist_checkpointing_prefix': '',
[36m(TaskRunner pid=169079)[0m                                'dtype': 'bfloat16',
[36m(TaskRunner pid=169079)[0m                                'expert_model_parallel_size': 1,
[36m(TaskRunner pid=169079)[0m                                'expert_tensor_parallel_size': None,
[36m(TaskRunner pid=169079)[0m                                'override_transformer_config': {'account_for_embedding_in_pipeline_split': True,
[36m(TaskRunner pid=169079)[0m                                                                'account_for_loss_in_pipeline_split': True,
[36m(TaskRunner pid=169079)[0m                                                                'attention_backend': 'flash',
[36m(TaskRunner pid=169079)[0m                                                                'gradient_accumulation_fusion': True,
[36m(TaskRunner pid=169079)[0m                                                                'moe_enable_deepep': True,
[36m(TaskRunner pid=169079)[0m                                                                'moe_permute_fusion': True,
[36m(TaskRunner pid=169079)[0m                                                                'moe_router_dtype': 'fp32',
[36m(TaskRunner pid=169079)[0m                                                                'moe_token_dispatcher_type': 'flex',
[36m(TaskRunner pid=169079)[0m                                                                'recompute_granularity': 'full',
[36m(TaskRunner pid=169079)[0m                                                                'recompute_method': 'uniform',
[36m(TaskRunner pid=169079)[0m                                                                'recompute_modules': ['core_attn'],
[36m(TaskRunner pid=169079)[0m                                                                'recompute_num_layers': 1},
[36m(TaskRunner pid=169079)[0m                                'param_offload': False,
[36m(TaskRunner pid=169079)[0m                                'pipeline_model_parallel_size': 1,
[36m(TaskRunner pid=169079)[0m                                'seed': 42,
[36m(TaskRunner pid=169079)[0m                                'sequence_parallel': True,
[36m(TaskRunner pid=169079)[0m                                'tensor_model_parallel_size': 1,
[36m(TaskRunner pid=169079)[0m                                'use_dist_checkpointing': False,
[36m(TaskRunner pid=169079)[0m                                'use_distributed_optimizer': False,
[36m(TaskRunner pid=169079)[0m                                'use_mbridge': True,
[36m(TaskRunner pid=169079)[0m                                'use_remove_padding': True,
[36m(TaskRunner pid=169079)[0m                                'vanilla_mbridge': True,
[36m(TaskRunner pid=169079)[0m                                'virtual_pipeline_model_parallel_size': None},
[36m(TaskRunner pid=169079)[0m                   'micro_batch_size': None,
[36m(TaskRunner pid=169079)[0m                   'micro_batch_size_per_gpu': None,
[36m(TaskRunner pid=169079)[0m                   'model': {'external_lib': None,
[36m(TaskRunner pid=169079)[0m                             'input_tokenizer': '/mnt/cfs/tilearn/pretrain_models/Qwen/Qwen3-VL-8B-Instruct',
[36m(TaskRunner pid=169079)[0m                             'override_config': {},
[36m(TaskRunner pid=169079)[0m                             'path': '~/models/FsfairX-LLaMA3-RM-v0.1',
[36m(TaskRunner pid=169079)[0m                             'trust_remote_code': False},
[36m(TaskRunner pid=169079)[0m                   'n_gpus_per_node': 8,
[36m(TaskRunner pid=169079)[0m                   'nccl_timeout': 600,
[36m(TaskRunner pid=169079)[0m                   'nnodes': 0,
[36m(TaskRunner pid=169079)[0m                   'num_workers': 1,
[36m(TaskRunner pid=169079)[0m                   'profiler': {'_target_': 'verl.utils.profiler.ProfilerConfig',
[36m(TaskRunner pid=169079)[0m                                'all_ranks': False,
[36m(TaskRunner pid=169079)[0m                                'enable': False,
[36m(TaskRunner pid=169079)[0m                                'ranks': [],
[36m(TaskRunner pid=169079)[0m                                'save_path': 'outputs/profile',
[36m(TaskRunner pid=169079)[0m                                'tool': None,
[36m(TaskRunner pid=169079)[0m                                'tool_config': {'npu': {'_target_': 'verl.utils.profiler.config.NPUToolConfig',
[36m(TaskRunner pid=169079)[0m                                                        'analysis': True,
[36m(TaskRunner pid=169079)[0m                                                        'contents': [],
[36m(TaskRunner pid=169079)[0m                                                        'discrete': False,
[36m(TaskRunner pid=169079)[0m                                                        'level': 'level0'},
[36m(TaskRunner pid=169079)[0m                                                'nsys': {'_target_': 'verl.utils.profiler.config.NsightToolConfig',
[36m(TaskRunner pid=169079)[0m                                                         'discrete': False},
[36m(TaskRunner pid=169079)[0m                                                'torch': {'_target_': 'verl.utils.profiler.config.TorchProfilerToolConfig',
[36m(TaskRunner pid=169079)[0m                                                          'step_end': None,
[36m(TaskRunner pid=169079)[0m                                                          'step_start': 0},
[36m(TaskRunner pid=169079)[0m                                                'torch_memory': {'_target_': 'verl.utils.profiler.config.TorchMemoryToolConfig',
[36m(TaskRunner pid=169079)[0m                                                                 'stack_depth': 32,
[36m(TaskRunner pid=169079)[0m                                                                 'trace_alloc_max_entries': 100000}}},
[36m(TaskRunner pid=169079)[0m                   'reward_loop_class_name': None,
[36m(TaskRunner pid=169079)[0m                   'reward_loop_module_path': None,
[36m(TaskRunner pid=169079)[0m                   'reward_loop_source': 'register',
[36m(TaskRunner pid=169079)[0m                   'reward_manager': 'naive',
[36m(TaskRunner pid=169079)[0m                   'rollout': {'_target_': 'verl.workers.config.RolloutConfig',
[36m(TaskRunner pid=169079)[0m                               'cudagraph_capture_sizes': None,
[36m(TaskRunner pid=169079)[0m                               'data_parallel_size': 1,
[36m(TaskRunner pid=169079)[0m                               'disable_log_stats': True,
[36m(TaskRunner pid=169079)[0m                               'dtype': 'bfloat16',
[36m(TaskRunner pid=169079)[0m                               'enable_chunked_prefill': True,
[36m(TaskRunner pid=169079)[0m                               'enable_prefix_caching': True,
[36m(TaskRunner pid=169079)[0m                               'enforce_eager': True,
[36m(TaskRunner pid=169079)[0m                               'engine_kwargs': {},
[36m(TaskRunner pid=169079)[0m                               'expert_parallel_size': 1,
[36m(TaskRunner pid=169079)[0m                               'free_cache_engine': True,
[36m(TaskRunner pid=169079)[0m                               'gpu_memory_utilization': 0.5,
[36m(TaskRunner pid=169079)[0m                               'limit_images': None,
[36m(TaskRunner pid=169079)[0m                               'load_format': 'auto',
[36m(TaskRunner pid=169079)[0m                               'max_model_len': None,
[36m(TaskRunner pid=169079)[0m                               'max_num_batched_tokens': 8192,
[36m(TaskRunner pid=169079)[0m                               'max_num_seqs': 1024,
[36m(TaskRunner pid=169079)[0m                               'name': '???',
[36m(TaskRunner pid=169079)[0m                               'prompt_length': 2048,
[36m(TaskRunner pid=169079)[0m                               'response_length': 2048,
[36m(TaskRunner pid=169079)[0m                               'skip_tokenizer_init': False,
[36m(TaskRunner pid=169079)[0m                               'tensor_model_parallel_size': 2},
[36m(TaskRunner pid=169079)[0m                   'sandbox_fusion': {'max_concurrent': 64,
[36m(TaskRunner pid=169079)[0m                                      'memory_limit_mb': 1024,
[36m(TaskRunner pid=169079)[0m                                      'url': None},
[36m(TaskRunner pid=169079)[0m                   'strategy': 'megatron',
[36m(TaskRunner pid=169079)[0m                   'use_dynamic_bsz': True,
[36m(TaskRunner pid=169079)[0m                   'use_reward_loop': True},
[36m(TaskRunner pid=169079)[0m  'trainer': {'balance_batch': True,
[36m(TaskRunner pid=169079)[0m              'critic_warmup': 0,
[36m(TaskRunner pid=169079)[0m              'default_hdfs_dir': None,
[36m(TaskRunner pid=169079)[0m              'default_local_dir': '/workspace/recipe/exp/checkpoint/qwen3_vl_8b_megatron_',
[36m(TaskRunner pid=169079)[0m              'del_local_ckpt_after_load': False,
[36m(TaskRunner pid=169079)[0m              'device': 'cuda',
[36m(TaskRunner pid=169079)[0m              'esi_redundant_time': 0,
[36m(TaskRunner pid=169079)[0m              'experiment_name': 'qwen3_vl_8b_megatron_mutil_node',
[36m(TaskRunner pid=169079)[0m              'log_val_generations': 0,
[36m(TaskRunner pid=169079)[0m              'logger': ['console', 'wandb'],
[36m(TaskRunner pid=169079)[0m              'max_actor_ckpt_to_keep': None,
[36m(TaskRunner pid=169079)[0m              'max_critic_ckpt_to_keep': None,
[36m(TaskRunner pid=169079)[0m              'n_gpus_per_node': 8,
[36m(TaskRunner pid=169079)[0m              'nnodes': 1,
[36m(TaskRunner pid=169079)[0m              'project_name': 'verl_rl_demo',
[36m(TaskRunner pid=169079)[0m              'ray_wait_register_center_timeout': 300,
[36m(TaskRunner pid=169079)[0m              'resume_from_path': None,
[36m(TaskRunner pid=169079)[0m              'resume_mode': 'auto',
[36m(TaskRunner pid=169079)[0m              'rollout_data_dir': None,
[36m(TaskRunner pid=169079)[0m              'save_freq': 20,
[36m(TaskRunner pid=169079)[0m              'test_freq': 5,
[36m(TaskRunner pid=169079)[0m              'total_epochs': 15,
[36m(TaskRunner pid=169079)[0m              'total_training_steps': None,
[36m(TaskRunner pid=169079)[0m              'use_legacy_worker_impl': 'auto',
[36m(TaskRunner pid=169079)[0m              'val_before_train': True},[36m(TaskRunner pid=169079)[0m /workspace/verl/verl/trainer/main_ppo.py:295: UserWarning: Disabled critic as algorithm.adv_estimator != gae. If it is not intended, please set critic.enable=True
[36m(TaskRunner pid=169079)[0m   use_critic=need_critic(config),
[36m(TaskRunner pid=169079)[0m /workspace/verl/verl/utils/profiler/config.py:49: UserWarning: Torch profiler tool config is not fully supported now.
[36m(TaskRunner pid=169079)[0m   warnings.warn("Torch profiler tool config is not fully supported now.", stacklevel=1)
[36m(TaskRunner pid=169079)[0m Setting TOKENIZERS_PARALLELISM=false for forked processes.
[36m(TaskRunner pid=169079)[0m WARNING:2026-01-07 04:45:09,044:Setting TOKENIZERS_PARALLELISM=false for forked processes.
[36m(TaskRunner pid=169079)[0m 
Filtering prompts longer than 1024 tokens (num_proc=1):   0%|          | 0/2101 [00:00<?, ? examples/s]
[36m(TaskRunner pid=169079)[0m 
Filtering prompts longer than 1024 tokens (num_proc=1):  48%|████▊     | 1000/2101 [00:07<00:07, 141.96 examples/s]
[36m(TaskRunner pid=169079)[0m 
Filtering prompts longer than 1024 tokens (num_proc=1):  95%|█████████▌| 2000/2101 [00:12<00:00, 159.51 examples/s]
[36m(TaskRunner pid=169079)[0m 
Filtering prompts longer than 1024 tokens (num_proc=1): 100%|██████████| 2101/2101 [00:13<00:00, 160.98 examples/s]
[36m(TaskRunner pid=169079)[0m 
Filtering prompts longer than 1024 tokens (num_proc=1): 100%|██████████| 2101/2101 [00:13<00:00, 156.30 examples/s]
[36m(TaskRunner pid=169079)[0m Setting TOKENIZERS_PARALLELISM=false for forked processes.
[36m(TaskRunner pid=169079)[0m WARNING:2026-01-07 04:45:23,721:Setting TOKENIZERS_PARALLELISM=false for forked processes.
[36m(TaskRunner pid=169079)[0mnode2
Filtering prompts longer than 10node2num_proc=1):   0%|          | 0/601 [00:00<?, ? examples/s]
[36m(TaskRunner pid=169079)[0mnode2
Filtering prompts longer than 10node2num_proc=1): 100%|██████████| 601/601 [00:04<00:00, 137.12 examples/s]
[36m(TaskRunner pid=169079)[0m 
Filtering prompts longer than 1024 tokens (num_proc=1): 100%|██████████| 601/601 [00:04<00:00, 134.06 examples/s]
[36m(TaskRunner pid=169079)[0m /workspace/verl/verl/trainer/ppo/ray_trainer.py:335: UserWarning: Disabled critic as algorithm.adv_estimator != gae. If it is not intended, please set critic.enable=True
[36m(TaskRunner pid=169079)[0m   self.use_critic = need_critic(self.config)
[36m(WorkerDict pid=113551, ip=node2)[0m WARNING:2026-01-07 04:45:42,559:Qwen3VL model is under development and may be missing features.
[36m(WorkerDict pid=113551, ip=node2)[0m /usr/local/lib/python3.12/dist-packages/transformer_engine/pytorch/cpu_offload.py:695: DeprecationWarning: Offloading weights is deprecated. Using offload_weights=True does not have any effect.
[36m(WorkerDict pid=113551, ip=node2)[0m   warnings.warn(
[36m(WorkerDict pid=113553, ip=node2)[0m /usr/local/lib/python3.12/dist-packages/transformer_engine/pytorch/module/base.py:1125: UserWarning: To guarantee overlapping TP and SP collectives with the backwardGEMMs, set environment variable CUDA_DEVICE_MAX_CONNECTIONS = 1

[36m(TaskRunner pid=169079)[0m  'transfer_queue': {'enable': False}}
[36m(TaskRunner pid=169079)[0m [validate_config] All configuration checks passed successfully!
[36m(TaskRunner pid=169079)[0m Using dataset class: RLHFDataset
[36m(TaskRunner pid=169079)[0m dataset len: 2101
[36m(TaskRunner pid=169079)[0m filter dataset len: 2101
[36m(TaskRunner pid=169079)[0m Using dataset class: RLHFDataset
[36m(TaskRunner pid=169079)[0m dataset len: 601
[36m(TaskRunner pid=169079)[0m filter dataset len: 601
[36m(TaskRunner pid=169079)[0mnode2ain dataloader: 4, Size of val dataloader: 1
[36m(TaskRunner pid=169079)[0mnode2ning steps: 60
[36m(TaskRunner pid=169079)[0mnode2worker base class <class 'verl.workers.megatron_workers.MegatronWorker'>
[36m(TaskRunner pid=169079)[0mnode2actor_rollout method chat_completion to class <class 'verl.single_controller.ray.base.create_colocated_worker_cls.<locals>.WorkerDict'>
[36m(TaskRunner pid=169079)[0mnode2actor_rollout method generate to class <class 'verl.single_controller.ray.base.create_colocated_worker_cls.<locals>.WorkerDict'>
[36m(TaskRunner pid=169079)[0mnode2actor_rollout method get_zeromq_address to class <class 'verl.single_controller.ray.base.create_colocated_worker_cls.<locals>.WorkerDict'>
[36m(TaskRunner pid=169079)[0mnode2actor_rollout method sleep to class <class 'verl.single_controller.ray.base.create_colocated_worker_cls.<locals>.WorkerDict'>
[36m(TaskRunner pid=169079)[0mnode2actor_rollout method wake_up to class <class 'verl.single_controller.ray.base.create_colocated_worker_cls.<locals>.WorkerDict'>
[36m(WorkerDict pid=113550, ip=node2)[0m Warning: Failed to set NUMA affinity: libnuma.so: cannot open shared object file: No such file or directory
[36m(WorkerDict pid=113551, ip=node2)[0m [Gloo] Rank 0 is connected to 1 peer ranks. Expected number of connected peer ranks is : 1
[36m(WorkerDict pid=113551, ip=node2)[0m [Gloo] Rank 0 is connected to 0 peer ranks. Expected number of connected peer ranks is : 0
[36m(WorkerDict pid=113551, ip=node2)[0m [Gloo] Rank 0 is connected to 1 peer ranks. Expected number of connected peer ranks is : 1
[36m(WorkerDict pid=113553, ip=node2)[0m  > number of parameters on (tensor, pipeline) model parallel rank (1, 0): 2338281912
[36m(WorkerDict pid=113553, ip=node2)[0m load ref weight start
[36m(WorkerDict pid=113550, ip=node2)[0m Model config after override: Qwen3VLConfig {
[36m(WorkerDict pid=113550, ip=node2)[0m   "architectures": [
[36m(WorkerDict pid=113550, ip=node2)[0m     "Qwen3VLForConditionalGeneration"
[36m(WorkerDict pid=113550, ip=node2)[0m   ],
[36m(WorkerDict pid=113550, ip=node2)[0m   "eos_token_id": 151645,
[36m(WorkerDict pid=113550, ip=node2)[0m   "image_token_id": 151655,
[36m(WorkerDict pid=113550, ip=node2)[0m   "model_type": "qwen3_vl",
[36m(WorkerDict pid=113550, ip=node2)[0m   "pad_token_id": 151643,
[36m(WorkerDict pid=113550, ip=node2)[0m   "text_config": {
[36m(WorkerDict pid=113550, ip=node2)[0m     "attention_bias": false,
[36m(WorkerDict pid=113550, ip=node2)[0m     "attention_dropout": 0.0,
[36m(WorkerDict pid=113550, ip=node2)[0m     "bos_token_id": 151643,
[36m(WorkerDict pid=113550, ip=node2)[0m     "dtype": "bfloat16",
[36m(WorkerDict pid=113550, ip=node2)[0m     "eos_token_id": 151645,
[36m(WorkerDict pid=113550, ip=node2)[0m     "head_dim": 128,
[36m(WorkerDict pid=113550, ip=node2)[0m     "hidden_act": "silu",
[36m(WorkerDict pid=113550, ip=node2)[0m     "hidden_size": 4096,
[36m(WorkerDict pid=113550, ip=node2)[0m     "initializer_range": 0.02,
[36m(WorkerDict pid=113550, ip=node2)[0m     "intermediate_size": 12288,
[36m(WorkerDict pid=113550, ip=node2)[0m     "max_position_embeddings": 262144,
[36m(WorkerDict pid=113550, ip=node2)[0m     "model_type": "qwen3_vl_text",
[36m(WorkerDict pid=113550, ip=node2)[0m     "num_attention_heads": 32,
[36m(WorkerDict pid=113550, ip=node2)[0m     "num_hidden_layers": 36,
[36m(WorkerDict pid=113550, ip=node2)[0m     "num_key_value_heads": 8,
[36m(WorkerDict pid=113550, ip=node2)[0m     "rms_norm_eps": 1e-06,
[36m(WorkerDict pid=113550, ip=node2)[0m     "rope_scaling": {
[36m(WorkerDict pid=113550, ip=node2)[0m       "mrope_interleaved": true,
[36m(WorkerDict pid=113550, ip=node2)[0m       "mrope_section": [
[36m(WorkerDict pid=113550, ip=node2)[0m         24,
[36m(WorkerDict pid=113550, ip=node2)[0m         20,
[36m(WorkerDict pid=113550, ip=node2)[0m         20
[36m(WorkerDict pid=113550, ip=node2)[0m       ],
[36m(WorkerDict pid=113550, ip=node2)[0m       "rope_type": "default"
[36m(WorkerDict pid=113550, ip=node2)[0m     },
[36m(WorkerDict pid=113550, ip=node2)[0m     "rope_theta": 5000000,
[36m(WorkerDict pid=113550, ip=node2)[0m     "use_cache": true,
[36m(WorkerDict pid=113550, ip=node2)[0m     "vocab_size": 151936
[36m(WorkerDict pid=113550, ip=node2)[0m   },
[36m(WorkerDict pid=113550, ip=node2)[0m   "tie_word_embeddings": false,
[36m(WorkerDict pid=113550, ip=node2)[0m   "transformers_version": "4.57.1",
[36m(WorkerDict pid=113550, ip=node2)[0m   "video_token_id": 151656,
[36m(WorkerDict pid=113550, ip=node2)[0m   "vision_config": {
[36m(WorkerDict pid=113550, ip=node2)[0m     "deepstack_visual_indexes": [
[36m(WorkerDict pid=113550, ip=node2)[0m       8,
[36m(WorkerDict pid=113550, ip=node2)[0m       16,
[36m(WorkerDict pid=113550, ip=node2)[0m       24
[36m(WorkerDict pid=113550, ip=node2)[0m     ],
[36m(WorkerDict pid=113550, ip=node2)[0m     "depth": 27,
[36m(WorkerDict pid=113550, ip=node2)[0m     "hidden_act": "gelu_pytorch_tanh",
[36m(WorkerDict pid=113550, ip=node2)[0m     "hidden_size": 1152,
[36m(WorkerDict pid=113550, ip=node2)[0m     "in_channels": 3,
[36m(WorkerDict pid=113550, ip=node2)[0m     "initializer_range": 0.02,
[36m(WorkerDict pid=113550, ip=node2)[0m     "intermediate_size": 4304,
[36m(WorkerDict pid=113550, ip=node2)[0m     "model_type": "qwen3_vl",
[36m(WorkerDict pid=113550, ip=node2)[0m     "num_heads": 16,
[36m(WorkerDict pid=113550, ip=node2)[0m     "num_position_embeddings": 2304,
[36m(WorkerDict pid=113550, ip=node2)[0m     "out_hidden_size": 4096,
[36m(WorkerDict pid=113550, ip=node2)[0m     "patch_size": 16,
[36m(WorkerDict pid=113550, ip=node2)[0m     "spatial_merge_size": 2,
[36m(WorkerDict pid=113550, ip=node2)[0m     "temporal_patch_size": 2
[36m(WorkerDict pid=113550, ip=node2)[0m   },
[36m(WorkerDict pid=113550, ip=node2)[0m   "vision_end_token_id": 151653,
[36m(WorkerDict pid=113550, ip=node2)[0m   "vision_start_token_id": 151652
[36m(WorkerDict pid=113550, ip=node2)[0m }
[36m(WorkerDict pid=113550, ip=node2)[0m 
[36m(WorkerDict pid=113550, ip=node2)[0m TF config: Qwen3VLTransformerConfig(tensor_model_parallel_size=2, pipeline_model_parallel_comm_backend=None, pipeline_model_parallel_size=2, virtual_pipeline_model_parallel_size=None, sequence_parallel=True, context_parallel_size=2, hierarchical_context_parallel_sizes=None, expert_model_parallel_size=1, expert_tensor_parallel_size=2, moe_extended_tp=False, perform_initialization=True, use_cpu_initialization=False, fp16=False, bf16=True, params_dtype=torch.bfloat16, timers=None, finalize_model_grads_func=None, grad_scale_func=None, no_sync_func=None, grad_sync_func=None, param_sync_func=None, deterministic_mode=False, enable_autocast=False, autocast_dtype=torch.bfloat16, num_microbatches_with_partial_activation_checkpoints=None, gradient_accumulation_fusion=True, async_tensor_model_parallel_allreduce=True, use_te_rng_tracker=False, tp_comm_overlap=False, tp_comm_bulk_wgrad=True, tp_comm_bulk_dgrad=True, tp_comm_overlap_ag=True, tp_comm_overlap_rs=True, tp_comm_overlap_rs_dgrad=False, tp_comm_split_ag=True, tp_comm_atomic_ag=False, tp_comm_split_rs=True, tp_comm_atomic_rs=False, cross_entropy_loss_fusion=False, cross_entropy_fusion_impl='native', tp_comm_overlap_disable_qkv=False, tp_comm_overlap_disable_fc1=False, tp_comm_bootstrap_backend='nccl', overlap_moe_expert_parallel_comm=False, delay_wgrad_compute=False, pipeline_dtype=torch.bfloat16, variable_seq_lengths=True, overlap_p2p_comm=False, batch_p2p_comm=False, batch_p2p_sync=True, use_ring_exchange_p2p=False, deallocate_pipeline_outputs=True, defer_embedding_wgrad_compute=False, wgrad_deferral_limit=0, overlap_p2p_comm_warmup_flush=False, microbatch_group_size_per_vp_stage=2, cpu_offloading=False, cpu_offloading_num_layers=0, _cpu_offloading_context=None, cpu_offloading_activations=True, cpu_offloading_weights=True, barrier_with_L1_time=True, num_layers=36, mtp_num_layers=None, mtp_loss_scaling_factor=None, num_layers_in_first_pipeline_stage=None, num_layers_in_last_pipeline_stage=None, pipeline_model_parallel_layout=None, account_for_embedding_in_pipeline_split=True, account_for_loss_in_pipeline_split=True, hidden_size=4096, num_attention_heads=32, attention_backend=<AttnBackend.flash: 1>, softmax_scale=None, num_query_groups=8, ffn_hidden_size=12288, kv_channels=128, hidden_dropout=0.0, attention_dropout=0.0, fp32_residual_connection=False, apply_residual_connection_post_layernorm=False, layernorm_epsilon=1e-06, layernorm_zero_centered_gamma=False, add_bias_linear=False, add_qkv_bias=False, gated_linear_unit=True, activation_func=<function silu at 0x7f7e503b56c0>, activation_func_fp8_input_store=False, num_moe_experts=None, rotary_interleaved=False, window_size=None, normalization='RMSNorm', qk_layernorm=True, test_mode=False, calculate_per_token_loss=False, multi_latent_attention=False, no_rope_freq=None, moe_deepep_num_sms=20, init_method=functools.partial(<function normal_ at 0x7f7e50236020>, mean=0.0, std=0.02), output_layer_init_method=functools.partial(<function normal_ at 0x7f7e50236020>, mean=0.0, std=0.0023570226039551587), init_method_std=0.02, embedding_init_method=functools.partial(<function normal_ at 0x7f7e50236020>, mean=0.0, std=0.02), embedding_init_method_std=0.02, init_model_with_meta_device=False, apply_query_key_layer_scaling=False, attention_softmax_in_fp32=True, disable_bf16_reduced_precision_matmul=False, bias_activation_fusion=True, masked_softmax_fusion=False, persist_layer_norm=True, memory_efficient_layer_norm=False, bias_dropout_fusion=True, apply_rope_fusion=False, use_fused_weighted_squared_relu=False, recompute_granularity='full', recompute_method='uniform', recompute_num_layers=1, distribute_saved_activations=False, recompute_modules=['core_attn'], fp8=None, fp8_recipe='delayed', fp8_param=False, fp8_margin=0, fp8_interval=1, fp8_amax_history_len=1, fp8_amax_compute_algo='most_recent', fp8_wgrad=True, fp8_dot_product_attention=False, fp8_multi_head_attention=False, tp_only_amax_red=False, first_last_layers_bf16=False, num_layers_at_start_in_bf16=1, num_layers_at_end_in_bf16=1, use_kitchen=False, moe_shared_expert_intermediate_size=None, moe_shared_expert_overlap=False, moe_layer_freq=1, moe_ffn_hidden_size=None, moe_router_load_balancing_type='aux_loss', moe_router_topk=2, moe_router_topk_limited_devices=None, moe_router_padding_for_fp8=False, moe_router_num_groups=None, moe_router_group_topk=None, moe_router_pre_softmax=False, moe_router_topk_scaling_factor=None, moe_router_score_function='softmax', moe_router_dtype='fp32', moe_router_enable_expert_bias=False, moe_router_bias_update_rate=0.001, moe_router_force_load_balancing=False, moe_grouped_gemm=False, moe_use_legacy_grouped_gemm=False, moe_aux_loss_coeff=0.0, moe_z_loss_coeff=None, moe_input_jitter_eps=None, moe_token_dropping=False, moe_token_dispatcher_type='flex', moe_enable_deepep=True, moe_per_layer_logging=False, moe_expert_capacity_factor=None, moe_pad_expert_input_to_capacity=False, moe_token_drop_policy='probs', moe_layer_recompute=False, moe_permute_fusion=True, moe_router_fusion=False, moe_apply_probs_on_input=False, cp_comm_type='p2p', enable_cuda_graph=False, cuda_graph_use_single_mempool=False, cuda_graph_retain_backward_graph=False, cuda_graph_warmup_steps=3, external_cuda_graph=False, cuda_graph_scope='full', clone_scatter_output_in_embedding=True, disable_parameter_transpose_cache=False, config_logger_dir='', flash_decode=False, inference_rng_tracker=False, symmetric_ar_type=None, mrope_section=[24, 20, 20], is_hybrid_model=False, mamba_state_dim=128, mamba_head_dim=64, mamba_num_groups=8, mamba_num_heads=None, use_mamba_mem_eff_path=True, mlp_chunks_for_prefill=1, heterogeneous_block_specs=False, hetereogenous_dist_checkpoint=False, quant_recipe=None, transformer_impl='transformer_engine', patch_size=16, temporal_patch_size=2, in_channels=3, spatial_merge_size=2, num_position_embeddings=2304, out_hidden_size=4096, apply_rotary_pos_emb_in_fp32=False, deepstack_visual_indexes=[8, 16, 24])
[36m(WorkerDict pid=113598, ip=node2)[0m Warning: Failed to set NUMA affinity: libnuma.so: cannot open shared object file: No such file or directory[32m [repeated 7x across cluster] (Ray deduplicates logs by default. Set RAY_DEDUP_LOGS=0 to disable log deduplication, or see https://docs.ray.io/en/master/ray-observability/user-guides/configure-logging.html#log-deduplication for more options.)[0m
[36m(WorkerDict pid=113561, ip=node2)[0m Qwen3VLTransformerConfig(tensor_model_parallel_size=2, pipeline_model_parallel_comm_backend=None, pipeline_model_parallel_size=2, virtual_pipeline_model_parallel_size=None, sequence_parallel=True, context_parallel_size=2, hierarchical_context_parallel_sizes=None, expert_model_parallel_size=1, expert_tensor_parallel_size=2, moe_extended_tp=False, perform_initialization=True, use_cpu_initialization=False, fp16=False, bf16=True, params_dtype=torch.bfloat16, timers=None, finalize_model_grads_func=None, grad_scale_func=None, no_sync_func=None, grad_sync_func=None, param_sync_func=None, deterministic_mode=False, enable_autocast=False, autocast_dtype=torch.bfloat16, num_microbatches_with_partial_activation_checkpoints=None, gradient_accumulation_fusion=True, async_tensor_model_parallel_allreduce=True, use_te_rng_tracker=False, tp_comm_overlap=False, tp_comm_bulk_wgrad=True, tp_comm_bulk_dgrad=True, tp_comm_overlap_ag=True, tp_comm_overlap_rs=True, tp_comm_overlap_rs_dgrad=False, tp_comm_split_ag=True, tp_comm_atomic_ag=False, tp_comm_split_rs=True, tp_comm_atomic_rs=False, cross_entropy_loss_fusion=False, cross_entropy_fusion_impl='native', tp_comm_overlap_disable_qkv=False, tp_comm_overlap_disable_fc1=False, tp_comm_bootstrap_backend='nccl', overlap_moe_expert_parallel_comm=False, delay_wgrad_compute=False, pipeline_dtype=torch.bfloat16, variable_seq_lengths=True, overlap_p2p_comm=False, batch_p2p_comm=False, batch_p2p_sync=True, use_ring_exchange_p2p=False, deallocate_pipeline_outputs=True, defer_embedding_wgrad_compute=False, wgrad_deferral_limit=0, overlap_p2p_comm_warmup_flush=False, microbatch_group_size_per_vp_stage=2, cpu_offloading=False, cpu_offloading_num_layers=0, _cpu_offloading_context=None, cpu_offloading_activations=True, cpu_offloading_weights=True, barrier_with_L1_time=True, num_layers=36, mtp_num_layers=None, mtp_loss_scaling_factor=None, num_layers_in_first_pipeline_stage=None, num_layers_in_last_pipeline_stage=None, pipeline_model_parallel_layout=None, account_for_embedding_in_pipeline_split=True, account_for_loss_in_pipeline_split=True, hidden_size=4096, num_attention_heads=32, attention_backend=<AttnBackend.flash: 1>, softmax_scale=None, num_query_groups=8, ffn_hidden_size=12288, kv_channels=128, hidden_dropout=0.0, attention_dropout=0.0, fp32_residual_connection=False, apply_residual_connection_post_layernorm=False, layernorm_epsilon=1e-06, layernorm_zero_centered_gamma=False, add_bias_linear=False, add_qkv_bias=False, gated_linear_unit=True, activation_func=<function silu at 0x7f8e6058d6c0>, activation_func_fp8_input_store=False, num_moe_experts=None, rotary_interleaved=False, window_size=None, normalization='RMSNorm', qk_layernorm=True, test_mode=False, calculate_per_token_loss=False, multi_latent_attention=False, no_rope_freq=None, moe_deepep_num_sms=20, init_method=functools.partial(<function normal_ at 0x7f8e60412020>, mean=0.0, std=0.02), output_layer_init_method=functools.partial(<function normal_ at 0x7f8e60412020>, mean=0.0, std=0.0023570226039551587), init_method_std=0.02, embedding_init_method=functools.partial(<function normal_ at 0x7f8e60412020>, mean=0.0, std=0.02), embedding_init_method_std=0.02, init_model_with_meta_device=False, apply_query_key_layer_scaling=False, attention_softmax_in_fp32=True, disable_bf16_reduced_precision_matmul=False, bias_activation_fusion=True, masked_softmax_fusion=False, persist_layer_norm=True, memory_efficient_layer_norm=False, bias_dropout_fusion=True, apply_rope_fusion=False, use_fused_weighted_squared_relu=False, recompute_granularity='full', recompute_method='uniform', recompute_num_layers=1, distribute_saved_activations=False, recompute_modules=['core_attn'], fp8=None, fp8_recipe='delayed', fp8_param=False, fp8_margin=0, fp8_interval=1, fp8_amax_history_len=1, fp8_amax_compute_algo='most_recent', fp8_wgrad=True, fp8_dot_product_attention=False, fp8_multi_head_attention=False, tp_only_amax_red=False, first_last_layers_bf16=False, num_layers_at_start_in_bf16=1, num_layers_at_end_in_bf16=1, use_kitchen=False, moe_shared_expert_intermediate_size=None, moe_shared_expert_overlap=False, moe_layer_freq=1, moe_ffn_hidden_size=None, moe_router_load_balancing_type='aux_loss', moe_router_topk=2, moe_router_topk_limited_devices=None, moe_router_padding_for_fp8=False, moe_router_num_groups=None, moe_router_group_topk=None, moe_router_pre_softmax=False, moe_router_topk_scaling_factor=None, moe_router_score_function='softmax', moe_router_dtype='fp32', moe_router_enable_expert_bias=False, moe_router_bias_update_rate=0.001, moe_router_force_load_balancing=False, moe_grouped_gemm=False, moe_use_legacy_grouped_gemm=False, moe_aux_loss_coeff=0.0, moe_z_loss_coeff=None, moe_input_jitter_eps=None, moe_token_dropping=False, moe_token_dispatcher_type='flex', moe_enable_deepep=True, moe_per_layer_logging=False, moe_expert_capacity_factor=None, moe_pad_expert_input_to_capacity=False, moe_token_drop_policy='probs', moe_layer_recompute=False, moe_permute_fusion=True, moe_router_fusion=False, moe_apply_probs_on_input=False, cp_comm_type='p2p', enable_cuda_graph=False, cuda_graph_use_single_mempool=False, cuda_graph_retain_backward_graph=False, cuda_graph_warmup_steps=3, external_cuda_graph=False, cuda_graph_scope='full', clone_scatter_output_in_embedding=True, disable_parameter_transpose_cache=False, config_logger_dir='', flash_decode=False, inference_rng_tracker=False, symmetric_ar_type=None, mrope_section=[24, 20, 20], is_hybrid_model=False, mamba_state_dim=128, mamba_head_dim=64, mamba_num_groups=8, mamba_num_heads=None, use_mamba_mem_eff_path=True, mlp_chunks_for_prefill=1, heterogeneous_block_specs=False, hetereogenous_dist_checkpoint=False, quant_recipe=None, transformer_impl='transformer_engine', patch_size=16, temporal_patch_size=2, in_channels=3, spatial_merge_size=2, num_position_embeddings=2304, out_hidden_size=4096, apply_rotary_pos_emb_in_fp32=False, deepstack_visual_indexes=[8, 16, 24])
[36m(WorkerDict pid=113598, ip=node2)[0m [Gloo] Rank 1 is connected to 1 peer ranks. Expected number of connected peer ranks is : 1[32m [repeated 21x across cluster][0m
[36m(WorkerDict pid=113552, ip=node2)[0m  > number of parameters on (tensor, pipeline) model parallel rank (0, 0): 2338281912[32m [repeated 7x across cluster][0m
[36m(WorkerDict pid=113552, ip=node2)[0m load ref weight start[32m [repeated 7x across cluster][0m
[36m(WorkerDict pid=113550, ip=node2)[0m Model config after override: Qwen3VLConfig {
[36m(WorkerDict pid=113550, ip=node2)[0m   "architectures": [
[36m(WorkerDict pid=113550, ip=node2)[0m     "Qwen3VLForConditionalGeneration"
[36m(WorkerDict pid=113550, ip=node2)[0m   ],
[36m(WorkerDict pid=113550, ip=node2)[0m   "eos_token_id": 151645,
[36m(WorkerDict pid=113550, ip=node2)[0m   "image_token_id": 151655,
[36m(WorkerDict pid=113550, ip=node2)[0m   "model_type": "qwen3_vl",
[36m(WorkerDict pid=113550, ip=node2)[0m   "pad_token_id": 151643,
[36m(WorkerDict pid=113550, ip=node2)[0m   "text_config": {
[36m(WorkerDict pid=113550, ip=node2)[0m     "attention_bias": false,
[36m(WorkerDict pid=113550, ip=node2)[0m     "attention_dropout": 0.0,
[36m(WorkerDict pid=113550, ip=node2)[0m     "bos_token_id": 151643,
[36m(WorkerDict pid=113550, ip=node2)[0m     "dtype": "bfloat16",
[36m(WorkerDict pid=113550, ip=node2)[0m     "eos_token_id": 151645,
[36m(WorkerDict pid=113550, ip=node2)[0m     "head_dim": 128,
[36m(WorkerDict pid=113550, ip=node2)[0m     "hidden_act": "silu",
[36m(WorkerDict pid=113550, ip=node2)[0m     "hidden_size": 4096,
[36m(WorkerDict pid=113550, ip=node2)[0m     "initializer_range": 0.02,
[36m(WorkerDict pid=113550, ip=node2)[0m     "intermediate_size": 12288,
[36m(WorkerDict pid=113550, ip=node2)[0m     "max_position_embeddings": 262144,
[36m(WorkerDict pid=113550, ip=node2)[0m     "model_type": "qwen3_vl_text",
[36m(WorkerDict pid=113550, ip=node2)[0m     "num_attention_heads": 32,
[36m(WorkerDict pid=113550, ip=node2)[0m     "num_hidden_layers": 36,
[36m(WorkerDict pid=113550, ip=node2)[0m     "num_key_value_heads": 8,
[36m(WorkerDict pid=113550, ip=node2)[0m     "rms_norm_eps": 1e-06,
[36m(WorkerDict pid=113550, ip=node2)[0m     "rope_scaling": {
[36m(WorkerDict pid=113550, ip=node2)[0m       "mrope_interleaved": true,
[36m(WorkerDict pid=113550, ip=node2)[0m       "mrope_section": [
[36m(WorkerDict pid=113550, ip=node2)[0m         24,
[36m(WorkerDict pid=113550, ip=node2)[0m         20,
[36m(WorkerDict pid=113550, ip=node2)[0m         20
[36m(WorkerDict pid=113550, ip=node2)[0m       ],
[36m(WorkerDict pid=113550, ip=node2)[0m       "rope_type": "default"
[36m(WorkerDict pid=113550, ip=node2)[0m     },
[36m(WorkerDict pid=113550, ip=node2)[0m     "rope_theta": 5000000,
[36m(WorkerDict pid=113550, ip=node2)[0m     "use_cache": true,
[36m(WorkerDict pid=113550, ip=node2)[0m     "vocab_size": 151936
[36m(WorkerDict pid=113550, ip=node2)[0m   },
[36m(WorkerDict pid=113550, ip=node2)[0m   "tie_word_embeddings": false,
[36m(WorkerDict pid=113550, ip=node2)[0m   "transformers_version": "4.57.1",
[36m(WorkerDict pid=113550, ip=node2)[0m   "video_token_id": 151656,
[36m(WorkerDict pid=113550, ip=node2)[0m   "vision_config": {
[36m(WorkerDict pid=113550, ip=node2)[0m     "deepstack_visual_indexes": [
[36m(WorkerDict pid=113550, ip=node2)[0m       8,
[36m(WorkerDict pid=113550, ip=node2)[0m       16,
[36m(WorkerDict pid=113550, ip=node2)[0m       24
[36m(WorkerDict pid=113550, ip=node2)[0m     ],
[36m(WorkerDict pid=113550, ip=node2)[0m     "depth": 27,
[36m(WorkerDict pid=113550, ip=node2)[0m     "hidden_act": "gelu_pytorch_tanh",
[36m(WorkerDict pid=113550, ip=node2)[0m     "hidden_size": 1152,
[36m(WorkerDict pid=113550, ip=node2)[0m     "in_channels": 3,
[36m(WorkerDict pid=113550, ip=node2)[0m     "initializer_range": 0.02,
[36m(WorkerDict pid=113550, ip=node2)[0m     "intermediate_size": 4304,
[36m(WorkerDict pid=113550, ip=node2)[0m     "model_type": "qwen3_vl",
[36m(WorkerDict pid=113550, ip=node2)[0m     "num_heads": 16,
[36m(WorkerDict pid=113550, ip=node2)[0m     "num_position_embeddings": 2304,
[36m(WorkerDict pid=113550, ip=node2)[0m     "out_hidden_size": 4096,
[36m(WorkerDict pid=113550, ip=node2)[0m     "patch_size": 16,node2
[36m(WorkerDict pid=113550, ip=node2)[0m     "spatial_merge_size": 2,
[36m(WorkerDict pid=113550, ip=node2)[0m     "temporal_patch_size": 2
[36m(WorkerDict pid=113550, ip=node2)[0m   },
[36m(WorkerDict pid=113550, ip=node2)[0m   "vision_end_token_id": 151653,
[36m(WorkerDict pid=113550, ip=node2)[0m   "vision_start_token_id": 151652
[36m(WorkerDict pid=113550, ip=node2)[0m }
[36m(WorkerDict pid=113550, ip=node2)[0m 
[36m(WorkerDict pid=113550, ip=node2)[0m TF config: Qwen3VLTransformerConfig(tensor_model_parallel_size=2, pipeline_model_parallel_comm_backend=None, pipeline_model_parallel_size=2, virtual_pipeline_model_parallel_size=None, sequence_parallel=True, context_parallel_size=2, hierarchical_context_parallel_sizes=None, expert_model_parallel_size=1, expert_tensor_parallel_size=2, moe_extended_tp=False, perform_initialization=True, use_cpu_initialization=False, fp16=False, bf16=True, params_dtype=torch.bfloat16, timers=None, finalize_model_grads_func=None, grad_scale_func=None, no_sync_func=None, grad_sync_func=None, param_sync_func=None, deterministic_mode=False, enable_autocast=False, autocast_dtype=torch.bfloat16, num_microbatches_with_partial_activation_checkpoints=None, gradient_accumulation_fusion=True, async_tensor_model_parallel_allreduce=True, use_te_rng_tracker=False, tp_comm_overlap=False, tp_comm_bulk_wgrad=True, tp_comm_bulk_dgrad=True, tp_comm_overlap_ag=True, tp_comm_overlap_rs=True, tp_comm_overlap_rs_dgrad=False, tp_comm_split_ag=True, tp_comm_atomic_ag=False, tp_comm_split_rs=True, tp_comm_atomic_rs=False, cross_entropy_loss_fusion=False, cross_entropy_fusion_impl='native', tp_comm_overlap_disable_qkv=False, tp_comm_overlap_disable_fc1=False, tp_comm_bootstrap_backend='nccl', overlap_moe_expert_parallel_comm=False, delay_wgrad_compute=False, pipeline_dtype=torch.bfloat16, variable_seq_lengths=True, overlap_p2p_comm=False, batch_p2p_comm=False, batch_p2p_sync=True, use_ring_exchange_p2p=False, deallocate_pipeline_outputs=True, defer_embedding_wgrad_compute=False, wgrad_deferral_limit=0, overlap_p2p_comm_warmup_flush=False, microbatch_group_size_per_vp_stage=2, cpu_offloading=False, cpu_offloading_num_layers=0, _cpu_offloading_context=None, cpu_offloading_activations=True, cpu_offloading_weights=True, barrier_with_L1_time=True, num_layers=36, mtp_num_layers=None, mtp_loss_scaling_factor=None, num_layers_in_first_pipeline_stage=None, num_layers_in_last_pipeline_stage=None, pipeline_model_parallel_layout=None, account_for_embedding_in_pipeline_split=True, account_for_loss_in_pipeline_split=True, hidden_size=4096, num_attention_heads=32, attention_backend=<AttnBackend.flash: 1>, softmax_scale=None, num_query_groups=8, ffn_hidden_size=12288, kv_channels=128, hidden_dropout=0.0, attention_dropout=0.0, fp32_residual_connection=False, apply_residual_connection_post_layernorm=False, layernorm_epsilon=1e-06, layernorm_zero_centered_gamma=False, add_bias_linear=False, add_qkv_bias=False, gated_linear_unit=True, activation_func=<function silu at 0x7f7e503b56c0>, activation_func_fp8_input_store=False, num_moe_experts=None, rotary_interleaved=False, window_size=None, normalization='RMSNorm', qk_layernorm=True, test_mode=False, calculate_per_token_loss=False, multi_latent_attention=False, no_rope_freq=None, moe_deepep_num_sms=20, init_method=functools.partial(<function normal_ at 0x7f7e50236020>, mean=0.0, std=0.02), output_layer_init_method=functools.partial(<function normal_ at 0x7f7e50236020>, mean=0.0, std=0.0023570226039551587), init_method_std=0.02, embedding_init_method=functools.partial(<function normal_ at 0x7f7e50236020>, mean=0.0, std=0.02), embedding_init_method_std=0.02, init_model_with_meta_device=False, apply_query_key_layer_scaling=False, attention_softmax_in_fp32=True, disable_bf16_reduced_precision_matmul=False, bias_activation_fusion=True, masked_softmax_fusion=False, persist_layer_norm=True, memory_efficient_layer_norm=False, bias_dropout_fusion=True, apply_rope_fusion=False, use_fused_weighted_squared_relu=False, recompute_granularity='full', recompute_method='uniform', recompute_num_layers=1, distribute_saved_activations=False, recompute_modules=['core_attn'], fp8=None, fp8_recipe='delayed', fp8_param=False, fp8_margin=0, fp8_interval=1, fp8_amax_history_len=1, fp8_amax_compute_algo='most_recent', fp8_wgrad=True, fp8_dot_product_attention=False, fp8_multi_head_attention=False, tp_only_amax_red=False, first_last_layers_bf16=False, num_layers_at_start_in_bf16=1, num_layers_at_end_in_bf16=1, use_kitchen=False, moe_shared_expert_intermediate_size=None, moe_shared_expert_overlap=False, moe_layer_freq=1, moe_ffn_hidden_size=None, moe_router_load_balancing_type='aux_loss', moe_router_topk=2, moe_router_topk_limited_devices=None, moe_router_padding_for_fp8=False, moe_router_num_groups=None, moe_router_group_topk=None, moe_router_pre_softmax=False, moe_router_topk_scaling_factor=None, moe_router_score_function='softmax', moe_router_dtype='fp32', moe_router_enable_expert_bias=False, moe_router_bias_update_rate=0.001, moe_router_force_load_balancing=False, moe_grouped_gemm=False, moe_use_legacy_grouped_gemm=False, moe_aux_loss_coeff=0.0, moe_z_loss_coeff=None, moe_input_jitter_eps=None, moe_token_dropping=False, moe_token_dispatcher_type='flex', moe_enable_deepep=True, moe_per_layer_logging=False, moe_expert_capacity_factor=None, moe_pad_expert_input_to_capacity=False, moe_token_drop_policy='probs', moe_layer_recompute=False, moe_permute_fusion=True, moe_router_fusion=False, moe_apply_probs_on_input=False, cp_comm_type='p2p', enable_cuda_graph=False, cuda_graph_use_single_mempool=False, cuda_graph_retain_backward_graph=False, cuda_graph_warmup_steps=3, external_cuda_graph=False, cuda_graph_scope='full', clone_scatter_output_in_embedding=True, disable_parameter_transpose_cache=False, config_logger_dir='', flash_decode=False, inference_rng_tracker=False, symmetric_ar_type=None, mrope_section=[24, 20, 20], is_hybrid_model=False, mamba_state_dim=128, mamba_head_dim=64, mamba_num_groups=8, mamba_num_heads=None, use_mamba_mem_eff_path=True, mlp_chunks_for_prefill=1, heterogeneous_block_specs=False, hetereogenous_dist_checkpoint=False, quant_recipe=None, transformer_impl='transformer_engine', patch_size=16, temporal_patch_size=2, in_channels=3, spatial_merge_size=2, num_position_embeddings=2304, out_hidden_size=4096, apply_rotary_pos_emb_in_fp32=False, deepstack_visual_indexes=[8, 16, 24])[36m(WorkerDict pid=113550, ip=node2)[0m WARNING:2026-01-07 04:45:54,615:Qwen3VL model is under development and may be missing features.[32m [repeated 8x across cluster][0m
[36m(WorkerDict pid=113598, ip=node2)[0m /usr/local/lib/python3.12/dist-packages/transformer_engine/pytorch/cpu_offload.py:695: DeprecationWarning: Offloading weights is deprecated. Using offload_weights=True does not have any effect.[32m [repeated 7x across cluster][0m
[36m(WorkerDict pid=113598, ip=node2)[0m   warnings.warn([32m [repeated 15x across cluster][0m
[36m(WorkerDict pid=113598, ip=node2)[0m /usr/local/lib/python3.12/dist-packages/transformer_engine/pytorch/module/base.py:1125: UserWarning: To guarantee overlapping TP and SP collectives with the backwardGEMMs, set environment variable CUDA_DEVICE_MAX_CONNECTIONS = 1[32m [repeated 7x across cluster][0m
[36m(WorkerDict pid=113550, ip=node2)[0m /workspace/verl/verl/utils/megatron_utils.py:419: UserWarning: TypedStorage is deprecated. It will be removed in the future and UntypedStorage will be the only storage class. This should only matter to you if you are using storages directly.  To access UntypedStorage directly, use tensor.untyped_storage() instead of tensor.storage()
[36m(WorkerDict pid=113550, ip=node2)[0m   if buffer.param_data.storage().size() > 0:
[36m(WorkerDict pid=113552, ip=node2)[0m WARNING:2026-01-07 04:45:54,669:Qwen3VL model is under development and may be missing features.[32m [repeated 7x across cluster][0m
node2node2
[36m(WorkerDict pid=113552, ip=node2)[0m Qwen3VLTransformerConfig(tensor_model_parallel_size=2, pipeline_model_parallel_comm_backend=None, pipeline_model_parallel_size=2, virtual_pipeline_model_parallel_size=None, sequence_parallel=True, context_parallel_size=2, hierarchical_context_parallel_sizes=None, expert_model_parallel_size=1, expert_tensor_parallel_size=2, moe_extended_tp=False, perform_initialization=True, use_cpu_initialization=False, fp16=False, bf16=True, params_dtype=torch.bfloat16, timers=None, finalize_model_grads_func=None, grad_scale_func=None, no_sync_func=None, grad_sync_func=None, param_sync_func=None, deterministic_mode=False, enable_autocast=False, autocast_dtype=torch.bfloat16, num_microbatches_with_partial_activation_checkpoints=None, gradient_accumulation_fusion=True, async_tensor_model_parallel_allreduce=True, use_te_rng_tracker=False, tp_comm_overlap=False, tp_comm_bulk_wgrad=True, tp_comm_bulk_dgrad=True, tp_comm_overlap_ag=True, tp_comm_overlap_rs=True, tp_comm_overlap_rs_dgrad=False, tp_comm_split_ag=True, tp_comm_atomic_ag=False, tp_comm_split_rs=True, tp_comm_atomic_rs=False, cross_entropy_loss_fusion=False, cross_entropy_fusion_impl='native', tp_comm_overlap_disable_qkv=False, tp_comm_overlap_disable_fc1=False, tp_comm_bootstrap_backend='nccl', overlap_moe_expert_parallel_comm=False, delay_wgrad_compute=False, pipeline_dtype=torch.bfloat16, variable_seq_lengths=True, overlap_p2p_comm=False, batch_p2p_comm=False, batch_p2p_sync=True, use_ring_exchange_p2p=False, deallocate_pipeline_outputs=True, defer_embedding_wgrad_compute=False, wgrad_deferral_limit=0, overlap_p2p_comm_warmup_flush=False, microbatch_group_size_per_vp_stage=2, cpu_offloading=False, cpu_offloading_num_layers=0, _cpu_offloading_context=None, cpu_offloading_activations=True, cpu_offloading_weights=True, barrier_with_L1_time=True, num_layers=36, mtp_num_layers=None, mtp_loss_scaling_factor=None, num_layers_in_first_pipeline_stage=None, num_layers_in_last_pipeline_stage=None, pipeline_model_parallel_layout=None, account_for_embedding_in_pipeline_split=True, account_for_loss_in_pipeline_split=True, hidden_size=4096, num_attention_heads=32, attention_backend=<AttnBackend.flash: 1>, softmax_scale=None, num_query_groups=8, ffn_hidden_size=12288, kv_channels=128, hidden_dropout=0.0, attention_dropout=0.0, fp32_residual_connection=False, apply_residual_connection_post_layernorm=False, layernorm_epsilon=1e-06, layernorm_zero_centered_gamma=False, add_bias_linear=False, add_qkv_bias=False, gated_linear_unit=True, activation_func=<function silu at 0x7fe0c41b16c0>, activation_func_fp8_input_store=False, num_moe_experts=None, rotary_interleaved=False, window_size=None, normalization='RMSNorm', qk_layernorm=True, test_mode=False, calculate_per_token_loss=False, multi_latent_attention=False, no_rope_freq=None, moe_deepep_num_sms=20, init_method=functools.partial(<function normal_ at 0x7fe0c4032020>, mean=0.0, std=0.02), output_layer_init_method=functools.partial(<function normal_ at 0x7fe0c4032020>, mean=0.0, std=0.0023570226039551587), init_method_std=0.02, embedding_init_method=functools.partial(<function normal_ at 0x7fe0c4032020>, mean=0.0, std=0.02), embedding_init_method_std=0.02, init_model_with_meta_device=False, apply_query_key_layer_scaling=False, attention_softmax_in_fp32=True, disable_bf16_reduced_precision_matmul=False, bias_activation_fusion=True, masked_softmax_fusion=False, persist_layer_norm=True, memory_efficient_layer_norm=False, bias_dropout_fusion=True, apply_rope_fusion=False, use_fused_weighted_squared_relu=False, recompute_granularity='full', recompute_method='uniform', recompute_num_layers=1, distribute_saved_activations=False, recompute_modules=['core_attn'], fp8=None, fp8_recipe='delayed', fp8_param=False, fp8_margin=0, fp8_interval=1, fp8_amax_history_len=1, fp8_amax_compute_algo='most_recent', fp8_wgrad=True, fp8_dot_product_attention=False, fp8_multi_head_attention=False, tp_only_amax_red=False, first_last_layers_bf16=False, num_layers_at_start_in_bf16=1, num_layers_at_end_in_bf16=1, use_kitchen=False, moe_shared_expert_intermediate_size=None, moe_shared_expert_overlap=False, moe_layer_freq=1, moe_ffn_hidden_size=None, moe_router_load_balancing_type='aux_loss', moe_router_topk=2, moe_router_topk_limited_devices=None, moe_router_padding_for_fp8=False, moe_router_num_groups=None, moe_router_group_topk=None, moe_router_pre_softmax=False, moe_router_topk_scaling_factor=None, moe_router_score_function='softmax', moe_router_dtype='fp32', moe_router_enable_expert_bias=False, moe_router_bias_update_rate=0.001, moe_router_force_load_balancing=False, moe_grouped_gemm=False, moe_use_legacy_grouped_gemm=False, moe_aux_loss_coeff=0.0, moe_z_loss_coeff=None, moe_input_jitter_eps=None, moe_token_dropping=False, moe_token_dispatcher_type='flex', moe_enable_deepep=True, moe_per_layer_logging=False, moe_expert_capacity_factor=None, moe_pad_expert_input_to_capacity=False, moe_token_drop_policy='probs', moe_layer_recompute=False, moe_permute_fusion=True, moe_router_fusion=False, moe_apply_probs_on_input=False, cp_comm_type='p2p', enable_cuda_graph=False, cuda_graph_use_single_mempool=False, cuda_graph_retain_backward_graph=False, cuda_graph_warmup_steps=3, external_cuda_graph=False, cuda_graph_scope='full', clone_scatter_output_in_embedding=True, disable_parameter_transpose_cache=False, config_logger_dir='', flash_decode=False, inference_rng_tracker=False, symmetric_ar_type=None, mrope_section=[24, 20, 20], is_hybrid_model=False, mamba_state_dim=128, mamba_head_dim=64, mamba_num_groups=8, mamba_num_heads=None, use_mamba_mem_eff_path=True, mlp_chunks_for_prefill=1, heterogeneous_block_specs=False, hetereogenous_dist_checkpoint=False, quant_recipe=None, transformer_impl='transformer_engine', patch_size=16, temporal_patch_size=2, in_channels=3, spatial_merge_size=2, num_position_embeddings=2304, out_hidden_size=4096, apply_rotary_pos_emb_in_fp32=False, deepstack_visual_indexes=[8, 16, 24])[32m [repeated 7x across cluster][0m
[36m(WorkerDict pid=113561, ip=node2)[0m  > number of parameters on (tensor, pipeline) model parallel rank (1, 1): 2047762944
[36m(WorkerDict pid=113557, ip=node2)[0m actor_module: 1
[36m(WorkerDict pid=113550, ip=node2)[0m DistributedDataParallel contains 2.34B parameters
[36m(WorkerDict pid=113550, ip=node2)[0m optimizer config after override: {'optimizer': 'adam', 'lr': 1e-06, 'min_lr': 0.0, 'clip_grad': 1.0, 'weight_decay': 0.01, 'use_distributed_optimizer': True, 'bf16': True, 'params_dtype': torch.bfloat16, 'optimizer_offload_fraction': 1, 'overlap_cpu_optimizer_d2h_h2d': True, 'use_precision_aware_optimizer': True, 'optimizer_cpu_offload': True}
[36m(WorkerDict pid=node2node2)[0m  > number of parameters on (tensor, pipeline) model parallel rank (0, 0): 2338281912[32m [repeated 7x across cluster][0m
[36m(WorkerDict pid=113553, ip=172.node2m actor_module: 1[32m [repeated 7x across cluster][0mnode2
[36m(WorkerDict pid=113561, ip=172.node2m Qwen3VLTransformerConfig(tensor_model_parallel_size=2, pipeline_model_parallel_comm_backend=None, pipeline_model_parallel_size=2, virtual_pipeline_model_parallel_size=None, sequence_parallel=True, context_parallel_size=2, hierarchical_context_parallel_sizes=None, expert_model_parallel_size=1, expert_tensor_parallel_size=2, moe_extended_tp=False, perform_initialization=True, use_cpu_initialization=False, fp16=False, bf16=True, params_dtype=torch.bfloat16, timers=None, finalize_model_grads_func=<function finalize_model_grads at 0x7f5d306e2020>, grad_scale_func=<bound method MegatronOptimizer.scale_loss of <megatron.core.optimizer.optimizer.ChainedOptimizer object at 0x7f59c82d46b0>>, no_sync_func=None, grad_sync_func=None, param_sync_func=None, deterministic_mode=False, enable_autocast=False, autocast_dtype=torch.bfloat16, num_microbatches_with_partial_activation_checkpoints=None, gradient_accumulation_fusion=True, async_tensor_model_parallel_allreduce=True, use_te_rng_tracker=False, tp_comm_overlap=False, tp_comm_bulk_wgrad=True, tp_comm_bulk_dgrad=True, tp_comm_overlap_ag=True, tp_comm_overlap_rs=True, tp_comm_overlap_rs_dgrad=False, tp_comm_split_ag=True, tp_comm_atomic_ag=False, tp_comm_split_rs=True, tp_comm_atomic_rs=False, cross_entropy_loss_fusion=False, cross_entropy_fusion_impl='native', tp_comm_overlap_disable_qkv=False, tp_comm_overlap_disable_fc1=False, tp_comm_bootstrap_backend='nccl', overlap_moe_expert_parallel_comm=False, delay_wgrad_compute=False, pipeline_dtype=torch.bfloat16, variable_seq_lengths=True, overlap_p2p_comm=False, batch_p2p_comm=False, batch_p2p_sync=True, use_ring_exchange_p2p=False, deallocate_pipeline_outputs=True, defer_embedding_wgrad_compute=False, wgrad_deferral_limit=0, overlap_p2p_comm_warmup_flush=False, microbatch_group_size_per_vp_stage=2, cpu_offloading=False, cpu_offloading_num_layers=0, _cpu_offloading_context=None, cpu_offloading_activations=True, cpu_offloading_weights=True, barrier_with_L1_time=True, num_layers=36, mtp_num_layers=None, mtp_loss_scaling_factor=None, num_layers_in_first_pipeline_stage=None, num_layers_in_last_pipeline_stage=None, pipeline_model_parallel_layout=None, account_for_embedding_in_pipeline_split=True, account_for_loss_in_pipeline_split=True, hidden_size=4096, num_attention_heads=32, attention_backend=<AttnBackend.flash: 1>, softmax_scale=None, num_query_groups=8, ffn_hidden_size=12288, kv_channels=128, hidden_dropout=0.0, attention_dropout=0.0, fp32_residual_connection=False, apply_residual_connection_post_layernorm=False, layernorm_epsilon=1e-06, layernorm_zero_centered_gamma=False, add_bias_linear=False, add_qkv_bias=False, gated_linear_unit=True, activation_func=<function silu at 0x7f8e6058d6c0>, activation_func_fp8_input_store=False, num_moe_experts=None, rotary_interleaved=False, window_size=None, normalization='RMSNorm', qk_layernorm=True, test_mode=False, calculate_per_token_loss=False, multi_latent_attention=False, no_rope_freq=None, moe_deepep_num_sms=20, init_method=functools.partial(<function normal_ at 0x7f8e60412020>, mean=0.0, std=0.02), output_layer_init_method=functools.partial(<function normal_ at 0x7f8e60412020>, mean=0.0, std=0.0023570226039551587), init_method_std=0.02, embedding_init_method=functools.partial(<function normal_ at 0x7f8e60412020>, mean=0.0, std=0.02), embedding_init_method_std=0.02, init_model_with_meta_device=False, apply_query_key_layer_scaling=False, attention_softmax_in_fp32=True, disable_bf16_reduced_precision_matmul=False, bias_activation_fusion=True, masked_softmax_fusion=False, persist_layer_norm=True, memory_efficient_layer_norm=False, bias_dropout_fusion=True, apply_rope_fusion=False, use_fused_weighted_squared_relu=False, recompute_granularity='full', recompute_method='uniform', recompute_num_layers=1, distribute_saved_activations=False, recompute_modules=['core_attn'], fp8=None, fp8_recipe='delayed', fp8_param=False, fp8_margin=0, fp8_interval=1, fp8_amax_history_len=1, fp8_amax_compute_algo='most_recent', fp8_wgrad=True, fp8_dot_product_attention=False, fp8_multi_head_attention=False, tp_only_amax_red=False, first_last_layers_bf16=False, num_layers_at_start_in_bf16=1, num_layers_at_end_in_bf16=1, use_kitchen=False, moe_shared_expert_intermediate_size=None, moe_shared_expert_overlap=False, moe_layer_freq=1, moe_ffn_hidden_size=None, moe_router_load_balancing_type='aux_loss', moe_router_topk=2, moe_router_topk_limited_devices=None, moe_router_padding_for_fp8=False, moe_router_num_groups=None, moe_router_group_topk=None, moe_router_pre_softmax=False, moe_router_topk_scaling_factor=None, moe_router_score_function='softmax', moe_router_dtype='fp32', moe_router_enable_expert_bias=False, moe_router_bias_update_rate=0.001, moe_router_force_load_balancing=False, moe_grouped_gemm=False, moe_use_legacy_grouped_gemm=False, moe_aux_loss_coeff=0.0, moe_z_loss_coeff=None, moe_input_jitter_eps=None, moe_token_dropping=False, moe_token_dispatcher_type='flex', moe_enable_deepep=True, moe_per_layer_logging=False, moe_expert_capacity_factor=None, moe_pad_expert_input_to_capacity=False, moe_token_drop_policy='probs', moe_layer_recompute=False, moe_permute_fusion=True, moe_router_fusion=False, moe_apply_probs_on_input=False, cp_comm_type='p2p', enable_cuda_graph=False, cuda_graph_use_single_mempool=False, cuda_graph_retain_backward_graph=False, cuda_graph_warmup_steps=3, external_cuda_graph=False, cuda_graph_scope='full', clone_scatter_output_in_embedding=True, disable_parameter_transpose_cache=False, config_logger_dir='', flash_decode=False, inference_rng_tracker=False, symmetric_ar_type=None, mrope_section=[24, 20, 20], is_hybrid_model=False, mamba_state_dim=128, mamba_head_dim=64, mamba_num_groups=8, mamba_num_heads=None, use_mamba_mem_eff_path=True, mlp_chunks_for_prefill=1, heterogeneous_block_specs=False, hetereogenous_dist_checkpoint=False, quant_recipe=None, transformer_impl='transformer_engine', patch_size=16, temporal_patch_size=2, in_channels=3, spatial_merge_size=2, num_position_embeddings=2304, out_hidden_size=4096, apply_rotary_pos_emb_in_fp32=False, deepstack_visual_indexes=[8, 16, 24])[36m(WorkerDict pid=113561, ip=node2)[0m /workspace/verl/verl/utils/profiler/config.py:49: UserWarning: Torch profiler tool config is not fully supported now.
[36m(WorkerDict pid=113561, ip=172.node2m   warnings.warn("Torch profiler tool config is not fully supported now.", stacklevel=1)
[36m(WorkerDict pid=113598, ip=172.node2m /workspace/verl/verl/utils/megatron_utils.py:419: UserWarning: TypedStorage is deprecated. It will be removed in the future and UntypedStorage will be the only storage class. This should only matter to you if you are using storages directly.  To access UntypedStorage directly, use tensor.untyped_storage() instead of tensor.storage()[32m [repeated 7x across cluster][0m
[36m(WorkerDict pid=113598, ip=172.node2m   if buffer.param_data.storage().size() > 0:[32m [repeated 7x across cluster][0m
[36m(TaskRunner pid=169079)[0m /wonode2l/verl/utils/profiler/config.py:49: UserWarning: Torch profiler tool config is not fully supported now.[32m [repeated 8x across cluster][0m
[36m(TaskRunner pid=169079)[0m   warnings.warn("Torch profiler tool config is not fully supported now.", stacklevel=1)[32m [repeated 8x across cluster][0m
[36m(pid=116026, ip=node2node2 04:47:21.935000 116026 torch/utils/cpp_extension.py:118] No CUDA runtime is found, using CUDA_HOME='/usr/local/cuda'
[36m(vLLMHttpServer pid=116026, ip=node2)[0m INFO:2026-01-07 04:47:23,491:vLLMHttpServer, replica_rank: 1, master address: node2, master port: 41907, data parallel master port: 33171
[36m(vLLMHttpServer pid=116026,node20.39)[0m INFO:2026-01-07 04:47:23,496:override_generation_config: {'temperature': 1.0, 'top_k': -1, 'top_p': 1, 'repetition_penalty': 1.0, 'max_new_tokens': 2048}
[36m(vLLMHttpServer pid=116026,node20.39)[0m INFO:2026-01-07 04:47:23,497:enable_sleep_mode: True
[36m(vLLMHttpServer node2 ip=node2)[0m Using blocking ray.get inside async actor. This blocks the event loop. Please use `await` on object ref with asyncio.gather if you want to yield execution to the event loop instead.
[36m(vLLMHttpServer node2 ip=node2)[0m INFO:2026-01-07 04:47:23,514:replica_rank=1, node_rank=0, nnodes=1, get worker zmq addresses: ['ipc:///tmp/verl_vllm_zmq_113551_root.ipc']
[36m(vLLMHttpServer pid=116026, ip=node2)[0m `torch_dtype` is deprecated! Use `dtype` instead!
node2
[36m(WorkerDict pid=113561, ip=172.node2m routing replay layers: 0
[36m(TaskRunner pid=169079)[0m WARnode204:47:14 [api_server.py:1213] LoRA dynamic loading & unloading is enabled in the API server. This should ONLY be used for local development!
[36m(WorkerDict pid=113553, ip=172.node2m Qwen3VLTransformerConfig(tensor_model_parallel_size=2, pipeline_model_parallel_comm_backend=None, pipeline_model_parallel_size=2, virtual_pipeline_model_parallel_size=None, sequence_parallel=True, context_parallel_size=2, hierarchical_context_parallel_sizes=None, expert_model_parallel_size=1, expert_tensor_parallel_size=2, moe_extended_tp=False, perform_initialization=True, use_cpu_initialization=False, fp16=False, bf16=True, params_dtype=torch.bfloat16, timers=None, finalize_model_grads_func=<function finalize_model_grads at 0x7ed1704de020>, grad_scale_func=<bound method MegatronOptimizer.scale_loss of <megatron.core.optimizer.optimizer.ChainedOptimizer object at 0x7ece2f1890a0>>, no_sync_func=None, grad_sync_func=None, param_sync_func=None, deterministic_mode=False, enable_autocast=False, autocast_dtype=torch.bfloat16, num_microbatches_with_partial_activation_checkpoints=None, gradient_accumulation_fusion=True, async_tensor_model_parallel_allreduce=True, use_te_rng_tracker=False, tp_comm_overlap=False, tp_comm_bulk_wgrad=True, tp_comm_bulk_dgrad=True, tp_comm_overlap_ag=True, tp_comm_overlap_rs=True, tp_comm_overlap_rs_dgrad=False, tp_comm_split_ag=True, tp_comm_atomic_ag=False, tp_comm_split_rs=True, tp_comm_atomic_rs=False, cross_entropy_loss_fusion=False, cross_entropy_fusion_impl='native', tp_comm_overlap_disable_qkv=False, tp_comm_overlap_disable_fc1=False, tp_comm_bootstrap_backend='nccl', overlap_moe_expert_parallel_comm=False, delay_wgrad_compute=False, pipeline_dtype=torch.bfloat16, variable_seq_lengths=True, overlap_p2p_comm=False, batch_p2p_comm=False, batch_p2p_sync=True, use_ring_exchange_p2p=False, deallocate_pipeline_outputs=True, defer_embedding_wgrad_compute=False, wgrad_deferral_limit=0, overlap_p2p_comm_warmup_flush=False, microbatch_group_size_per_vp_stage=2, cpu_offloading=False, cpu_offloading_num_layers=0, _cpu_offloading_context=None, cpu_offloading_activations=True, cpu_offloading_weights=True, barrier_with_L1_time=True, num_layers=36, mtp_num_layers=None, mtp_loss_scaling_factor=None, num_layers_in_first_pipeline_stage=None, num_layers_in_last_pipeline_stage=None, pipeline_model_parallel_layout=None, account_for_embedding_in_pipeline_split=True, account_for_loss_in_pipeline_split=True, hidden_size=4096, num_attention_heads=32, attention_backend=<AttnBackend.flash: 1>, softmax_scale=None, num_query_groups=8, ffn_hidden_size=12288, kv_channels=128, hidden_dropout=0.0, attention_dropout=0.0, fp32_residual_connection=False, apply_residual_connection_post_layernorm=False, layernorm_epsilon=1e-06, layernorm_zero_centered_gamma=False, add_bias_linear=False, add_qkv_bias=False, gated_linear_unit=True, activation_func=<function silu at 0x7f02d01b16c0>, activation_func_fp8_input_store=False, num_moe_experts=None, rotary_interleaved=False, window_size=None, normalization='RMSNorm', qk_layernorm=True, test_mode=False, calculate_per_token_loss=False, multi_latent_attention=False, no_rope_freq=None, moe_deepep_num_sms=20, init_method=functools.partial(<function normal_ at 0x7f02d0032020>, mean=0.0, std=0.02), output_layer_init_method=functools.partial(<function normal_ at 0x7f02d0032020>, mean=0.0, std=0.0023570226039551587), init_method_std=0.02, embedding_init_method=functools.partial(<function normal_ at 0x7f02d0032020>, mean=0.0, std=0.02), embedding_init_method_std=0.02, init_model_with_meta_device=False, apply_query_key_layer_scaling=False, attention_softmax_in_fp32=True, disable_bf16_reduced_precision_matmul=False, bias_activation_fusion=True, masked_softmax_fusion=False, persist_layer_norm=True, memory_efficient_layer_norm=False, bias_dropout_fusion=True, apply_rope_fusion=False, use_fused_weighted_squared_relu=False, recompute_granularity='full', recompute_method='uniform', recompute_num_layers=1, distribute_saved_activations=False, recompute_modules=['core_attn'], fp8=None, fp8_recipe='delayed', fp8_param=False, fp8_margin=0, fp8_interval=1, fp8_amax_history_len=1, fp8_amax_compute_algo='most_recent', fp8_wgrad=True, fp8_dot_product_attention=False, fp8_multi_head_attention=False, tp_only_amax_red=False, first_last_layers_bf16=False, num_layers_at_start_in_bf16=1, num_layers_at_end_in_bf16=1, use_kitchen=False, moe_shared_expert_intermediate_size=None, moe_shared_expert_overlap=False, moe_layer_freq=1, moe_ffn_hidden_size=None, moe_router_load_balancing_type='aux_loss', moe_router_topk=2, moe_router_topk_limited_devices=None, moe_router_padding_for_fp8=False, moe_router_num_groups=None, moe_router_group_topk=None, moe_router_pre_softmax=False, moe_router_topk_scaling_factor=None, moe_router_score_function='softmax', moe_router_dtype='fp32', moe_router_enable_expert_bias=False, moe_router_bias_update_rate=0.001, moe_router_force_load_balancing=False, moe_grouped_gemm=False, moe_use_legacy_grouped_gemm=False, moe_aux_loss_coeff=0.0, moe_z_loss_coeff=None, moe_input_jitter_eps=None, moe_token_dropping=False, moe_token_dispatcher_type='flex', moe_enable_deepep=True, moe_per_layer_logging=False, moe_expert_capacity_factor=None, moe_pad_expert_input_to_capacity=False, moe_token_drop_policy='probs', moe_layer_recompute=False, moe_permute_fusion=True, moe_router_fusion=False, moe_apply_probs_on_input=False, cp_comm_type='p2p', enable_cuda_graph=False, cuda_graph_use_single_mempool=False, cuda_graph_retain_backward_graph=False, cuda_graph_warmup_steps=3, external_cuda_graph=False, cuda_graph_scope='full', clone_scatter_output_in_embedding=True, disable_parameter_transpose_cache=False, config_logger_dir='', flash_decode=False, inference_rng_tracker=False, symmetric_ar_type=None, mrope_section=[24, 20, 20], is_hybrid_model=False, mamba_state_dim=128, mamba_head_dim=64, mamba_num_groups=8, mamba_num_heads=None, use_mamba_mem_eff_path=True, mlp_chunks_for_prefill=1, heterogeneous_block_specs=False, hetereogenous_dist_checkpoint=False, quant_recipe=None, transformer_impl='transformer_engine', patch_size=16, temporal_patch_size=2, in_channels=3, spatial_merge_size=2, num_position_embeddings=2304, out_hidden_size=4096, apply_rotary_pos_emb_in_fp32=False, deepstack_visual_indexes=[8, 16, 24])[32m [repeated 7x across cluster][0m
[36m(WorkerDict pid=113553, ip=172.node2m routing replay layers: 0[32m [repeated 7x across cluster][0m
[36m(pid=116026, ip=node2)[0node21-07 04:47:21 [api_server.py:1213] LoRA dynamic loading & unloading is enabled in the API server. This should ONLY be used for local development!
[36m(pid=116025, ip=node2)[0node21-07 04:47:21 [api_server.py:1213] LoRA dynamic loading & unloading is enabled in the API server. This should ONLY be used for local development!
[36m(vLLMHttpServer pid=116026, ip=node2)[0m WARNING 01-07 04:47:23 [__init__.py:1750] argument 'disable_mm_preprocessor_cache' is deprecated
[36m(vLLMHttpServer pid=116026, ip=node2)[0m WARNING 01-07 04:47:23 [arg_utils.py:970] `--disable-mm-preprocessor-cache` is deprecated and will be removed in v0.13. Please use `--mm-processor-cache-gb 0` instead.
[36m(vLLMHttpServer pid=116025, ip=node2)[0m ['serve',
[36m(vLLMHttpServer pid=116025, ip=node2)[0m  '/mnt/cfs/tilearn/pretrain_models/Qwen/Qwen3-VL-8B-Instruct',
[36m(vLLMHttpServer pid=116025, ip=node2)[0m  '--dtype',
[36m(vLLMHttpServer pid=116025, ip=node2)[0m  'bfloat16',node2
[36m(vLLMHttpServer pid=116025, ip=node2)[0m  '--load_format',node2
[36m(vLLMHttpServer pid=116025, ip=node2)[0m  'safetensors',
[36m(vLLMHttpServer pid=116025, ip=node2)[0m  '--max_model_len',
[36m(vLLMHttpServer pid=116025, ip=node2)[0m  '3072',
[36m(vLLMHttpServer pid=116025, ip=node2)[0m  '--max_num_seqs',
[36m(vLLMHttpServer pid=116025, ip=node2)[0m  '1024',
[36m(vLLMHttpServer pid=116025,node20.39)[0m  '--enable_chunked_prefill',
[36m(vLLMHttpServer pid=116025,node20.39)[0m  '--max_num_batched_tokens',[36m(vLLMHttpServer pid=116026, ip=node2)[0m W0107 04:47:34.944000 117322 torch/utils/cpp_extension.py:118] No CUDA runtime is found, using CUDA_HOME='/usr/local/cuda'[32m [repeated 8x across cluster][0m
[36m(vLLMHttpServer pid=116098,node20.39)[0m INFO:2026-01-07 04:47:26,195:vLLMHttpServer, replica_rank: 7, master address: node2, master port: 46787, data parallel master port: 39159[32m [repeated 7x across cluster][0m
[36m(vLLMHttpServer pid=116098, ip=node2)[0m INFO:2026-01-07 04:47:26,199:override_generation_config: {'temperature': 1.0, 'top_k': -1, 'top_p': 1, 'repetition_penalty': 1.0, 'max_new_tokens': 2048}[32m [repeated 7x across cluster][0m
[36m(vLLMHttpServer pid=116098,node20.39)[0m INFO:2026-01-07 04:47:26,199:enable_sleep_mode: True[32m [repeated 7x across cluster][0m
[36m(vLLMHttpServer pid=116098,node20.39)[0m Using blocking ray.get inside async actor. This blocks the event loop. Please use `await` on object ref with asyncio.gather if you want to yield execution to the event loop instead.[32m [repeated 7x across cluster][0m
[36m(vLLMHttpServer pid=116098,node20.39)[0m INFO:2026-01-07 04:47:26,275:replica_rank=7, node_rank=0, nnodes=1, get worker zmq addresses: ['ipc:///tmp/verl_vllm_zmq_113598_root.ipc'][32m [repeated 7x across cluster][0m
[36m(vLLMHttpServer pid=116098,node20.39)[0m `torch_dtype` is deprecated! Use `dtype` instead![32m [repeated 7x across cluster][0m
[36m(WorkerDict pid=113551, ip=node2)[0m [rank1]:W0107 04:47:36.066000 113551 torch/utils/cpp_extension.py:2425] TORCH_CUDA_ARCH_LIST is not set, all archs for visible cards are included for compilation. 
[36m(WorkerDict pid=113551, ip=node2)[0m [rank1]:W0107 04:47:36.066000 113551 torch/utils/cpp_extension.py:2425] If this is not desired, please set os.environ['TORCH_CUDA_ARCH_LIST'] to specific architectures.
[36m(WorkerDict pid=113550, ip=node2)[0m 
Loading safetensors checkpoint snode2 Completed | 0/4 [00:00<?, ?it/s]
[36m(vLLMHttpServer pid=116067,node20.39)[0m W0107 04:47:37.991000 117371 torch/utils/cpp_extension.py:118] No CUDA runtime is found, using CUDA_HOME='/usr/local/cuda'[32m [repeated 7x across cluster][0m
[36m(WorkerDict pid=113565, ip=node2)[0m [rank6]:W0107 04:47:38.930000 113565 torch/utils/cpp_extension.py:2425] TORCH_CUDA_ARCH_LIST is not set, all archs for visible cards are included for compilation. [32m [repeated 7x across cluster][0m
[36m(WorkerDict pid=113565, ip=node2)[0m [rank6]:W0107 04:47:38.930000 113565 torch/utils/cpp_extension.py:2425] If this is not desired, please set os.environ['TORCH_CUDA_ARCH_LIST'] to specific architectures.[32m [repeated 7x across cluster][0m
[36m(WorkerDict pid=113550, ip=node2)[0m 
Loading safetensors checkpoint snode2 Completed | 1/4 [00:00<00:01,  1.69it/s]
[36m(WorkerDict pid=113550, ip=node2)[0m 
Loading safetensors checkpoint snode2 Completed | 2/4 [00:01<00:01,  1.38it/s]
[36m(WorkerDict pid=113550, ip=node2)[0m 
Loading safetensors checkpoint snode2 Completed | 3/4 [00:01<00:00,  1.62it/s]
[36m(WorkerDict pid=113550, ip=node2)[0m 
Loading safetensors checkpoint snode2 Completed | 4/4 [00:02<00:00,  1.49it/s]
[36m(WorkerDict pid=113550, ip=node2)[0m 
Loading safetensors checkpoint snode2 Completed | 4/4 [00:02<00:00,  1.51it/s]
[36m(WorkerDict pid=113550, ip=node2)[0m 
[36m(WorkerDict pid=113557, ip=node2)[0m 2026-01-07 04:48:00,970 - INFO - autotuner.py:256 - flashinfer.jit: [Autotuner]: Autotuning process starts ...
[36m(WorkerDict pid=113557, ip=node2)[0m 2026-01-07 04:48:01,809 - INFO - autotuner.py:262 - flashinfer.jit: [Autotuner]: Autotuning process ends
[36m(WorkerDict pid=113550, ip=node2)[0m 
Capturing CUDA graphs (mixed prenode2, PIECEWISE):   0%|          | 0/67 [00:00<?, ?it/s]
[36m(WorkerDict pid=113550, ip=node2)[0m 
Capturing CUDA graphs (mixed prenode2, PIECEWISE):   3%|▎         | 2/67 [00:00<00:05, 12.21it/s]
[36m(WorkerDict pid=113550, ip=node2)[0m 
Capturing CUDA graphs (mixed prenode2, PIECEWISE):   6%|▌         | 4/67 [00:00<00:04, 12.80it/s]
[36m(WorkerDict pid=113550, ip=node2)[0m 
Capturing CUDA graphs (mixed prenode2, PIECEWISE):   9%|▉         | 6/67 [00:00<00:04, 13.01it/s]
[36m(WorkerDict pid=113550, ip=node2)[0m 
Capturing CUDA graphs (mixed prenode2, PIECEWISE):  12%|█▏        | 8/67 [00:00<00:04, 13.07it/s]
[36m(WorkerDict pid=113550, ip=node2)[0m 
Capturing CUDA graphs (mixed prenode2, PIECEWISE):  15%|█▍        | 10/67 [00:00<00:04, 13.38it/s]
[36m(WorkerDict pid=113550, ip=node2)[0m 
Capturing CUDA graphs (mixed prenode2, PIECEWISE):  18%|█▊        | 12/67 [00:00<00:04, 13.36it/s]
[36m(WorkerDict pid=113550, ip=node2)[0m 
Capturing CUDA graphs (mixed prenode2, PIECEWISE):  21%|██        | 14/67 [00:01<00:03, 13.37it/s]
[36m(WorkerDict pid=113550, ip=node2)[0m 
Capturing CUDA graphs (mixed prenode2, PIECEWISE):  24%|██▍       | 16/67 [00:01<00:03, 13.80it/s]
[36m(WorkerDict pid=113550, ip=node2)[0m 
Capturing CUDA graphs (mixed prenode2, PIECEWISE):  27%|██▋       | 18/67 [00:01<00:03, 14.16it/s]
[36m(WorkerDict pid=113550, ip=node2)[0m 
Capturing CUDA graphs (mixed prenode2, PIECEWISE):  30%|██▉       | 20/67 [00:01<00:03, 14.02it/s]
[36m(WorkerDict pid=113550, ip=node2)[0m 
Capturing CUDA graphs (mixed prenode2, PIECEWISE):  33%|███▎      | 22/67 [00:01<00:03, 13.99it/s]
[36m(WorkerDict pid=113550, ip=node2)[0m 
Capturing CUDA graphs (mixed prenode2, PIECEWISE):  36%|███▌      | 24/67 [00:01<00:02, 14.57it/s]
[36m(WorkerDict pid=113550, ip=node2)[0m 
Capturing CUDA graphs (mixed prenode2, PIECEWISE):  39%|███▉      | 26/67 [00:01<00:02, 15.04it/s]
[36m(WorkerDict pid=113550, ip=node2)[0m 
Capturing CUDA graphs (mixed prenode2, PIECEWISE):  42%|████▏     | 28/67 [00:01<00:02, 15.65it/s]
[36m(WorkerDict pid=113550, ip=node2)[0m 
Capturing CUDA graphs (mixed prenode2, PIECEWISE):  45%|████▍     | 30/67 [00:02<00:02, 16.12it/s]
[36m(WorkerDict pid=113550, ip=node2)[0m 
Capturing CUDA graphs (mixed prenode2, PIECEWISE):  48%|████▊     | 32/67 [00:02<00:02, 16.52it/s]
[36m(WorkerDict pid=113550, ip=node2)[0m 
Capturing CUDA graphs (mixed prenode2, PIECEWISE):  51%|█████     | 34/67 [00:02<00:03,  9.57it/s]
[36m(WorkerDict pid=113550, ip=node2)[0m 
Capturing CUDA graphs (mixed prenode2, PIECEWISE):  55%|█████▌    | 37/67 [00:02<00:02, 12.04it/s]
[36m(WorkerDict pid=113550, ip=node2)[0m 
Capturing CUDA graphs (mixed prenode2, PIECEWISE):  58%|█████▊    | 39/67 [00:02<00:02, 13.33it/s]
[36m(WorkerDict pid=113550, ip=node2)[0m 
Capturing CUDA graphs (mixed prenode2, PIECEWISE):  61%|██████    | 41/67 [00:03<00:01, 14.02it/s]
[36m(WorkerDict pid=113551, ip=node2)[0m 2026-01-07 04:48:04,803 - INFO - autotuner.py:256 - flashinfer.jit: [Autotuner]: Autotuning process starts ...[32m [repeated 7x across cluster][0m
[36m(WorkerDict pid=113550, ip=node2)[0m 
Capturing CUDA graphs (mixed prenode2, PIECEWISE):  66%|██████▌   | 44/67 [00:03<00:01, 16.13it/s]
[36m(WorkerDict pid=113550, ip=node2)[0m 
Capturing CUDA graphs (mixed prenode2, PIECEWISE):  70%|███████   | 47/67 [00:03<00:01, 17.86it/s]
[36m(WorkerDict pid=113550, ip=172.node2m 
Capturing CUDA graphs (mixed prefill-decode, PIECEWISE):  75%|███████▍  | 50/67 [00:03<00:00, 19.53it/s]
[36m(WorkerDict pid=113550, ip=node2)[0m 
Capturing CUDA graphs (mixed prefill-decode, PIECEWISE):  79%|███████▉  | 53/67 [00:03<00:00, 20.88it/s]
[36m(WorkerDict pid=113550, ip=node2)[0m 
Capturing CUDA graphs (mixed prefill-decode, PIECEWISE):  84%|████████▎ | 56/67 [00:03<00:00, 22.18it/s]
[36m(WorkerDict pid=113550, ip=node2)[0m 
Capturing CUDA graphs (mixed prefill-decode, PIECEWISE):  88%|████████▊ | 59/67 [00:03<00:00, 23.55it/s]
[36m(WorkerDict pid=113550, ip=node2)[0m 
Capturing CUDA graphs (mixed prefill-decode, PIECEWISE):  93%|█████████▎| 62/67 [00:03<00:00, 24.64it/s]
[36m(WorkerDict pid=node2node2)[0m 2026-01-07 04:48:05,644 - INFO - autotuner.py:262 - flashinfer.jit: [Autotuner]: Autotuning process ends[32m [repeated 7x across cluster][0m
[36m(WorkerDict pid=113550, ip=node2)[0m 
Capturing CUDA graphs (mixed prefill-node2CEWISE):  97%|█████████▋| 65/67 [00:03<00:00, 25.77it/s]
Capturing CUDA graphs (mixed prenode2, PIECEWISE): 100%|██████████| 67/67 [00:04<00:00, 16.58it/s]
[36m(WorkerDict pid=113550, ip=node2)[0m 
Capturing CUDA graphs (decode, Fnode2          | 0/67 [00:00<?, ?it/s]
[36m(WorkerDict pid=113550, ip=node2)[0m 
Capturing CUDA graphs (decode, Fnode2▎         | 2/67 [00:00<00:05, 11.73it/s]
[36m(WorkerDict pid=113550, ip=node2)[0m 
Capturing CUDA graphs (decode, Fnode2▌         | 4/67 [00:00<00:05, 11.97it/s]
[36m(WorkerDict pid=113550, ip=node2)[0m 
Capturing CUDA graphs (decode, Fnode2▉         | 6/67 [00:00<00:05, 12.15it/s]
[36m(WorkerDict pid=113550, ip=node2)[0m 
Capturing CUDA graphs (decode, Fnode2█▏        | 8/67 [00:00<00:04, 11.89it/s]
[36m(WorkerDict pid=113550, ip=node2)[0m 
Capturing CUDA graphs (decode, Fnode2█▍        | 10/67 [00:00<00:04, 12.36it/s]
[36m(WorkerDict pid=113550, ip=node2)[0m 
Capturing CUDA graphs (decode, Fnode2█▊        | 12/67 [00:00<00:04, 12.65it/s]
[36m(WorkerDict pid=113550, ip=node2)[0m 
Capturing CUDA graphs (decode, Fnode2██        | 14/67 [00:01<00:04, 12.63it/s]
[36m(WorkerDict pid=113550, ip=node2)[0m 
Capturing CUDA graphs (decode, Fnode2██▍       | 16/67 [00:01<00:03, 13.06it/s]
[36m(WorkerDict pid=113550, ip=node2)[0m 
Capturing CUDA graphs (decode, Fnode2██▋       | 18/67 [00:01<00:03, 13.53it/s]
[36m(WorkerDict pid=113550, ip=node2)[0m 
Capturing CUDA graphs (decode, Fnode2██▉       | 20/67 [00:01<00:03, 13.96it/s]
[36m(WorkerDict pid=113550, ip=node2)[0m 
Capturing CUDA graphs (decode, Fnode2███▎      | 22/67 [00:01<00:03, 13.39it/s]
[36m(WorkerDict pid=113550, ip=node2)[0m 
Capturing CUDA graphs (decode, FULL)node2      | 24/67 [00:01<00:03, 13.58it/s]
[36m(WorkerDict pid=113550, ip=172.node2m 
Capturing CUDA graphs (decode, FULL)node2      | 26/67 [00:01<00:02, 13.78it/s]
[36m(WorkerDict pid=113550, ip=172.node2m 
Capturing CUDA graphs (decode, FULL)node2▏     | 28/67 [00:02<00:02, 13.53it/s]
[36m(WorkerDict pid=113550, ip=172.node2m 
Capturing CUDA graphs (decode, FULL)node2▍     | 30/67 [00:02<00:02, 14.07it/s]
[36m(WorkerDict pid=113550, ip=172.node2m 
Capturing CUDA graphs (decode, FULL)node2▊     | 32/67 [00:02<00:02, 14.09it/s]
[36m(WorkerDict pid=113550, ip=172.node2m 
Capturing CUDA graphs (decode, FULL)node2█     | 34/67 [00:02<00:02, 14.66it/s]
[36m(WorkerDict pid=113550, ip=172.node2m 
Capturing CUDA graphs (decode, FULL)node2█▎    | 36/67 [00:02<00:02, 14.65it/s]
[36m(WorkerDict pid=113550, ip=172.node2m 
Capturing CUDA graphs (decode, FULL)node2█▋    | 38/67 [00:02<00:01, 15.39it/s]
[36m(WorkerDict pid=113550, ip=172.node2m 
Capturing CUDA graphs (decode, FULL)node2█▉    | 40/67 [00:02<00:01, 15.47it/s]
[36m(WorkerDict pid=113550, ip=172.node2m 
Capturing CUDA graphsnode2ULL):  64%|██████▍   | 43/67 [00:03<00:01, 17.09it/s]
[36m(WorkerDict pid=113550, ip=172.node2m 
Capturing CUDA graphs (decode, FULL)node2██▋   | 45/67 [00:03<00:01, 17.35it/s]
[36m(WorkerDict pid=113550, ip=172.node2m 
Capturing CUDA graphs (decode, FULL)node2███▏  | 48/67 [00:03<00:01, 18.66it/s]
[36m(WorkerDict pid=113550, ip=node2)[0m 
Capturing CUDA graphs (decode, Fnode2███████▍  | 50/67 [00:03<00:00, 18.09it/s]
[36m(WorkerDict pid=113550, ip=node2)[0m 
Capturing CUDA graphs (decode, Fnode2███████▉  | 53/67 [00:03<00:00, 19.20it/s]
[36m(WorkerDict pid=113550, ip=172.node2m 
Capturing CUDA graphs (decode, Fnode2████████▎ | 56/67 [00:03<00:00, 21.41it/s]
[36m(WorkerDict pid=113550, ip=node2)[0m 
Capturing CUDA graphs (decode, Fnode2████████▉ | 60/67 [00:03<00:00, 25.52it/s]
[36m(WorkerDict pid=113550, ip=node2)[0m node2node2node2node2node2node2node2node2
Capturing CUDA graphs (decode, FULL)node2█████▌| 64/67 [00:03<00:00, 28.53it/s]
[36m(WorkerDict pid=113550, ip=node2)[0m 
Capturing CUDA graphs (decode, FULL): 100%|██████████| 67/67 [00:03<00:00, 16.82it/s]
[36m(vLLMHttpServer pid=116025, ip=node2)[0m INFO:2026-01-07 04:48:13,945:Initializing a V1 LLM engine with config: model='/mnt/cfs/tilearn/pretrain_models/Qwen/Qwen3-VL-8B-Instruct', speculative_config=None, tokenizer='/mnt/cfs/tilearn/pretrain_models/Qwen/Qwen3-VL-8B-Instruct', skip_tokenizer_init=False, tokenizer_mode=auto, revision=None, tokenizer_revision=None, trust_remote_code=False, dtype=torch.bfloat16, max_seq_len=3072, download_dir=None, load_format=safetensors, tensor_parallel_size=1, pipeline_parallel_size=1, data_parallel_size=1, disable_custom_all_reduce=True, quantization=None, enforce_eager=False, kv_cache_dtype=auto, device_config=cuda, structured_outputs_config=StructuredOutputsConfig(backend='auto', disable_fallback=False, disable_any_whitespace=False, disable_additional_properties=False, reasoning_parser=''), observability_config=ObservabilityConfig(show_hidden_metrics_for_version=None, otlp_traces_endpoint=None, collect_detailed_traces=None), seed=0, served_model_name=/mnt/cfs/tilearn/pretrain_models/Qwen/Qwen3-VL-8B-Instruct, enable_prefix_caching=True, chunked_prefill_enabled=True, pooler_config=None, compilation_config={"level":3,"debug_dump_path":"","cache_dir":"","backend":"","custom_ops":[],"splitting_ops":["vllm.unified_attention","vllm.unified_attention_with_output","vllm.mamba_mixer2","vllm.mamba_mixer","vllm.short_conv","vllm.linear_attention","vllm.plamo2_mamba_mixer","vllm.gdn_attention","vllm.sparse_attn_indexer"],"use_inductor":true,"compile_sizes":[],"inductor_compile_config":{"enable_auto_functionalized_v2":false},"inductor_passes":{},"cudagraph_mode":[2,1],"use_cudagraph":true,"cudagraph_num_of_warmups":1,"cudagraph_capture_sizes":[512,504,496,488,480,472,464,456,448,440,432,424,416,408,400,392,384,376,368,360,352,344,336,328,320,312,304,296,288,280,272,264,256,248,240,232,224,216,208,200,192,184,176,168,160,152,144,136,128,120,112,104,96,88,80,72,64,56,48,40,32,24,16,8,4,2,1],"cudagraph_copy_inputs":false,"full_cuda_graph":false,"use_inductor_graph_partition":false,"pass_config":{},"max_capture_size":512,"local_cache_dir":null}
[36m(pid=169490)[0m W0107 04:48:24.178000 169490 torch/utils/cpp_extension.py:118] No CUDA runtime is found, using CUDA_HOME='/usr/local/cuda'
[36m(TaskRunner pid=169079)[0m wandb: Tracking run with wandb version 0.22.3
[36m(TaskRunner pid=169079)[0m wandnode2ing is set to `offline` in this directory. Run `wandb online` or set WANDB_MODE=online to enable cloud syncing.
[36m(TaskRunner pid=169079)[0m wandb: Run data is saved locally in /workspace/wandb/offline-run-20260107_044825-cdwvjsde
[36m(TaskRunner pid=169079)[0m wandb: Detected [openai] in use.
[36m(TaskRunner pid=169079)[0m wandb: Use W&B Weave for improved LLM call tracing. Install Weave with `pip install weave` then add `import weave` to the top of your script.
[36m(TaskRunner pid=169079)[0m wandb: For more information, check out the docs at: https://weave-docs.wandb.ai/
[36m(pid=170424)[0m W0107 04:48:32.746000 170424 torch/utils/cpp_extension.py:118] No CUDA runtime is found, using CUDA_HOME='/usr/local/cuda'[32m [repeated 8x across cluster][0m
[36m(AgentLoopWorker pid=169492)[0m You're using a Qwen2TokenizerFast tokenizer. Please note that with a fast tokenizer, using the `__call__` method is faster than using a method to encode the text followed by a call to the `pad` method to get a padded encoding.
[36m(pid=121868, ip=node2)[0m W0107 04:48:35.117000 121868 torch/utils/cpp_extension.py:118] No CUDA runtime is found, using CUDA_HOME='/usr/local/cuda'[32m [repeated 7x across cluster][0m
[36m(TaskRunner pid=169079)[0mnode2
Training Progress:   0%|        node20:00<?, ?it/s]
[36m(AgentLoopWorker pid=120935node2.0.39)[0m You're using a Qwen2TokenizerFast tokenizer. Please note that with a fast tokenizer, using the `__call__` method is faster than using a method to encode the text followed by a call to the `pad` method to get a padded encoding.[32m [repeated 7x across cluster][0m
[36m(WorkerDict pid=113550, ip=node2)[0m WARNING:2026-01-07 04:51:57,764:flash-attn v3 may provide important feature support or performance improvement. Please install flash-attn v3 by 
[36m(WorkerDict pid=113550, ip=node2)[0m (1) git clone https://github.com/Dao-AILab/flash-attention.git
[36m(WorkerDict pid=113550, ip=node2)[0m (2) cd flash-attention/ && git checkout 3ba6f82 && git submodule update --init && cd hopper/ && python setup.py install
[36m(WorkerDict pid=113550, ip=node2)[0m (3) python_path=`python -c "import site; print(site.getsitepackages()[0])"`
[36m(WorkerDict pid=113550, ip=node2)[0m (4) mkdir -p $python_path/flash_attn_3
[36m(WorkerDict pid=113550, ip=node2)[0m (5) cp flash_attn_interface.py $python_path/flash_attn_3/flash_attn_interface.py
[36m(WorkerDict pid=113557, ip=node2)[0m WARNING:2026-01-07 04:52:13,041:flash-attn v3 may provide important feature support or performance improvement. Please install flash-attn v3 by [32m [repeated 4x across cluster][0m
[36m(WorkerDict pid=113557, ip=node2)[0m (1) git clone https://github.com/Dao-AILab/flash-attention.git[32m [repeated 4x across cluster][0m
[36m(WorkerDict pid=113557, ip=node2)[0m (2) cd flash-attention/ && git checkout 3ba6f82 && git submodule update --init && cd hopper/ && python setup.py install[32m [repeated 4x across cluster][0m
[36m(WorkerDict pid=113557, ip=node2)[0m (3) python_path=`python -c "import site; print(site.getsitepackages()[0])"`[32m [repeated 4x across cluster][0m
[36m(WorkerDict pid=113557, ip=node2)[0m (4) mkdir -p $python_path/flash_attn_3[32m [repeated 4x across cluster][0m
[36m(WorkerDict pid=113557, ip=node2)[0m (5) cp flash_attn_interface.py $python_path/flash_attn_3/flash_attn_interface.py[32m [repeated 4x across cluster][0m
[36m(WorkerDict pid=113561, ip=node2)[0m /usr/local/lib/python3.12/dist-packages/megatron/core/tensor_parallel/layers.py:715: UserWarning: When using sequence parallelism it is recommended to set the environment variable CUDA_DEVICE_MAX_CONNECTIONS to 1 for maximum speedup
[36m(WorkerDict pid=113561, ip=node2)[0m   warnings.warn(
[36m(WorkerDict pid=113557, ip=node2)[0m /usr/local/lib/python3.12/dist-packages/torch/autograd/graph.py:829: UserWarning: c10d::broadcast_: an autograd kernel was not registered to the Autograd key(s) but we are trying to backprop through it. This may lead to silently incorrect behavior. This behavior is deprecated and will be removed in a future version of PyTorch. If your operator is differentiable, please ensure you have registered an autograd kernel to the correct Autograd key (e.g. DispatchKey::Autograd, DispatchKey::CompositeImplicitAutograd). If your operator is not differentiable, or to squash this warning and use the previous behavior, please register torch::CppFunction::makeFallthrough() to DispatchKey::Autograd. (Triggered internally at /pytorch/torch/csrc/autograd/autograd_not_implemented_fallback.cpp:62.)
[36m(WorkerDict pid=113557, ip=node2)[0m   return Variable._execution_engine.run_backward(  # Calls into the C++ engine to run the backward pass
[36m(WorkerDict pid=113598, ip=node2)[0m WARNING:2026-01-07 04:52:13,206:flash-attn v3 may provide important feature support or performance improvement. Please install flash-attn v3 by [32m [repeated 3x across cluster][0m
[36m(WorkerDict pid=113598, ip=node2)[0m (1) git clone https://github.com/Dao-AILab/flash-attention.git[32m [repeated 3x across cluster][0m
[36m(WorkerDict pid=113598, ip=node2)[0m (2) cd flash-attention/ && git checkout 3ba6f82 && git submodule update --init && cd hopper/ && python setup.py install[32m [repeated 3x across cluster][0m
[36m(WorkerDict pid=113598, ip=node2)[0m (3) python_path=`python -c "import site; print(site.getsitepackages()[0])"`[32m [repeated 3x across cluster][0m
[36m(WorkerDict pid=113598, ip=node2)[0m (4) mkdir -p $python_path/flash_attn_3[32m [repeated 3x across cluster][0m
[36m(WorkerDict pid=113598, ip=node2)[0m (5) cp flash_attn_interface.py $python_path/flash_attn_3/flash_attn_interface.py[32m [repeated 3x across cluster][0m
[36m(WorkerDict pid=113598, ip=node2)[0m /usr/local/lib/python3.12/dist-packages/megatron/core/tensor_parallel/layers.py:715: UserWarning: When using sequence parallelism it is recommended to set the environment variable CUDA_DEVICE_MAX_CONNECTIONS to 1 for maximum speedup[32m [repeated 3x across cluster][0m
[36m(WorkerDict pid=113598, ip=node2)[0m   warnings.warn([32m [repeated 3x across cluster][0m
[36m(WorkerDict pid=113557, ip=node2)[0m   Variable._execution_engine.run_backward(

[36m(vLLMHttpServer pid=116025, ip=node2)[0m  '8192',
[36m(vLLMHttpServer pid=116025, ip=node2)[0m  '--enable_prefix_caching',
[36m(vLLMHttpServer pid=116025, ip=node2)[0m  '--enable_sleep_mode',
[36m(vLLMHttpServer pid=116025, ip=node2)[0m  '--disable_custom_all_reduce',
[36m(vLLMHttpServer pid=116025, ip=node2)[0m  '--gpu_memory_utilization',
[36m(vLLMHttpServer pid=116025, ip=node2)[0m  '0.7',
[36m(vLLMHttpServer pid=116025, ip=node2)[0m  '--disable_log_stats',
[36m(vLLMHttpServer pid=116025, ip=node2)[0m  '--tensor_parallel_size',
[36m(vLLMHttpServer pid=116025, ip=node2)[0m  '1',
[36m(vLLMHttpServer pid=116025, ip=node2)[0m  '--seed',
[36m(vLLMHttpServer pid=116025, ip=node2)[0m  '0',
[36m(vLLMHttpServer pid=116025, ip=node2)[0m  '--override_generation_config',
[36m(vLLMHttpServer pid=116025, ip=node2)[0m  '{"temperature": 1.0, "top_k": -1, "top_p": 1, "repetition_penalty": 1.0, '
[36m(vLLMHttpServer pid=116025, ip=node2)[0m  '"max_new_tokens": 2048}',
[36m(vLLMHttpServer pid=116025, ip=node2)[0m  '--hf_overrides',
[36m(vLLMHttpServer pid=116025, ip=node2)[0m  '{}',
[36m(vLLMHttpServer pid=116025,node20.39)[0m  '--disable_mm_preprocessor_cache']
[36m(vLLMHttpServer pid=116026,node20.39)[0m WARNING 01-07 04:47:24 [__init__.py:3036] We must use the `spawn` multiprocessing start method. Overriding VLLM_WORKER_MULTIPROC_METHOD to 'spawn'. See https://docs.vllm.ai/en/latest/usage/troubleshooting.html#python-multiprocessing for more information. Reasons: In a Ray actor and can only be spawned
[36m(pid=116098, ip=node2node2NG 01-07 04:47:23 [api_server.py:1213] LoRA dynamic loading & unloading is enabled in the API server. This should ONLY be used for local development![32m [repeated 6x across cluster][0m
[36m(vLLMHttpServer pid=116098,node20.39)[0m WARNING 01-07 04:47:26 [__init__.py:1750] argument 'disable_mm_preprocessor_cache' is deprecated[32m [repeated 7x across cluster][0m
[36m(vLLMHttpServer pid=116098,node20.39)[0m WARNING 01-07 04:47:26 [arg_utils.py:970] `--disable-mm-preprocessor-cache` is deprecated and will be removed in v0.13. Please use `--mm-processor-cache-gb 0` instead.[32m [repeated 7x across cluster][0m
[36m(vLLMHttpServer pid=116098,node20.39)[0m WARNING 01-07 04:47:26 [__init__.py:3036] We must use the `spawn` multiprocessing start method. Overriding VLLM_WORKER_MULTIPROC_METHOD to 'spawn'. See https://docs.vllm.ai/en/latest/usage/troubleshooting.html#python-multiprocessing for more information. Reasons: In a Ray actor and can only be spawned[32m [repeated 7x across cluster][0m
[36m(vLLMHttpServer pid=116025,node20.39)[0m WARNING 01-07 04:47:32 [api_server.py:1213] LoRA dynamic loading & unloading is enabled in the API server. This should ONLY be used for local development![32m [repeated 2x across cluster][0m
[36m(WorkerDict pid=113557, ip=node2)[0m WARNING 01-07 04:47:38 [api_server.py:1213] LoRA dynamic loading & unloading is enabled in the API server. This should ONLY be used for local development![32m [repeated 11x across cluster][0m
[36m(WorkerDict pid=113550, ip=node2)[0m NCCL version 2.27.3+cuda12.9
[36m(WorkerDict pid=113550, ip=node2)[0m [Gloo] Rank 0 is connected to 7 peer ranks. Expected number of connected peer ranks is : 7
[36m(WorkerDict pid=113550, ip=node2)[0m [Gloo] Rank 0 is connected to 0 peer ranks. Expected number of connected peer ranks is : 0
[36m(vLLMHttpServer pid=116032, ip=node2)[0m WARNING 01-07 04:48:13 [model.py:1389] Default sampling parameters have been overridden by the model's Hugging Face generation config recommended from the model creator. If this is not intended, please relaunch vLLM instance with `--generation-config vllm`.
[36m(WorkerDict pid=113565, ip=node2)[0m WARNING 01-07 04:47:38 [api_server.py:1213] LoRA dynamic loading & unloading is enabled in the API server. This should ONLY be used for local development![32m [repeated 3x across cluster][0m
[36m(WorkerDict pid=113565, ip=node2)[0m NCCL version 2.27.3+cuda12.9[32m [repeated 5x across cluster][0m
[36m(WorkerDict pid=113598, ip=node2)[0m [Gloo] Rank 0 is connected to 0 peer ranks. Expected number of connected peer ranks is : 0[32m [repeated 46x across cluster][0m
[36m(TaskRunner pid=169079)[0mnode2anager: ['node2:44325', 'node2:44357', 'node2:41341', 'node2:44125', 'node2:46011', 'node2:41281', 'node2:43187', 'node2:40765']
[36m(vLLMHttpServer pid=116026, ip=node2)[0m WARNING 01-07 04:48:17 [model.py:1389] Default sampling parameters have been overridden by the model's Hugging Face generation config recommended from the model creator. If this is not intended, please relaunch vLLM instance with `--generation-config vllm`.[32m [repeated 7x across cluster][0m
[36m(AgentLoopWorker pid=169490)[0m WARNING 01-07 04:48:25 [api_server.py:1213] LoRA dynamic loading & unloading is enabled in the API server. This should ONLY be used for local development!
[36m(TaskRunner pid=169079)[0mnode2 tracker file does not exist: /workspace/recipe/exp/checkpoint/qwen3_vl_8b_megatron_/latest_checkpointed_iteration.txt
[36m(TaskRunner pid=169079)[0mnode2rom scratch
[36m(AgentLoopWorker pid=169491)[0m WARNING 01-07 04:48:27 [api_server.py:1213] LoRA dynamic loading & unloading is enabled in the API server. This should ONLY be used for local development!
[36m(TaskRunner pid=169079)[0m test_gen_batch meta info: {'eos_token_id': 151645, 'pad_token_id': 151643, 'recompute_log_prob': False, 'do_sample': False, 'validate': True, 'global_steps': 0}
[36m(AgentLoopWorker pid=120935, ip=node2)[0m WARNING 01-07 04:48:27 [api_server.py:1213] LoRA dynamic loading & unloading is enabled in the API server. This should ONLY be used for local development![32m [repeated 6x across cluster][0m
[36m(TaskRunner pid=169079)[0m validation generation end
[36m(TaskRunner pid=169079)[0m ("Initial validation metrics: {'val-aux/hiyouga/geometry3k/reward/mean@1': "
[36m(TaskRunner pid=169079)[0m  "0.4582362607394201, 'val-core/hiyouga/geometry3k/acc/mean@1': "
[36m(TaskRunner pid=169079)[0m  "0.45823627287853574, 'val-aux/num_turns/min': 2, 'val-aux/num_turns/max': 2, "
[36m(TaskRunner pid=169079)[0m  "'val-aux/num_turns/mean': 2.0}")
[36m(TaskRunner pid=169079)[0m step:0 - val-aux/hiyouga/geometry3k/reward/mean@1:0.4582362607394201 - val-core/hiyouga/geometry3k/acc/mean@1:0.45823627287853574 - val-aux/num_turns/min:2 - val-aux/num_turns/max:2 - val-aux/num_turns/mean:2.0
[36m(TaskRunner pid=169079)[0m step:1 - actor/entropy:0.41720616817474365 - perf/mfu/actor_infer:0 - actor/kl_loss:0.0004582202060388423 - actor/kl_coef:0.009999999999999998 - actor/pg_clipfrac:0.0004960223633863099 - actor/ppo_kl:1.190284814241123e-05 - actor/pg_clipfrac_lower:0.0 - actor/pg_loss:0.059492502199137966 - actor/grad_norm:0.08163492260806793 - perf/mfu/actor:0.0 - perf/max_memory_allocated_gb:75.843270778656 - perf/max_memory_reserved_gb:78.76953125 - perf/cpu_memory_used_gb:464.7599639892578 - actor/lr:1e-06 - training/global_step:1 - training/epoch:0 - critic/score/mean:0.41203126311302185 - critic/score/max:0.8999999761581421 - critic/score/min:0.0 - critic/rewards/mean:0.41203126311302185 - critic/rewards/max:0.8999999761581421 - critic/rewards/min:0.0 - critic/advantages/mean:-0.05983191356062889 - critic/advantages/max:1.7888498306274414 - critic/advantages/min:-1.7888498306274414 - critic/returns/mean:-0.05983191356062889 - critic/returns/max:1.7888498306274414 - critic/returns/min:-1.7888498306274414 - response_length/mean:1148.3734130859375 - response_length/max:2048.0 - response_length/min:136.0 - response_length/clip_ratio:0.3414062559604645 - response_length_non_aborted/mean:1148.3734130859375 - response_length_non_aborted/max:2048.0 - response_length_non_aborted/min:136.0 - response_length_non_aborted/clip_ratio:0.3414062559604645 - response/aborted_ratio:0.0 - prompt_length/mean:271.408203125 - prompt_length/max:842.0 - prompt_length/min:190.0 - prompt_length/clip_ratio:0.0 - num_turns/min:2 - num_turns/max:2 - num_turns/mean:2.0 - timing_s/start_profile:0.00022268597967922688 - timing_s/agent_loop/generate_sequences/min:16.262152509996668 - timing_s/agent_loop/generate_sequences/max:111.35370912216604 - timing_s/agent_loop/generate_sequences/mean:66.9174095376663 - timing_s/agent_loop/tool_calls/min:0.0 - timing_s/agent_loop/tool_calls/max:0.0 - timing_s/agent_loop/tool_calls/mean:0.0 - timing_s/agent_loop/slowest/generate_sequences:111.35370912216604 - timing_s/agent_loop/slowest/tool_calls:0.0 - timing_s/agent_loop/slowest/prompt_length:383 - timing_s/agent_loop/slowest/response_length:2048 - timing_s/gen:127.4867766208481 - timing_s/reward:0.0001031381543725729 - timing_s/old_log_prob:139.70591659890488 - timing_s/ref:117.63902059220709 - timing_s/adv:0.13002621405757964 - timing_s/update_actor:418.30915257311426 - timing_s/step:803.5911417859606 - timing_s/stop_profile:3.0090101063251495e-05 - timing_per_token_ms/update_actor:0.11508953774887651 - timing_per_token_ms/adv:3.577415597787502e-05 - timing_per_token_ms/ref:0.03236606327618246 - timing_per_token_ms/gen:0.043365268205725796 - perf/total_num_tokens:3634641 - perf/time_per_step:803.5911417859606 - perf/throughput:565.3747302269447[36m(TaskRunner pid=169079)[0m 
Training Progress:   2%|▏         | 1/60 [13:29<13:16:15, 809.75s/it]
[36m(WorkerDict pid=113553, ip=node2)[0m /usr/local/lib/python3.12/dist-packages/megatron/core/pipeline_parallel/schedules.py:167: UserWarning: c10d::broadcast_: an autograd kernel was not registered to the Autograd key(s) but we are trying to backprop through it. This may lead to silently incorrect behavior. This behavior is deprecated and will be removed in a future version of PyTorch. If your operator is differentiable, please ensure you have registered an autograd kernel to the correct Autograd key (e.g. DispatchKey::Autograd, DispatchKey::CompositeImplicitAutograd). If your operator is not differentiable, or to squash this warning and use the previous behavior, please register torch::CppFunction::makeFallthrough() to DispatchKey::Autograd. (Triggered internally at /pytorch/torch/csrc/autograd/autograd_not_implemented_fallback.cpp:62.)[32m [repeated 35x across cluster][0m
[36m(WorkerDict pid=113553, ip=node2)[0m   return Variable._execution_engine.run_backward(  # Calls into the C++ engine to run the backward pass[32m [repeated 19x across cluster][0m
[36m(WorkerDict pid=113553, ip=node2)[0m   Variable._execution_engine.run_backward([32m [repeated 15x across cluster][0m
[36m(TaskRunner pid=169079)[0m 
Training Progress:   3%|▎         | 2/60 [26:10<12:34:36, 780.63s/it]
[36m(TaskRunner pid=169079)[0m 
Training Progress:   5%|▌         | 3/60 [39:08<12:20:47, 779.77s/it]

[36m(TaskRunner pid=169079)[0m step:2 - actor/entropy:0.41014641523361206 - perf/mfu/actor_infer:0 - actor/kl_loss:0.0006688327397230666 - actor/kl_coef:0.009999999999999997 - actor/pg_clipfrac:0.0005466245764901667 - actor/ppo_kl:-2.2934412175076792e-05 - actor/pg_clipfrac_lower:3.589968316170365e-07 - actor/pg_loss:0.06469587973270939 - actor/grad_norm:0.08013220727775769 - perf/mfu/actor:0.0 - perf/max_memory_allocated_gb:76.8881163597107 - perf/max_memory_reserved_gb:79.580078125 - perf/cpu_memory_used_gb:479.2331962585449 - actor/lr:1e-06 - training/global_step:2 - training/epoch:0 - critic/score/mean:0.41554683446884155 - critic/score/max:0.8999999761581421 - critic/score/min:0.0 - critic/rewards/mean:0.41554683446884155 - critic/rewards/max:0.8999999761581421 - critic/rewards/min:0.0 - critic/advantages/mean:-0.06505604833364487 - critic/advantages/max:1.7888498306274414 - critic/advantages/min:-1.7888498306274414 - critic/returns/mean:-0.06505604833364487 - critic/returns/max:1.7888498306274414 - critic/returns/min:-1.7888498306274414 - response_length/mean:1092.959716796875 - response_length/max:2048.0 - response_length/min:106.0 - response_length/clip_ratio:0.3207031190395355 - response_length_non_aborted/mean:1092.959716796875 - response_length_non_aborted/max:2048.0 - response_length_non_aborted/min:106.0 - response_length_non_aborted/clip_ratio:0.3207031190395355 - response/aborted_ratio:0.0 - prompt_length/mean:276.794921875 - prompt_length/max:600.0 - prompt_length/min:190.0 - prompt_length/clip_ratio:0.0 - num_turns/min:2 - num_turns/max:2 - num_turns/mean:2.0 - timing_s/start_profile:7.971911691129208e-05 - timing_s/agent_loop/generate_sequences/min:14.042192827910185 - timing_s/agent_loop/generate_sequences/max:106.24101705895737 - timing_s/agent_loop/generate_sequences/mean:62.081962837876475 - timing_s/agent_loop/tool_calls/min:0.0 - timing_s/agent_loop/tool_calls/max:0.0 - timing_s/agent_loop/tool_calls/mean:0.0 - timing_s/agent_loop/slowest/generate_sequences:106.24101705895737 - timing_s/agent_loop/slowest/tool_calls:0.0 - timing_s/agent_loop/slowest/prompt_length:209 - timing_s/agent_loop/slowest/response_length:2048 - timing_s/gen:121.99526806804352 - timing_s/reward:0.00011237803846597672 - timing_s/old_log_prob:118.04000912094489 - timing_s/ref:118.90283462684602 - timing_s/adv:0.04592539509758353 - timing_s/update_actor:400.43669865699485 - timing_s/step:759.7209603199735 - timing_s/stop_profile:2.9068905860185623e-05 - timing_per_token_ms/update_actor:0.11419605776153886 - timing_per_token_ms/adv:1.3096949127975564e-05 - timing_per_token_ms/ref:0.03390856786252956 - timing_per_token_ms/gen:0.043601240491985285 - perf/total_num_tokens:3506572 - perf/time_per_step:759.7209603199735 - perf/throughput:576.950647531682
[36m(TaskRunner pid=169079)[0m step:3 - actor/entropy:0.40923774242401123 - perf/mfu/actor_infer:0 - actor/kl_loss:0.0007817850803096209 - actor/kl_coef:0.009999999999999998 - actor/pg_clipfrac:0.0005558321796949409 - actor/ppo_kl:1.0892350908770149e-05 - actor/pg_clipfrac_lower:3.4935328585561365e-07 - actor/pg_loss:0.06894155381855348 - actor/grad_norm:0.09329050034219286 - perf/mfu/actor:0.0 - perf/max_memory_allocated_gb:77.95283651351929 - perf/max_memory_reserved_gb:80.9375 - perf/cpu_memory_used_gb:491.8188018798828 - actor/lr:1e-06 - training/global_step:3 - training/epoch:0 - critic/score/mean:0.4496484696865082 - critic/score/max:0.8999999761581421 - critic/score/min:0.0 - critic/rewards/mean:0.4496484696865082 - critic/rewards/max:0.8999999761581421 - critic/rewards/min:0.0 - critic/advantages/mean:-0.06914281100034714 - critic/advantages/max:1.7888498306274414 - critic/advantages/min:-1.7888498306274414 - critic/returns/mean:-0.06914281100034714 - critic/returns/max:1.7888498306274414 - critic/returns/min:-1.7888498306274414 - response_length/mean:1093.283203125 - response_length/max:2048.0 - response_length/min:111.0 - response_length/clip_ratio:0.310546875 - response_length_non_aborted/mean:1093.283203125 - response_length_non_aborted/max:2048.0 - response_length_non_aborted/min:111.0 - response_length_non_aborted/clip_ratio:0.310546875 - response/aborted_ratio:0.0 - prompt_length/mean:285.275390625 - prompt_length/max:663.0 - prompt_length/min:189.0 - prompt_length/clip_ratio:0.0 - num_turns/min:2 - num_turns/max:2 - num_turns/mean:2.0 - timing_s/start_profile:7.495889440178871e-05 - timing_s/agent_loop/generate_sequences/min:15.544590454548597 - timing_s/agent_loop/generate_sequences/max:105.50816679396667 - timing_s/agent_loop/generate_sequences/mean:62.860602448889225 - timing_s/agent_loop/tool_calls/min:0.0 - timing_s/agent_loop/tool_calls/max:0.0 - timing_s/agent_loop/tool_calls/mean:0.0 - timing_s/agent_loop/slowest/generate_sequences:105.50816679396667 - timing_s/agent_loop/slowest/tool_calls:0.0 - timing_s/agent_loop/slowest/prompt_length:210 - timing_s/agent_loop/slowest/response_length:2048 - timing_s/gen:122.10614249715582 - timing_s/reward:0.00011856714263558388 - timing_s/old_log_prob:124.90031584911048 - timing_s/ref:118.90338124288246 - timing_s/adv:0.04833534895442426 - timing_s/update_actor:411.92471167701297 - timing_s/step:778.180426980136 - timing_s/stop_profile:3.739888779819012e-05 - timing_per_token_ms/update_actor:0.11672198137122758 - timing_per_token_ms/adv:1.3696186561037842e-05 - timing_per_token_ms/ref:0.03369217203285884 - timing_per_token_ms/gen:0.0436279563946598 - perf/total_num_tokens:3529110 - perf/time_per_step:778.180426980136 - perf/throughput:566.8849211639971
[36m(TaskRunner pid=169079)[0m step:4 - actor/entropy:0.3978869616985321 - perf/mfu/actor_infer:0 - actor/kl_loss:0.0008415815608276278 - actor/kl_coef:0.009999999999999998 - actor/pg_clipfrac:0.0006573466071805106 - actor/ppo_kl:1.9237378040507473e-05 - actor/pg_clipfrac_lower:0.0 - actor/pg_loss:0.08960277299929995 - actor/grad_norm:0.09106774602652998 - perf/mfu/actor:0.0 - perf/max_memory_allocated_gb:78.74254751205444 - perf/max_memory_reserved_gb:81.458984375 - perf/cpu_memory_used_gb:496.04224395751953 - actor/lr:1e-06 - training/global_step:4 - training/epoch:0 - critic/score/mean:0.4422655999660492 - critic/score/max:0.8999999761581421 - critic/score/min:0.0 - critic/rewards/mean:0.4422655999660492 - critic/rewards/max:0.8999999761581421 - critic/rewards/min:0.0 - critic/advantages/mean:-0.0899750143289566 - critic/advantages/max:1.7888498306274414 - critic/advantages/min:-1.7888498306274414 - critic/returns/mean:-0.0899750143289566 - critic/returns/max:1.7888498306274414 - critic/returns/min:-1.7888498306274414 - response_length/mean:1092.751953125 - response_length/max:2048.0 - response_length/min:47.0 - response_length/clip_ratio:0.3089843690395355 - response_length_non_aborted/mean:1092.751953125 - response_length_non_aborted/max:2048.0 - response_length_non_aborted/min:47.0 - response_length_non_aborted/clip_ratio:0.3089843690395355 - response/aborted_ratio:0.0 - prompt_length/mean:286.9921875 - prompt_length/max:842.0 - prompt_length/min:189.0 - prompt_length/clip_ratio:0.0 - num_turns/min:2 - num_turns/max:2 - num_turns/mean:2.0 - timing_s/start_profile:7.174885831773281e-05 - timing_s/agent_loop/generate_sequences/min:11.670164827955887 - timing_s/agent_loop/generate_sequences/max:105.68190753646195 - timing_s/agent_loop/generate_sequences/mean:63.135031944049025 - timing_s/agent_loop/tool_calls/min:0.0 - timing_s/agent_loop/tool_calls/max:0.0 - timing_s/agent_loop/tool_calls/mean:0.0 - timing_s/agent_loop/slowest/generate_sequences:105.68190753646195 - timing_s/agent_loop/slowest/tool_calls:0.0 - timing_s/agent_loop/slowest/prompt_length:270 - timing_s/agent_loop/slowest/response_length:2048 - timing_s/gen:122.40166145400144 - timing_s/reward:0.00011464697308838367 - timing_s/old_log_prob:127.55932574695908 - timing_s/ref:126.5491979259532 - timing_s/adv:0.049420878989622 - timing_s/update_actor:416.2025747471489 - timing_s/step:793.0600981600583 - timing_s/stop_profile:3.070896491408348e-05 - timing_per_token_ms/update_actor:0.11783281115218908 - timing_per_token_ms/adv:1.3991746938368045e-05 - timing_per_token_ms/ref:0.03582786038680552 - timing_per_token_ms/gen:0.04375480535059722 - perf/total_num_tokens:3532145 - perf/time_per_step:793.0600981600583 - perf/throughput:556.727196368025[36m(TaskRunner pid=169079)[0m 
Training Progress:   7%|▋         | 4/60 [52:22<12:12:53, 785.23s/it]
[36m(TaskRunner pid=169079)[0m 
Training Progress:   8%|▊         | 5/60 [1:06:16<12:15:49, 802.71s/it]
[36m(TaskRunner pid=169079)[0m 
Training Progress:  10%|█         | 6/60 [1:18:54<11:48:53, 787.67s/it]

[36m(TaskRunner pid=169079)[0m test_gen_batch meta info: {'eos_token_id': 151645, 'pad_token_id': 151643, 'recompute_log_prob': False, 'do_sample': False, 'validate': True, 'global_steps': 5}
[36m(TaskRunner pid=169079)[0m validation generation end
[36m(TaskRunner pid=169079)[0m step:5 - actor/entropy:0.4017874598503113 - perf/mfu/actor_infer:0 - actor/kl_loss:0.0009193817091266244 - actor/kl_coef:0.01 - actor/pg_clipfrac:0.0006107493789668169 - actor/ppo_kl:-2.944198033706208e-05 - actor/pg_clipfrac_lower:0.0 - actor/pg_loss:0.07747324661880119 - actor/grad_norm:0.09346473005810486 - perf/mfu/actor:0.0 - perf/max_memory_allocated_gb:79.06062459945679 - perf/max_memory_reserved_gb:81.8203125 - perf/cpu_memory_used_gb:491.4090576171875 - actor/lr:1e-06 - val-aux/hiyouga/geometry3k/reward/mean@1:0.4777038143002451 - val-core/hiyouga/geometry3k/acc/mean@1:0.4777038269550749 - val-aux/num_turns/min:2 - val-aux/num_turns/max:2 - val-aux/num_turns/mean:2.0 - training/global_step:5 - training/epoch:1 - critic/score/mean:0.44226565957069397 - critic/score/max:0.8999999761581421 - critic/score/min:0.0 - critic/rewards/mean:0.44226565957069397 - critic/rewards/max:0.8999999761581421 - critic/rewards/min:0.0 - critic/advantages/mean:-0.07788684964179993 - critic/advantages/max:1.7888498306274414 - critic/advantages/min:-1.7888498306274414 - critic/returns/mean:-0.07788684964179993 - critic/returns/max:1.7888498306274414 - critic/returns/min:-1.7888498306274414 - response_length/mean:1081.041015625 - response_length/max:2048.0 - response_length/min:107.0 - response_length/clip_ratio:0.3046875 - response_length_non_aborted/mean:1081.041015625 - response_length_non_aborted/max:2048.0 - response_length_non_aborted/min:107.0 - response_length_non_aborted/clip_ratio:0.3046875 - response/aborted_ratio:0.0 - prompt_length/mean:281.060546875 - prompt_length/max:842.0 - prompt_length/min:189.0 - prompt_length/clip_ratio:0.0 - num_turns/min:2 - num_turns/max:2 - num_turns/mean:2.0 - timing_s/start_profile:0.00011031795293092728 - timing_s/agent_loop/generate_sequences/min:13.429964309558272 - timing_s/agent_loop/generate_sequences/max:106.37368992785923 - timing_s/agent_loop/generate_sequences/mean:60.618327338359904 - timing_s/agent_loop/tool_calls/min:0.0 - timing_s/agent_loop/tool_calls/max:0.0 - timing_s/agent_loop/tool_calls/mean:0.0 - timing_s/agent_loop/slowest/generate_sequences:106.37368992785923 - timing_s/agent_loop/slowest/tool_calls:0.0 - timing_s/agent_loop/slowest/prompt_length:240 - timing_s/agent_loop/slowest/response_length:2048 - timing_s/gen:124.13663542806171 - timing_s/reward:0.00012745801359415054 - timing_s/old_log_prob:120.75387198990211 - timing_s/ref:118.48805051017553 - timing_s/adv:0.03921018517576158 - timing_s/update_actor:410.42054005200043 - timing_s/step:774.1430525828619 - timing_s/testing:50.04209692799486 - timing_s/stop_profile:3.6529963836073875e-05 - timing_per_token_ms/update_actor:0.11770085863756043 - timing_per_token_ms/adv:1.1244740484821129e-05 - timing_per_token_ms/ref:0.033980134818718644 - timing_per_token_ms/gen:0.04485572010054751 - perf/total_num_tokens:3486980 - perf/time_per_step:774.1430525828619 - perf/throughput:563.0387026606372
[36m(TaskRunner pid=169079)[0m step:6 - actor/entropy:0.38884538412094116 - perf/mfu/actor_infer:0 - actor/kl_loss:0.001131088112183184 - actor/kl_coef:0.009999999999999998 - actor/pg_clipfrac:0.0006468070001014544 - actor/ppo_kl:1.0813576060159518e-05 - actor/pg_clipfrac_lower:7.287796786560928e-07 - actor/pg_loss:0.06853871234726774 - actor/grad_norm:0.10568343492906462 - perf/mfu/actor:0.0 - perf/max_memory_allocated_gb:79.6341118812561 - perf/max_memory_reserved_gb:82.341796875 - perf/cpu_memory_used_gb:489.93183517456055 - actor/lr:1e-06 - training/global_step:6 - training/epoch:1 - critic/score/mean:0.44191402196884155 - critic/score/max:0.8999999761581421 - critic/score/min:0.0 - critic/rewards/mean:0.44191402196884155 - critic/rewards/max:0.8999999761581421 - critic/rewards/min:0.0 - critic/advantages/mean:-0.06842753291130066 - critic/advantages/max:1.7888498306274414 - critic/advantages/min:-1.7888498306274414 - critic/returns/mean:-0.06842753291130066 - critic/returns/max:1.7888498306274414 - critic/returns/min:-1.7888498306274414 - response_length/mean:1046.880859375 - response_length/max:2048.0 - response_length/min:104.0 - response_length/clip_ratio:0.2867187559604645 - response_length_non_aborted/mean:1046.880859375 - response_length_non_aborted/max:2048.0 - response_length_non_aborted/min:104.0 - response_length_non_aborted/clip_ratio:0.2867187559604645 - response/aborted_ratio:0.0 - prompt_length/mean:278.439453125 - prompt_length/max:669.0 - prompt_length/min:190.0 - prompt_length/clip_ratio:0.0 - num_turns/min:2 - num_turns/max:2 - num_turns/mean:2.0 - timing_s/start_profile:8.84390901774168e-05 - timing_s/agent_loop/generate_sequences/min:14.019785896176472 - timing_s/agent_loop/generate_sequences/max:105.4916253015399 - timing_s/agent_loop/generate_sequences/mean:58.22615763200311 - timing_s/agent_loop/tool_calls/min:0.0 - timing_s/agent_loop/tool_calls/max:0.0 - timing_s/agent_loop/tool_calls/mean:0.0 - timing_s/agent_loop/slowest/generate_sequences:105.4916253015399 - timing_s/agent_loop/slowest/tool_calls:0.0 - timing_s/agent_loop/slowest/prompt_length:231 - timing_s/agent_loop/slowest/response_length:2048 - timing_s/gen:122.3629018610809 - timing_s/reward:0.00012444797903299332 - timing_s/old_log_prob:117.35959164402448 - timing_s/ref:114.90488977800123 - timing_s/adv:0.0394357000477612 - timing_s/update_actor:402.4892632809933 - timing_s/step:757.4722609079909 - timing_s/stop_profile:3.0369963496923447e-05 - timing_per_token_ms/update_actor:0.11862971312388908 - timing_per_token_ms/adv:1.1623280942626253e-05 - timing_per_token_ms/ref:0.03386707511097 - timing_per_token_ms/gen:0.04565754365594256 - perf/total_num_tokens:3392820 - perf/time_per_step:757.4722609079909 - perf/throughput:559.8917899536326
[36m(TaskRunner pid=169079)[0m step:7 - actor/entropy:0.37782472372055054 - perf/mfu/actor_infer:0 - actor/kl_loss:0.0014415436934324957 - actor/kl_coef:0.009999999999999998 - actor/pg_clipfrac:0.0006217544293100391 - actor/ppo_kl:1.8490729159711554e-05 - actor/pg_clipfrac_lower:3.613526045921303e-07 - actor/pg_loss:0.06475589771483405 - actor/grad_norm:0.08501985519756786 - perf/mfu/actor:0.0 - perf/max_memory_allocated_gb:80.05284357070923 - perf/max_memory_reserved_gb:82.77734375 - perf/cpu_memory_used_gb:489.3585662841797 - actor/lr:1e-06 - training/global_step:7 - training/epoch:1 - critic/score/mean:0.452812522649765 - critic/score/max:0.8999999761581421 - critic/score/min:0.0 - critic/rewards/mean:0.452812522649765 - critic/rewards/max:0.8999999761581421 - critic/rewards/min:0.0 - critic/advantages/mean:-0.06420113891363144 - critic/advantages/max:1.7888498306274414 - critic/advantages/min:-1.7888498306274414 - critic/returns/mean:-0.06420113891363144 - critic/returns/max:1.7888498306274414 - critic/returns/min:-1.7888498306274414 - response_length/mean:1060.456298828125 - response_length/max:2048.0 - response_length/min:40.0 - response_length/clip_ratio:0.2890625 - response_length_non_aborted/mean:1060.456298828125 - response_length_non_aborted/max:2048.0 - response_length_non_aborted/min:40.0 - response_length_non_aborted/clip_ratio:0.2890625 - response/aborted_ratio:0.0 - prompt_length/mean:277.619140625 - prompt_length/max:842.0 - prompt_length/min:189.0 - prompt_length/clip_ratio:0.0 - num_turns/min:2 - num_turns/max:2 - num_turns/mean:2.0 - timing_s/start_profile:3.5529956221580505e-05 - timing_s/agent_loop/generate_sequences/min:9.836934434249997 - timing_s/agent_loop/generate_sequences/max:107.87763666897081 - timing_s/agent_loop/generate_sequences/mean:59.45145730842059 - timing_s/agent_loop/tool_calls/min:0.0 - timing_s/agent_loop/tool_calls/max:0.0 - timing_s/agent_loop/tool_calls/mean:0.0 - timing_s/agent_loop/slowest/generate_sequences:107.87763666897081 - timing_s/agent_loop/slowest/tool_calls:0.0 - timing_s/agent_loop/slowest/prompt_length:487 - timing_s/agent_loop/slowest/response_length:2048 - timing_s/gen:124.18504205904901 - timing_s/reward:0.00011612800881266594 - timing_s/old_log_prob:119.5679821439553 - timing_s/ref:116.86959947599098 - timing_s/adv:0.06739892810583115 - timing_s/update_actor:410.29120484692976 - timing_s/step:771.2840943851043 - timing_s/stop_profile:3.0098948627710342e-05 - timing_per_token_ms/update_actor:0.11977651111158365 - timing_per_token_ms/adv:1.9675801883661364e-05 - timing_per_token_ms/ref:0.03411779905315002 - timing_per_token_ms/gen:0.04574425588449879 - perf/total_num_tokens:3425473 - perf/time_per_step:771.2840943851043 - perf/throughput:555.1574680680586[36m(TaskRunner pid=169079)[0m 
Training Progress:  12%|█▏        | 7/60 [1:31:46<11:31:08, 782.43s/it]
[36m(TaskRunner pid=169079)[0m 
Training Progress:  13%|█▎        | 8/60 [1:44:13<11:08:20, 771.16s/it]
[36m(TaskRunner pid=169079)[0m 
Training Progress:  15%|█▌        | 9/60 [1:56:52<10:52:16, 767.39s/it]

[36m(TaskRunner pid=169079)[0m step:8 - actor/entropy:0.3678857386112213 - perf/mfu/actor_infer:0 - actor/kl_loss:0.0018794031187506586 - actor/kl_coef:0.009999999999999997 - actor/pg_clipfrac:0.0007042507506967774 - actor/ppo_kl:2.7099114752685784e-05 - actor/pg_clipfrac_lower:4.014103880422786e-07 - actor/pg_loss:0.06884452939868488 - actor/grad_norm:0.08970708422624399 - perf/mfu/actor:0.0 - perf/max_memory_allocated_gb:80.58520746231079 - perf/max_memory_reserved_gb:83.396484375 - perf/cpu_memory_used_gb:491.6957015991211 - actor/lr:1e-06 - training/global_step:8 - training/epoch:1 - critic/score/mean:0.4429687559604645 - critic/score/max:0.8999999761581421 - critic/score/min:0.0 - critic/rewards/mean:0.4429687559604645 - critic/rewards/max:0.8999999761581421 - critic/rewards/min:0.0 - critic/advantages/mean:-0.06902945041656494 - critic/advantages/max:1.7888498306274414 - critic/advantages/min:-1.7888498306274414 - critic/returns/mean:-0.06902945041656494 - critic/returns/max:1.7888498306274414 - critic/returns/min:-1.7888498306274414 - response_length/mean:1011.7507934570312 - response_length/max:2048.0 - response_length/min:74.0 - response_length/clip_ratio:0.26445311307907104 - response_length_non_aborted/mean:1011.7507934570312 - response_length_non_aborted/max:2048.0 - response_length_non_aborted/min:74.0 - response_length_non_aborted/clip_ratio:0.26445311307907104 - response/aborted_ratio:0.0 - prompt_length/mean:283.736328125 - prompt_length/max:842.0 - prompt_length/min:190.0 - prompt_length/clip_ratio:0.0 - num_turns/min:2 - num_turns/max:2 - num_turns/mean:2.0 - timing_s/start_profile:7.315818220376968e-05 - timing_s/agent_loop/generate_sequences/min:12.907391655957326 - timing_s/agent_loop/generate_sequences/max:100.7316489298828 - timing_s/agent_loop/generate_sequences/mean:56.419282799107805 - timing_s/agent_loop/tool_calls/min:0.0 - timing_s/agent_loop/tool_calls/max:0.0 - timing_s/agent_loop/tool_calls/mean:0.0 - timing_s/agent_loop/slowest/generate_sequences:100.7316489298828 - timing_s/agent_loop/slowest/tool_calls:0.0 - timing_s/agent_loop/slowest/prompt_length:373 - timing_s/agent_loop/slowest/response_length:2048 - timing_s/gen:117.0815269749146 - timing_s/reward:0.00011421809904277325 - timing_s/old_log_prob:117.85511387395673 - timing_s/ref:115.97246433608234 - timing_s/adv:0.29381221905350685 - timing_s/update_actor:395.0155724170618 - timing_s/step:746.5301305239554 - timing_s/stop_profile:3.5359058529138565e-05 - timing_per_token_ms/update_actor:0.11910806125261818 - timing_per_token_ms/adv:8.859246629103581e-05 - timing_per_token_ms/ref:0.03496888819151409 - timing_per_token_ms/gen:0.04520379160772307 - perf/total_num_tokens:3316447 - perf/time_per_step:746.5301305239554 - perf/throughput:555.310305706003
[36m(TaskRunner pid=169079)[0m step:9 - actor/entropy:0.3732551336288452 - perf/mfu/actor_infer:0 - actor/kl_loss:0.002175396383464228 - actor/kl_coef:0.009999999999999998 - actor/pg_clipfrac:0.0007654879214914597 - actor/ppo_kl:-2.1822887309097107e-06 - actor/pg_clipfrac_lower:4.034548519219914e-07 - actor/pg_loss:0.07785211212523914 - actor/grad_norm:0.09004794275919574 - perf/mfu/actor:0.0 - perf/max_memory_allocated_gb:80.85358810424805 - perf/max_memory_reserved_gb:83.81640625 - perf/cpu_memory_used_gb:491.1412925720215 - actor/lr:1e-06 - training/global_step:9 - training/epoch:2 - critic/score/mean:0.4812890589237213 - critic/score/max:0.8999999761581421 - critic/score/min:0.0 - critic/rewards/mean:0.4812890589237213 - critic/rewards/max:0.8999999761581421 - critic/rewards/min:0.0 - critic/advantages/mean:-0.07852458953857422 - critic/advantages/max:1.7888498306274414 - critic/advantages/min:-1.7888498306274414 - critic/returns/mean:-0.07852458953857422 - critic/returns/max:1.7888498306274414 - critic/returns/min:-1.7888498306274414 - response_length/mean:1034.34765625 - response_length/max:2048.0 - response_length/min:55.0 - response_length/clip_ratio:0.27265626192092896 - response_length_non_aborted/mean:1034.34765625 - response_length_non_aborted/max:2048.0 - response_length_non_aborted/min:55.0 - response_length_non_aborted/clip_ratio:0.27265626192092896 - response/aborted_ratio:0.0 - prompt_length/mean:280.25 - prompt_length/max:842.0 - prompt_length/min:190.0 - prompt_length/clip_ratio:0.0 - num_turns/min:2 - num_turns/max:2 - num_turns/mean:2.0 - timing_s/start_profile:0.00022856518626213074 - timing_s/agent_loop/generate_sequences/min:9.641206603031605 - timing_s/agent_loop/generate_sequences/max:100.05864989594556 - timing_s/agent_loop/generate_sequences/mean:57.282894285650585 - timing_s/agent_loop/tool_calls/min:0.0 - timing_s/agent_loop/tool_calls/max:0.0 - timing_s/agent_loop/tool_calls/mean:0.0 - timing_s/agent_loop/slowest/generate_sequences:100.05864989594556 - timing_s/agent_loop/slowest/tool_calls:0.0 - timing_s/agent_loop/slowest/prompt_length:347 - timing_s/agent_loop/slowest/response_length:2048 - timing_s/gen:118.94185584806837 - timing_s/reward:0.00015407707542181015 - timing_s/old_log_prob:117.70509525993839 - timing_s/ref:113.09827928896993 - timing_s/adv:0.06839294801466167 - timing_s/update_actor:399.98110367916524 - timing_s/step:750.1153099450748 - timing_s/stop_profile:3.0270079150795937e-05 - timing_per_token_ms/update_actor:0.11885204410782922 - timing_per_token_ms/adv:2.0322564239492737e-05 - timing_per_token_ms/ref:0.03360649179405829 - timing_per_token_ms/gen:0.04491880670866238 - perf/total_num_tokens:3365370 - perf/time_per_step:750.1153099450748 - perf/throughput:560.8087775608826
[36m(TaskRunner pid=169079)[0m test_gen_batch meta info: {'eos_token_id': 151645, 'pad_token_id': 151643, 'recompute_log_prob': False, 'do_sample': False, 'validate': True, 'global_steps': 10}
[36m(TaskRunner pid=169079)[0mnode2 generation end
[36m(TaskRunner pid=169079)[0mnode2actor/entropy:0.36325472593307495 - perf/mfu/actor_infer:0 - actor/kl_loss:0.0026114492650198854 - actor/kl_coef:0.009999999999999997 - actor/pg_clipfrac:0.0007515650764715587 - actor/ppo_kl:2.0250606431890728e-05 - actor/pg_clipfrac_lower:3.8739449225292713e-07 - actor/pg_loss:0.06975433306614845 - actor/grad_norm:0.0948954509151763 - perf/mfu/actor:0.0 - perf/max_memory_allocated_gb:81.22322750091553 - perf/max_memory_reserved_gb:83.9140625 - perf/cpu_memory_used_gb:491.3819389343262 - actor/lr:1e-06 - val-aux/hiyouga/geometry3k/reward/mean@1:0.48519133490056243 - val-core/hiyouga/geometry3k/acc/mean@1:0.4851913477537438 - val-aux/num_turns/min:2 - val-aux/num_turns/max:2 - val-aux/num_turns/mean:2.0 - training/global_step:10 - training/epoch:2 - critic/score/mean:0.4345312714576721 - critic/score/max:0.8999999761581421 - critic/score/min:0.0 - critic/rewards/mean:0.4345312714576721 - critic/rewards/max:0.8999999761581421 - critic/rewards/min:0.0 - critic/advantages/mean:-0.0704527199268341 - critic/advantages/max:1.7888498306274414 - critic/advantages/min:-1.7888498306274414 - critic/returns/mean:-0.0704527199268341 - critic/returns/max:1.7888498306274414 - critic/returns/min:-1.7888498306274414 - response_length/mean:1015.6824340820312 - response_length/max:2048.0 - response_length/min:80.0 - response_length/clip_ratio:0.2632812559604645 - response_length_non_aborted/mean:1015.6824340820312 - response_length_non_aborted/max:2048.0 - response_length_non_aborted/min:80.0 - response_length_non_aborted/clip_ratio:0.2632812559604645 - response/aborted_ratio:0.0 - prompt_length/mean:282.568359375 - prompt_length/max:842.0 - prompt_length/min:190.0 - prompt_length/clip_ratio:0.0 - num_turns/min:2 - num_turns/max:2 - num_turns/mean:2.0 - timing_s/start_profile:7.842807099223137e-05 - timing_s/agent_loop/generate_sequences/min:12.358579380437732 - timing_s/agent_loop/generate_sequences/max:97.8671112805605 - timing_s/agent_loop/generate_sequences/mean:55.82620556531238 - timing_s/agent_loop/tool_calls/min:0.0 - timing_s/agent_loop/tool_calls/max:0.0 - timing_s/agent_loop/tool_calls/mean:0.0 - timing_s/agent_loop/slowest/generate_sequences:97.8671112805605 - timing_s/agent_loop/slowest/tool_calls:0.0 - timing_s/agent_loop/slowest/prompt_length:378 - timing_s/agent_loop/slowest/response_length:2048 - timing_s/gen:113.60862898593768 - timing_s/reward:0.00011849706061184406 - timing_s/old_log_prob:118.45575770293362 - timing_s/ref:115.0096363062039 - timing_s/adv:0.06109629711136222 - timing_s/update_actor:393.30337002594024 - timing_s/step:740.7459183661267 - timing_s/testing:51.162067376077175 - timing_s/stop_profile:3.7488993257284164e-05 - timing_per_token_ms/update_actor:0.11833933099463168 - timing_per_token_ms/adv:1.8382997648687814e-05 - timing_per_token_ms/ref:0.03460474650271727 - timing_per_token_ms/gen:0.04369315618922226 - perf/total_num_tokens:3323522 - perf/time_per_step:740.7459183661267 - perf/throughput:560.8404173408638[36m(TaskRunner pid=169079)[0m 
Training Progress:  17%|█▋      node22:10:04<10:45:57, 775.15s/it]
[36m(TaskRunner pid=169079)[0mnode2
Training Progress:  18%|█▊      node22:22:23<10:23:50, 763.89s/it]
[36m(TaskRunner pid=169079)[0mnode2
Training Progress:  20%|██      node22:34:04<9:55:49, 744.79s/it] 
node2
[36m(TaskRunner pid=169079)[0mnode2actor/entropy:0.3435157835483551 - perf/mfu/actor_infer:0 - actor/kl_loss:0.0032433449287147162 - actor/kl_coef:0.009999999999999998 - actor/pg_clipfrac:0.000815711818652601 - actor/ppo_kl:-1.149455468761191e-05 - actor/pg_clipfrac_lower:4.105582442678284e-07 - actor/pg_loss:0.081138115974857 - actor/grad_norm:0.10272364551564729 - perf/mfu/actor:0.0 - perf/max_memory_allocated_gb:81.69523429870605 - perf/max_memory_reserved_gb:84.4375 - perf/cpu_memory_used_gb:495.2722053527832 - actor/lr:1e-06 - training/global_step:11 - training/epoch:2 - critic/score/mean:0.49183592200279236 - critic/score/max:0.8999999761581421 - critic/score/min:0.0 - critic/rewards/mean:0.49183592200279236 - critic/rewards/max:0.8999999761581421 - critic/rewards/min:0.0 - critic/advantages/mean:-0.08152555674314499 - critic/advantages/max:1.7888498306274414 - critic/advantages/min:-1.7888498306274414 - critic/returns/mean:-0.08152555674314499 - critic/returns/max:1.7888498306274414 - critic/returns/min:-1.7888498306274414 - response_length/mean:970.3601684570312 - response_length/max:2048.0 - response_length/min:78.0 - response_length/clip_ratio:0.23203125596046448 - response_length_non_aborted/mean:970.3601684570312 - response_length_non_aborted/max:2048.0 - response_length_non_aborted/min:78.0 - response_length_non_aborted/clip_ratio:0.23203125596046448 - response/aborted_ratio:0.0 - prompt_length/mean:286.69921875 - prompt_length/max:669.0 - prompt_length/min:189.0 - prompt_length/clip_ratio:0.0 - num_turns/min:2 - num_turns/max:2 - num_turns/mean:2.0 - timing_s/start_profile:7.224804721772671e-05 - timing_s/agent_loop/generate_sequences/min:11.935875998809934 - timing_s/agent_loop/generate_sequences/max:95.49770845286548 - timing_s/agent_loop/generate_sequences/mean:53.42241992980617 - timing_s/agent_loop/tool_calls/min:0.0 - timing_s/agent_loop/tool_calls/max:0.0 - timing_s/agent_loop/tool_calls/mean:0.0 - timing_s/agent_loop/slowest/generate_sequences:95.49770845286548 - timing_s/agent_loop/slowest/tool_calls:0.0 - timing_s/agent_loop/slowest/prompt_length:448 - timing_s/agent_loop/slowest/response_length:2048 - timing_s/gen:111.98192321299575 - timing_s/reward:0.00013973703607916832 - timing_s/old_log_prob:117.32559387711808 - timing_s/ref:119.66414884105325 - timing_s/adv:0.17141982610337436 - timing_s/update_actor:388.37825535493903 - timing_s/step:737.8350837780163 - timing_s/stop_profile:2.9679154977202415e-05 - timing_per_token_ms/update_actor:0.12068662707202917 - timing_per_token_ms/adv:5.326786538752842e-05 - timing_per_token_ms/ref:0.03718504397696921 - timing_per_token_ms/gen:0.04507907550957471 - perf/total_num_tokens:3218072 - perf/time_per_step:737.8350837780163 - perf/throughput:545.1882254504218
[36m(TaskRunner pid=169079)[0mnode2actor/entropy:0.3406190574169159 - perf/mfu/actor_infer:0 - actor/kl_loss:0.0037502556266796696 - actor/kl_coef:0.009999999999999998 - actor/pg_clipfrac:0.0007732605229193723 - actor/ppo_kl:3.2654875120385896e-05 - actor/pg_clipfrac_lower:0.0 - actor/pg_loss:0.061760256136418924 - actor/grad_norm:0.10086065573715505 - perf/mfu/actor:0.0 - perf/max_memory_allocated_gb:82.30144309997559 - perf/max_memory_reserved_gb:85.080078125 - perf/cpu_memory_used_gb:491.0970458984375 - actor/lr:1e-06 - training/global_step:12 - training/epoch:2 - critic/score/mean:0.4489453434944153 - critic/score/max:0.8999999761581421 - critic/score/min:0.0 - critic/rewards/mean:0.4489453434944153 - critic/rewards/max:0.8999999761581421 - critic/rewards/min:0.0 - critic/advantages/mean:-0.06264539062976837 - critic/advantages/max:1.7888498306274414 - critic/advantages/min:-1.7888498306274414 - critic/returns/mean:-0.06264539062976837 - critic/returns/max:1.7888498306274414 - critic/returns/min:-1.7888498306274414 - response_length/mean:952.119140625 - response_length/max:2048.0 - response_length/min:65.0 - response_length/clip_ratio:0.23515625298023224 - response_length_non_aborted/mean:952.119140625 - response_length_non_aborted/max:2048.0 - response_length_non_aborted/min:65.0 - response_length_non_aborted/clip_ratio:0.23515625298023224 - response/aborted_ratio:0.0 - prompt_length/mean:273.71875 - prompt_length/max:597.0 - prompt_length/min:189.0 - prompt_length/clip_ratio:0.0 - num_turns/min:2 - num_turns/max:2 - num_turns/mean:2.0 - timing_s/start_profile:6.709783338010311e-05 - timing_s/agent_loop/generate_sequences/min:11.482533728005365 - timing_s/agent_loop/generate_sequences/max:94.31595151615329 - timing_s/agent_loop/generate_sequences/mean:51.51613816421131 - timing_s/agent_loop/tool_calls/min:0.0 - timing_s/agent_loop/tool_calls/max:0.0 - timing_s/agent_loop/tool_calls/mean:0.0 - timing_s/agent_loop/slowest/generate_sequences:94.31595151615329 - timing_s/agent_loop/slowest/tool_calls:0.0 - timing_s/agent_loop/slowest/prompt_length:554 - timing_s/agent_loop/slowest/response_length:2048 - timing_s/gen:109.15252860286273 - timing_s/reward:0.00011591799557209015 - timing_s/old_log_prob:108.5385509589687 - timing_s/ref:106.57483800291084 - timing_s/adv:0.03865301492623985 - timing_s/update_actor:376.1096558950376 - timing_s/step:700.7218227868434 - timing_s/stop_profile:3.1640054658055305e-05 - timing_per_token_ms/update_actor:0.11985094885514773 - timing_per_token_ms/adv:1.231715390023082e-05 - timing_per_token_ms/ref:0.033961094214228736 - timing_per_token_ms/gen:0.04478190245971168 - perf/total_num_tokens:3138145 - perf/time_per_step:700.7218227868434 - perf/throughput:559.8057777620069
[36m(TaskRunner pid=169079)[0m step:13 - actor/entropy:0.3311367630958557 - perf/mfu/actor_infer:0 - actor/kl_loss:0.0042929435700276184 - actor/kl_coef:0.01 - actor/pg_clipfrac:0.0008998660179617888 - actor/ppo_kl:1.905202223192167e-05 - actor/pg_clipfrac_lower:0.0 - actor/pg_loss:0.06316974685434712 - actor/grad_norm:0.10424560530349888 - perf/mfu/actor:0.0 - perf/max_memory_allocated_gb:82.5820369720459 - perf/max_memory_reserved_gb:85.41015625 - perf/cpu_memory_used_gb:490.33532333374023 - actor/lr:1e-06 - training/global_step:13 - training/epoch:3 - critic/score/mean:0.4988671839237213 - critic/score/max:0.8999999761581421 - critic/score/min:0.0 - critic/rewards/mean:0.4988671839237213 - critic/rewards/max:0.8999999761581421 - critic/rewards/min:0.0 - critic/advantages/mean:-0.06438209861516953 - critic/advantages/max:1.7888498306274414 - critic/advantages/min:-1.7888498306274414 - critic/returns/mean:-0.06438209861516953 - critic/returns/max:1.7888498306274414 - critic/returns/min:-1.7888498306274414 - response_length/mean:936.8546752929688 - response_length/max:2048.0 - response_length/min:52.0 - response_length/clip_ratio:0.2109375 - response_length_non_aborted/mean:936.8546752929688 - response_length_non_aborted/max:2048.0 - response_length_non_aborted/min:52.0 - response_length_non_aborted/clip_ratio:0.2109375 - response/aborted_ratio:0.0 - prompt_length/mean:277.30078125 - prompt_length/max:842.0 - prompt_length/min:189.0 - prompt_length/clip_ratio:0.0 - num_turns/min:2 - num_turns/max:2 - num_turns/mean:2.0 - timing_s/start_profile:0.00022194604389369488 - timing_s/agent_loop/generate_sequences/min:10.635789021849632 - timing_s/agent_loop/generate_sequences/max:92.44041746109724 - timing_s/agent_loop/generate_sequences/mean:50.49993272672073 - timing_s/agent_loop/tool_calls/min:0.0 - timing_s/agent_loop/tool_calls/max:0.0 - timing_s/agent_loop/tool_calls/mean:0.0 - timing_s/agent_loop/slowest/generate_sequences:92.44041746109724 - timing_s/agent_loop/slowest/tool_calls:0.0 - timing_s/agent_loop/slowest/prompt_length:417 - timing_s/agent_loop/slowest/response_length:2048 - timing_s/gen:110.91264574998058 - timing_s/reward:0.00012444797903299332 - timing_s/old_log_prob:110.43555276305415 - timing_s/ref:108.28709256509319 - timing_s/adv:0.0804859078489244 - timing_s/update_actor:371.94824481010437 - timing_s/step:701.9729463139083 - timing_s/stop_profile:3.042002208530903e-05 - timing_per_token_ms/update_actor:0.11966530388281219 - timing_per_token_ms/adv:2.5894383843490876e-05 - timing_per_token_ms/ref:0.03483873904285746 - timing_per_token_ms/gen:0.04624543467002311 - perf/total_num_tokens:3108238 - perf/time_per_step:701.9729463139083 - perf/throughput:553.4825124532039[36m(TaskRunner pid=169079)[0m 
Training Progress:  22%|██▏       | 13/60 [2:45:56<9:35:36, 734.83s/it]
[36m(TaskRunner pid=169079)[0m 
Training Progress:  23%|██▎       | 14/60 [2:57:50<9:18:33, 728.56s/it]
[36m(TaskRunner pid=169079)[0m 
Training Progress:  25%|██▌       | 15/60 [3:10:07<9:08:16, 731.03s/it]
node2node2
[36m(TaskRunner pid=169079)[0m step:14 - actor/entropy:0.3385607600212097 - perf/mfu/actor_infer:0 - actor/kl_loss:0.004664925114514354 - actor/kl_coef:0.009999999999999998 - actor/pg_clipfrac:0.0009085655889626091 - actor/ppo_kl:4.9941235693040654e-05 - actor/pg_clipfrac_lower:4.1111153013144546e-07 - actor/pg_loss:0.07221341990561296 - actor/grad_norm:0.19514057996957568 - perf/mfu/actor:0.0 - perf/max_memory_allocated_gb:82.87495231628418 - perf/max_memory_reserved_gb:85.638671875 - perf/cpu_memory_used_gb:492.0560302734375 - actor/lr:1e-06 - training/global_step:14 - training/epoch:3 - critic/score/mean:0.4693359434604645 - critic/score/max:0.8999999761581421 - critic/score/min:0.0 - critic/rewards/mean:0.4693359434604645 - critic/rewards/max:0.8999999761581421 - critic/rewards/min:0.0 - critic/advantages/mean:-0.07194399833679199 - critic/advantages/max:1.7888498306274414 - critic/advantages/min:-1.7888498306274414 - critic/returns/mean:-0.07194399833679199 - critic/returns/max:1.7888498306274414 - critic/returns/min:-1.7888498306274414 - response_length/mean:956.865234375 - response_length/max:2048.0 - response_length/min:50.0 - response_length/clip_ratio:0.22968749701976776 - response_length_non_aborted/mean:956.865234375 - response_length_non_aborted/max:2048.0 - response_length_non_aborted/min:50.0 - response_length_non_aborted/clip_ratio:0.22968749701976776 - response/aborted_ratio:0.0 - prompt_length/mean:284.84765625 - prompt_length/max:842.0 - prompt_length/min:189.0 - prompt_length/clip_ratio:0.0 - num_turns/min:2 - num_turns/max:2 - num_turns/mean:2.0 - timing_s/start_profile:6.789900362491608e-05 - timing_s/agent_loop/generate_sequences/min:11.294566723983735 - timing_s/agent_loop/generate_sequences/max:96.20419660699554 - timing_s/agent_loop/generate_sequences/mean:51.76447293456367 - timing_s/agent_loop/tool_calls/min:0.0 - timing_s/agent_loop/tool_calls/max:0.0 - timing_s/agent_loop/tool_calls/mean:0.0 - timing_s/agent_loop/slowest/generate_sequences:96.20419660699554 - timing_s/agent_loop/slowest/tool_calls:0.0 - timing_s/agent_loop/slowest/prompt_length:202 - timing_s/agent_loop/slowest/response_length:2048 - timing_s/gen:111.5337512679398 - timing_s/reward:0.00010762782767415047 - timing_s/old_log_prob:110.61895599402487 - timing_s/ref:108.20600466406904 - timing_s/adv:0.4286708489526063 - timing_s/update_actor:381.6775029411074 - timing_s/step:713.2172469419893 - timing_s/stop_profile:2.863910049200058e-05 - timing_per_token_ms/update_actor:0.12007024789065866 - timing_per_token_ms/adv:0.0001348536780413291 - timing_per_token_ms/ref:0.03404005136052581 - timing_per_token_ms/gen:0.0455318784964493 - perf/total_num_tokens:3178785 - perf/time_per_step:713.2172469419893 - perf/throughput:557.1207464537365
[36m(TaskRunner pid=169079)[0m test_gen_batch meta info: {'eos_token_id': 151645, 'pad_token_id': 151643, 'recompute_log_prob': False, 'do_sample': False, 'validate': True, 'global_steps': 15}
[36m(TaskRunner pid=169079)[0mnode2 generation end
[36m(TaskRunner pid=169079)[0mnode2actor/entropy:0.33763548731803894 - perf/mfu/actor_infer:0 - actor/kl_loss:0.004992628039206503 - actor/kl_coef:0.009999999999999998 - actor/pg_clipfrac:0.0008981804011333206 - actor/ppo_kl:3.941959742964801e-06 - actor/pg_clipfrac_lower:0.0 - actor/pg_loss:0.07998661315237188 - actor/grad_norm:0.09716193467694773 - perf/mfu/actor:0.0 - perf/max_memory_allocated_gb:83.21925163269043 - perf/max_memory_reserved_gb:85.958984375 - perf/cpu_memory_used_gb:491.01171493530273 - actor/lr:1e-06 - val-aux/hiyouga/geometry3k/reward/mean@1:0.48519133490056243 - val-core/hiyouga/geometry3k/acc/mean@1:0.4851913477537438 - val-aux/num_turns/min:2 - val-aux/num_turns/max:2 - val-aux/num_turns/mean:2.0 - training/global_step:15 - training/epoch:3 - critic/score/mean:0.4672265648841858 - critic/score/max:0.8999999761581421 - critic/score/min:0.0 - critic/rewards/mean:0.4672265648841858 - critic/rewards/max:0.8999999761581421 - critic/rewards/min:0.0 - critic/advantages/mean:-0.0805489793419838 - critic/advantages/max:1.7888498306274414 - critic/advantages/min:-1.7888498306274414 - critic/returns/mean:-0.0805489793419838 - critic/returns/max:1.7888498306274414 - critic/returns/min:-1.7888498306274414 - response_length/mean:956.7081909179688 - response_length/max:2048.0 - response_length/min:43.0 - response_length/clip_ratio:0.23320312798023224 - response_length_non_aborted/mean:956.7081909179688 - response_length_non_aborted/max:2048.0 - response_length_non_aborted/min:43.0 - response_length_non_aborted/clip_ratio:0.23320312798023224 - response/aborted_ratio:0.0 - prompt_length/mean:282.38671875 - prompt_length/max:842.0 - prompt_length/min:190.0 - prompt_length/clip_ratio:0.0 - num_turns/min:2 - num_turns/max:2 - num_turns/mean:2.0 - timing_s/start_profile:7.299892604351044e-05 - timing_s/agent_loop/generate_sequences/min:9.038904657121748 - timing_s/agent_loop/generate_sequences/max:93.33728445111774 - timing_s/agent_loop/generate_sequences/mean:51.91617970389598 - timing_s/agent_loop/tool_calls/min:0.0 - timing_s/agent_loop/tool_calls/max:0.0 - timing_s/agent_loop/tool_calls/mean:0.0 - timing_s/agent_loop/slowest/generate_sequences:93.33728445111774 - timing_s/agent_loop/slowest/tool_calls:0.0 - timing_s/agent_loop/slowest/prompt_length:368 - timing_s/agent_loop/slowest/response_length:2048 - timing_s/gen:108.84401902998798 - timing_s/reward:0.00011626817286014557 - timing_s/old_log_prob:110.59057537699118 - timing_s/ref:106.05714767915197 - timing_s/adv:0.04038455104455352 - timing_s/update_actor:359.9487497941591 - timing_s/step:685.7861166610382 - timing_s/testing:50.14991605305113 - timing_s/stop_profile:3.657909110188484e-05 - timing_per_token_ms/update_actor:0.11347393803824146 - timing_per_token_ms/adv:1.2731240337832749e-05 - timing_per_token_ms/ref:0.033434543698620735 - timing_per_token_ms/gen:0.04444113136556216 - perf/total_num_tokens:3172083 - perf/time_per_step:685.7861166610382 - perf/throughput:578.1837301264327
[36m(TaskRunner pid=169079)[0m step:16 - actor/entropy:0.32882630825042725 - perf/mfu/actor_infer:0 - actor/kl_loss:0.005473641165980944 - actor/kl_coef:0.009999999999999998 - actor/pg_clipfrac:0.0008916742907046254 - actor/ppo_kl:4.873868676495099e-05 - actor/pg_clipfrac_lower:3.895163928144105e-07 - actor/pg_loss:0.07547064275559259 - actor/grad_norm:0.10281310889642462 - perf/mfu/actor:0.0 - perf/max_memory_allocated_gb:83.89532136917114 - perf/max_memory_reserved_gb:86.796875 - perf/cpu_memory_used_gb:491.9140815734863 - actor/lr:1e-06 - training/global_step:16 - training/epoch:3 - critic/score/mean:0.45808592438697815 - critic/score/max:0.8999999761581421 - critic/score/min:0.0 - critic/rewards/mean:0.45808592438697815 - critic/rewards/max:0.8999999761581421 - critic/rewards/min:0.0 - critic/advantages/mean:-0.07626479119062424 - critic/advantages/max:1.7888498306274414 - critic/advantages/min:-1.7888498306274414 - critic/returns/mean:-0.07626479119062424 - critic/returns/max:1.7888498306274414 - critic/returns/min:-1.7888498306274414 - response_length/mean:954.4827880859375 - response_length/max:2048.0 - response_length/min:96.0 - response_length/clip_ratio:0.224609375 - response_length_non_aborted/mean:954.4827880859375 - response_length_non_aborted/max:2048.0 - response_length_non_aborted/min:96.0 - response_length_non_aborted/clip_ratio:0.224609375 - response/aborted_ratio:0.0 - prompt_length/mean:278.580078125 - prompt_length/max:600.0 - prompt_length/min:190.0 - prompt_length/clip_ratio:0.0 - num_turns/min:2 - num_turns/max:2 - num_turns/mean:2.0 - timing_s/start_profile:7.343804463744164e-05 - timing_s/agent_loop/generate_sequences/min:14.585062160156667 - timing_s/agent_loop/generate_sequences/max:92.481523970142 - timing_s/agent_loop/generate_sequences/mean:52.084033860945695 - timing_s/agent_loop/tool_calls/min:0.0 - timing_s/agent_loop/tool_calls/max:0.0 - timing_s/agent_loop/tool_calls/mean:0.0 - timing_s/agent_loop/slowest/generate_sequences:92.481523970142 - timing_s/agent_loop/slowest/tool_calls:0.0 - timing_s/agent_loop/slowest/prompt_length:270 - timing_s/agent_loop/slowest/response_length:2048 - timing_s/gen:107.79845928796567 - timing_s/reward:0.0001090080477297306 - timing_s/old_log_prob:108.99981896183454 - timing_s/ref:105.32363944500685 - timing_s/adv:0.03835871396586299 - timing_s/update_actor:355.5405556859914 - timing_s/step:678.0104592819698 - timing_s/stop_profile:2.9559945687651634e-05 - timing_per_token_ms/update_actor:0.11263255963728261 - timing_per_token_ms/adv:1.2151750536682186e-05 - timing_per_token_ms/ref:0.03336573257618045 - timing_per_token_ms/gen:0.04411684800176702 - perf/total_num_tokens:3156641 - perf/time_per_step:678.0104592819698 - perf/throughput:581.9676077237367[36m(TaskRunner pid=169079)[0m 
Training Progress:  27%|██▋       | 16/60 [3:21:25<8:44:33, 715.31s/it]
[36m(TaskRunner pid=169079)[0m 
Training Progress:  28%|██▊       | 17/60 [3:32:32<8:22:07, 700.63s/it]
[36m(TaskRunner pid=169079)[0m 
Training Progress:  30%|███       | 18/60 [3:43:35<8:02:27, 689.23s/it]

[36m(TaskRunner pid=169079)[0m step:17 - actor/entropy:0.3266913890838623 - perf/mfu/actor_infer:0 - actor/kl_loss:0.005823189775283272 - actor/kl_coef:0.009999999999999998 - actor/pg_clipfrac:0.0009688515656602544 - actor/ppo_kl:5.647807580191044e-05 - actor/pg_clipfrac_lower:0.0 - actor/pg_loss:0.0697122153298256 - actor/grad_norm:0.1014521439682972 - perf/mfu/actor:0.0 - perf/max_memory_allocated_gb:84.17131471633911 - perf/max_memory_reserved_gb:86.951171875 - perf/cpu_memory_used_gb:492.4603843688965 - actor/lr:1e-06 - training/global_step:17 - training/epoch:4 - critic/score/mean:0.4693359434604645 - critic/score/max:0.8999999761581421 - critic/score/min:0.0 - critic/rewards/mean:0.4693359434604645 - critic/rewards/max:0.8999999761581421 - critic/rewards/min:0.0 - critic/advantages/mean:-0.07079078257083893 - critic/advantages/max:1.7888498306274414 - critic/advantages/min:-1.7888498306274414 - critic/returns/mean:-0.07079078257083893 - critic/returns/max:1.7888498306274414 - critic/returns/min:-1.7888498306274414 - response_length/mean:900.205078125 - response_length/max:2048.0 - response_length/min:40.0 - response_length/clip_ratio:0.18867187201976776 - response_length_non_aborted/mean:900.205078125 - response_length_non_aborted/max:2048.0 - response_length_non_aborted/min:40.0 - response_length_non_aborted/clip_ratio:0.18867187201976776 - response/aborted_ratio:0.0 - prompt_length/mean:282.046875 - prompt_length/max:664.0 - prompt_length/min:189.0 - prompt_length/clip_ratio:0.0 - num_turns/min:2 - num_turns/max:2 - num_turns/mean:2.0 - timing_s/start_profile:0.0002619251608848572 - timing_s/agent_loop/generate_sequences/min:10.404463842511177 - timing_s/agent_loop/generate_sequences/max:88.19462005235255 - timing_s/agent_loop/generate_sequences/mean:48.053160801777906 - timing_s/agent_loop/tool_calls/min:0.0 - timing_s/agent_loop/tool_calls/max:0.0 - timing_s/agent_loop/tool_calls/mean:0.0 - timing_s/agent_loop/slowest/generate_sequences:88.19462005235255 - timing_s/agent_loop/slowest/tool_calls:0.0 - timing_s/agent_loop/slowest/prompt_length:244 - timing_s/agent_loop/slowest/response_length:2048 - timing_s/gen:107.01004710700363 - timing_s/reward:0.00012809713371098042 - timing_s/old_log_prob:106.38072291295975 - timing_s/ref:100.18706505419686 - timing_s/adv:0.042908658972010016 - timing_s/update_actor:341.27071118797176 - timing_s/step:655.2061648159288 - timing_s/stop_profile:3.164890222251415e-05 - timing_per_token_ms/update_actor:0.11275842785070592 - timing_per_token_ms/adv:1.4177345925830114e-05 - timing_per_token_ms/ref:0.033102565137109845 - timing_per_token_ms/gen:0.0464347521103063 - perf/total_num_tokens:3026565 - perf/time_per_step:655.2061648159288 - perf/throughput:577.4069984617498
[36m(TaskRunner pid=169079)[0m step:18 - actor/entropy:0.3321988582611084 - perf/mfu/actor_infer:0 - actor/kl_loss:0.0060853984861828905 - actor/kl_coef:0.009999999999999998 - actor/pg_clipfrac:0.0009628224219204882 - actor/ppo_kl:3.0295512371283397e-06 - actor/pg_clipfrac_lower:0.0 - actor/pg_loss:0.07420925587916219 - actor/grad_norm:0.1067590921097066 - perf/mfu/actor:0.0 - perf/max_memory_allocated_gb:84.42503643035889 - perf/max_memory_reserved_gb:87.228515625 - perf/cpu_memory_used_gb:492.27369689941406 - actor/lr:1e-06 - training/global_step:18 - training/epoch:4 - critic/score/mean:0.4953516125679016 - critic/score/max:0.8999999761581421 - critic/score/min:0.0 - critic/rewards/mean:0.4953516125679016 - critic/rewards/max:0.8999999761581421 - critic/rewards/min:0.0 - critic/advantages/mean:-0.07455968856811523 - critic/advantages/max:1.7888498306274414 - critic/advantages/min:-1.7888498306274414 - critic/returns/mean:-0.07455968856811523 - critic/returns/max:1.7888498306274414 - critic/returns/min:-1.7888498306274414 - response_length/mean:916.943359375 - response_length/max:2048.0 - response_length/min:94.0 - response_length/clip_ratio:0.205078125 - response_length_non_aborted/mean:916.943359375 - response_length_non_aborted/max:2048.0 - response_length_non_aborted/min:94.0 - response_length_non_aborted/clip_ratio:0.205078125 - response/aborted_ratio:0.0 - prompt_length/mean:278.419921875 - prompt_length/max:842.0 - prompt_length/min:190.0 - prompt_length/clip_ratio:0.0 - num_turns/min:2 - num_turns/max:2 - num_turns/mean:2.0 - timing_s/start_profile:3.6510173231363297e-05 - timing_s/agent_loop/generate_sequences/min:13.016007728874683 - timing_s/agent_loop/generate_sequences/max:90.23900146014057 - timing_s/agent_loop/generate_sequences/mean:49.30961473069219 - timing_s/agent_loop/tool_calls/min:0.0 - timing_s/agent_loop/tool_calls/max:0.0 - timing_s/agent_loop/tool_calls/mean:0.0 - timing_s/agent_loop/slowest/generate_sequences:90.23900146014057 - timing_s/agent_loop/slowest/tool_calls:0.0 - timing_s/agent_loop/slowest/prompt_length:191 - timing_s/agent_loop/slowest/response_length:2048 - timing_s/gen:105.67208777787164 - timing_s/reward:0.0001198470126837492 - timing_s/old_log_prob:105.2853582368698 - timing_s/ref:103.32509264792316 - timing_s/adv:0.039133600890636444 - timing_s/update_actor:347.7442708481103 - timing_s/step:662.379682802828 - timing_s/stop_profile:3.0129915103316307e-05 - timing_per_token_ms/update_actor:0.11363709085826756 - timing_per_token_ms/adv:1.2788215170805307e-05 - timing_per_token_ms/ref:0.033764935688327995 - timing_per_token_ms/gen:0.045017130956013264 - perf/total_num_tokens:3060130 - perf/time_per_step:662.379682802828 - perf/throughput:577.4878969436393
[36m(TaskRunner pid=169079)[0m step:19 - actor/entropy:0.33161619305610657 - perf/mfu/actor_infer:0 - actor/kl_loss:0.006451907916296576 - actor/kl_coef:0.009999999999999998 - actor/pg_clipfrac:0.0009136036580752557 - actor/ppo_kl:3.254928188911239e-05 - actor/pg_clipfrac_lower:0.0 - actor/pg_loss:0.07405077797467695 - actor/grad_norm:0.10255114323938369 - perf/mfu/actor:0.0 - perf/max_memory_allocated_gb:84.67174816131592 - perf/max_memory_reserved_gb:87.501953125 - perf/cpu_memory_used_gb:491.0912399291992 - actor/lr:1e-06 - training/global_step:19 - training/epoch:4 - critic/score/mean:0.4872656464576721 - critic/score/max:0.8999999761581421 - critic/score/min:0.0 - critic/rewards/mean:0.4872656464576721 - critic/rewards/max:0.8999999761581421 - critic/rewards/min:0.0 - critic/advantages/mean:-0.07427816092967987 - critic/advantages/max:1.7888498306274414 - critic/advantages/min:-1.7888498306274414 - critic/returns/mean:-0.07427816092967987 - critic/returns/max:1.7888498306274414 - critic/returns/min:-1.7888498306274414 - response_length/mean:909.4562377929688 - response_length/max:2048.0 - response_length/min:81.0 - response_length/clip_ratio:0.189453125 - response_length_non_aborted/mean:909.4562377929688 - response_length_non_aborted/max:2048.0 - response_length_non_aborted/min:81.0 - response_length_non_aborted/clip_ratio:0.189453125 - response/aborted_ratio:0.0 - prompt_length/mean:274.23046875 - prompt_length/max:842.0 - prompt_length/min:189.0 - prompt_length/clip_ratio:0.0 - num_turns/min:2 - num_turns/max:2 - num_turns/mean:2.0 - timing_s/start_profile:8.27079638838768e-05 - timing_s/agent_loop/generate_sequences/min:12.677226360887289 - timing_s/agent_loop/generate_sequences/max:90.32479742006399 - timing_s/agent_loop/generate_sequences/mean:49.00609846976613 - timing_s/agent_loop/tool_calls/min:0.0 - timing_s/agent_loop/tool_calls/max:0.0 - timing_s/agent_loop/tool_calls/mean:0.0 - timing_s/agent_loop/slowest/generate_sequences:90.32479742006399 - timing_s/agent_loop/slowest/tool_calls:0.0 - timing_s/agent_loop/slowest/prompt_length:231 - timing_s/agent_loop/slowest/response_length:2048 - timing_s/gen:105.57406970788725 - timing_s/reward:0.00011564814485609531 - timing_s/old_log_prob:102.60712634096853 - timing_s/ref:101.06184532097541 - timing_s/adv:0.03940987610258162 - timing_s/update_actor:344.37017948389985 - timing_s/step:653.9675141470507 - timing_s/stop_profile:3.0540162697434425e-05 - timing_per_token_ms/update_actor:0.11364459804276095 - timing_per_token_ms/adv:1.3005538212701979e-05 - timing_per_token_ms/ref:0.033351124671057324 - timing_per_token_ms/gen:0.0453456348006223 - perf/total_num_tokens:3030238 - perf/time_per_step:653.9675141470507 - perf/throughput:579.2027001433405[36m(TaskRunner pid=169079)[0m 
Training Progress:  32%|███▏      | 19/60 [3:54:29<7:43:51, 678.82s/it]
[36m(WorkerDict pid=113552, ip=node2)[0m WARNING:2026-01-07 08:56:15,538:Rank 2 common state dict differs from rank 0 common state dict. Keys only on rank 0: [], Keys only on 2: [('optimizer', 'param_state', 97), ('optimizer', 'param_state', 98), ('optimizer', 'param_state', 99), ('optimizer', 'param_state', 100), ('optimizer', 'param_state', 101), ('optimizer', 'param_state', 102), ('optimizer', 'param_state', 103), ('optimizer', 'param_state', 104), ('optimizer', 'param_state', 105), ('optimizer', 'param_state', 106), ('optimizer', 'param_state', 107), ('optimizer', 'param_state', 108), ('optimizer', 'param_state', 109), ('optimizer', 'param_state', 110), ('optimizer', 'param_state', 111), ('optimizer', 'param_state', 112), ('optimizer', 'param_state', 113), ('optimizer', 'param_state', 114), ('optimizer', 'param_state', 115), ('optimizer', 'param_state', 116), ('optimizer', 'param_state', 117), ('optimizer', 'param_state', 118), ('optimizer', 'param_state', 119), ('optimizer', 'param_state', 120), ('optimizer', 'param_state', 121), ('optimizer', 'param_state', 122), ('optimizer', 'param_state', 123), ('optimizer', 'param_state', 124), ('optimizer', 'param_state', 125), ('optimizer', 'param_state', 126), ('optimizer', 'param_state', 127), ('optimizer', 'param_state', 128), ('optimizer', 'param_state', 129), ('optimizer', 'param_state', 130), ('optimizer', 'param_state', 131), ('optimizer', 'param_state', 132), ('optimizer', 'param_state', 133), ('optimizer', 'param_state', 134), ('optimizer', 'param_state', 135), ('optimizer', 'param_state', 136), ('optimizer', 'param_state', 137), ('optimizer', 'param_state', 138), ('optimizer', 'param_state', 139), ('optimizer', 'param_state', 140), ('optimizer', 'param_state', 141), ('optimizer', 'param_state', 142), ('optimizer', 'param_state', 143), ('optimizer', 'param_state', 144), ('optimizer', 'param_state', 145), ('optimizer', 'param_state', 146), ('optimizer', 'param_state', 147), ('optimizer', 'param_state', 148), ('optimizer', 'param_state', 149), ('optimizer', 'param_state', 150), ('optimizer', 'param_state', 151), ('optimizer', 'param_state', 152), ('optimizer', 'param_state', 153), ('optimizer', 'param_state', 154), ('optimizer', 'param_state', 155), ('optimizer', 'param_state', 156), ('optimizer', 'param_state', 157), ('optimizer', 'param_state', 158), ('optimizer', 'param_state', 159), ('optimizer', 'param_state', 160), ('optimizer', 'param_state', 161), ('optimizer', 'param_state', 162), ('optimizer', 'param_state', 163), ('optimizer', 'param_state', 164), ('optimizer', 'param_state', 165), ('optimizer', 'param_state', 166), ('optimizer', 'param_state', 167), ('optimizer', 'param_state', 168), ('optimizer', 'param_state', 169), ('optimizer', 'param_state', 170), ('optimizer', 'param_state', 171), ('optimizer', 'param_state', 172), ('optimizer', 'param_state', 173), ('optimizer', 'param_state', 174), ('optimizer', 'param_state', 175), ('optimizer', 'param_state', 176), ('optimizer', 'param_state', 177), ('optimizer', 'param_state', 178), ('optimizer', 'param_state', 179), ('optimizer', 'param_state', 180), ('optimizer', 'param_state', 181), ('optimizer', 'param_state', 182), ('optimizer', 'param_state', 183), ('optimizer', 'param_state', 184), ('optimizer', 'param_state', 185), ('optimizer', 'param_state', 186), ('optimizer', 'param_state', 187), ('optimizer', 'param_state', 188), ('optimizer', 'param_state', 189), ('optimizer', 'param_state', 190), ('optimizer', 'param_state', 191), ('optimizer', 'param_state', 192), ('optimizer', 'param_state', 193), ('optimizer', 'param_state', 194), ('optimizer', 'param_state', 195), ('optimizer', 'param_state', 196), ('optimizer', 'param_state', 197), ('optimizer', 'param_state', 198), ('optimizer', 'param_state', 199), ('optimizer', 'param_state', 200), ('optimizer', 'param_state', 201), ('optimizer', 'param_state', 202), ('optimizer', 'param_state', 203), ('optimizer', 'param_state', 204), ('optimizer', 'param_state', 205), ('optimizer', 'param_state', 206), ('optimizer', 'param_state', 207), ('optimizer', 'param_state', 208), ('optimizer', 'param_state', 209), ('optimizer', 'param_state', 210), ('optimizer', 'param_state', 211), ('optimizer', 'param_state', 212), ('optimizer', 'param_state', 213), ('optimizer', 'param_state', 214), ('optimizer', 'param_state', 215), ('optimizer', 'param_state', 216), ('optimizer', 'param_state', 217), ('optimizer', 'param_state', 218), ('optimizer', 'param_state', 219), ('optimizer', 'param_state', 220), ('optimizer', 'param_state', 221), ('optimizer', 'param_state', 222), ('optimizer', 'param_state', 223), ('optimizer', 'param_state', 224), ('optimizer', 'param_state', 225), ('optimizer', 'param_state', 226), ('optimizer', 'param_state', 227), ('optimizer', 'param_state', 228), ('optimizer', 'param_state', 229), ('optimizer', 'param_state', 230), ('optimizer', 'param_state', 231), ('optimizer', 'param_state', 232), ('optimizer', 'param_state', 233), ('optimizer', 'param_state', 234), ('optimizer', 'param_state', 235), ('optimizer', 'param_state', 236), ('optimizer', 'param_state', 237), ('optimizer', 'param_state', 238), ('optimizer', 'param_state', 239), ('optimizer', 'param_state', 240), ('optimizer', 'param_state', 241), ('optimizer', 'param_state', 242), ('optimizer', 'param_state', 243), ('optimizer', 'param_state', 244), ('optimizer', 'param_state', 245), ('optimizer', 'param_state', 246), ('optimizer', 'param_state', 247), ('optimizer', 'param_state', 248), ('optimizer', 'param_state', 249), ('optimizer', 'param_state', 250), ('optimizer', 'param_state', 251), ('optimizer', 'param_state', 252), ('optimizer', 'param_state', 253), ('optimizer', 'param_state', 254), ('optimizer', 'param_state', 255), ('optimizer', 'param_state', 256), ('optimizer', 'param_state', 257), ('optimizer', 'param_state', 258), ('optimizer', 'param_state', 259), ('optimizer', 'param_state', 260), ('optimizer', 'param_state', 261), ('optimizer', 'param_state', 262), ('optimizer', 'param_state', 263), ('optimizer', 'param_state', 264), ('optimizer', 'param_state', 265), ('optimizer', 'param_state', 266), ('optimizer', 'param_state', 267), ('optimizer', 'param_state', 268), ('optimizer', 'param_state', 269), ('optimizer', 'param_state', 270), ('optimizer', 'param_state', 271), ('optimizer', 'param_state', 272), ('optimizer', 'param_state', 273), ('optimizer', 'param_state', 274), ('optimizer', 'param_state', 275), ('optimizer', 'param_state', 276), ('optimizer', 'param_state', 277), ('optimizer', 'param_state', 278), ('optimizer', 'param_state', 279), ('optimizer', 'param_state', 280), ('optimizer', 'param_state', 281), ('optimizer', 'param_state', 282), ('optimizer', 'param_state', 283), ('optimizer', 'param_state', 284), ('optimizer', 'param_state', 285), ('optimizer', 'param_state', 286), ('optimizer', 'param_state', 287), ('optimizer', 'param_state', 288), ('optimizer', 'param_state', 289), ('optimizer', 'param_state', 290), ('optimizer', 'param_state', 291), ('optimizer', 'param_state', 292), ('optimizer', 'param_state', 293), ('optimizer', 'param_state', 294), ('optimizer', 'param_state', 295), ('optimizer', 'param_state', 296), ('optimizer', 'param_state', 297), ('optimizer', 'param_state', 298), ('optimizer', 'param_state', 299), ('optimizer', 'param_state', 300), ('optimizer', 'param_state', 301), ('optimizer', 'param_state', 302), ('optimizer', 'param_state', 303), ('optimizer', 'param_state', 304), ('optimizer', 'param_state', 305), ('optimizer', 'param_state', 306), ('optimizer', 'param_state', 307), ('optimizer', 'param_state', 308), ('optimizer', 'param_state', 309), ('optimizer', 'param_state', 310), ('optimizer', 'param_state', 311), ('optimizer', 'param_state', 312), ('optimizer', 'param_state', 313), ('optimizer', 'param_state', 314), ('optimizer', 'param_state', 315), ('optimizer', 'param_state', 316), ('optimizer', 'param_state', 317), ('optimizer', 'param_state', 318), ('optimizer', 'param_state', 319), ('optimizer', 'param_state', 320), ('optimizer', 'param_state', 321), ('optimizer', 'param_state', 322), ('optimizer', 'param_state', 323), ('optimizer', 'param_state', 324), ('optimizer', 'param_state', 325), ('optimizer', 'param_state', 326), ('optimizer', 'param_state', 327), ('optimizer', 'param_state', 328), ('optimizer', 'param_state', 329), ('optimizer', 'param_state', 330), ('optimizer', 'param_state', 331), ('optimizer', 'param_state', 332), ('optimizer', 'param_state', 333), ('optimizer', 'param_state', 334), ('optimizer', 'param_state', 335), ('optimizer', 'param_state', 336), ('optimizer', 'param_state', 337), ('optimizer', 'param_state', 338), ('optimizer', 'param_state', 339), ('optimizer', 'param_state', 340), ('optimizer', 'param_state', 341), ('optimizer', 'param_state', 342), ('optimizer', 'param_state', 343), ('optimizer', 'param_state', 344), ('optimizer', 'param_state', 345), ('optimizer', 'param_state', 346), ('optimizer', 'param_state', 347), ('optimizer', 'param_state', 348), ('optimizer', 'param_state', 349), ('optimizer', 'param_state', 350), ('optimizer', 'param_state', 351), ('optimizer', 'param_state', 352), ('optimizer', 'param_state', 353), ('optimizer', 'param_state', 354), ('optimizer', 'param_state', 355), ('optimizer', 'param_state', 356), ('optimizer', 'param_state', 357), ('optimizer', 'param_state', 358), ('optimizer', 'param_state', 359), ('optimizer', 'param_state', 360), ('optimizer', 'param_state', 361), ('optimizer', 'param_state', 362), ('optimizer', 'param_state', 363), ('optimizer', 'param_state', 364), ('optimizer', 'param_state', 365), ('optimizer', 'param_state', 366), ('optimizer', 'param_state', 367), ('optimizer', 'param_state', 368), ('optimizer', 'param_state', 369), ('optimizer', 'param_state', 370), ('optimizer', 'param_state', 371), ('optimizer', 'param_state', 372), ('optimizer', 'param_state', 373), ('optimizer', 'param_state', 374), ('optimizer', 'param_state', 375), ('optimizer', 'param_state', 376), ('optimizer', 'param_state', 377), ('optimizer', 'param_state', 378), ('optimizer', 'param_state', 379), ('optimizer', 'param_state', 380), ('optimizer', 'param_state', 381), ('optimizer', 'param_state', 382), ('optimizer', 'param_state', 383), ('optimizer', 'param_state', 384), ('optimizer', 'param_state', 385), ('optimizer', 'param_state', 386), ('optimizer', 'param_state', 387), ('optimizer', 'param_state', 388), ('optimizer', 'param_state', 389), ('optimizer', 'param_state', 390), ('optimizer', 'param_state', 391), ('optimizer', 'param_state', 392), ('optimizer', 'param_state', 393), ('optimizer', 'param_state', 394), ('optimizer', 'param_state', 395), ('optimizer', 'param_state', 396), ('optimizer', 'param_state', 397), ('optimizer', 'param_state', 398), ('optimizer', 'param_state', 399)], Mismatched keys: []
[36m(WorkerDict pid=113557, ip=node2)[0m WARNING:2026-01-07 08:56:15,537:Rank 4 common state dict differs from rank 0 common state dict. Keys only on rank 0: [('optimizer', 'param_state', 60), ('optimizer', 'param_state', 61), ('optimizer', 'param_state', 62), ('optimizer', 'param_state', 63), ('optimizer', 'param_state', 64), ('optimizer', 'param_state', 65), ('optimizer', 'param_state', 66), ('optimizer', 'param_state', 67), ('optimizer', 'param_state', 68), ('optimizer', 'param_state', 69), ('optimizer', 'param_state', 70), ('optimizer', 'param_state', 71), ('optimizer', 'param_state', 72), ('optimizer', 'param_state', 73), ('optimizer', 'param_state', 74), ('optimizer', 'param_state', 75), ('optimizer', 'param_state', 76), ('optimizer', 'param_state', 77), ('optimizer', 'param_state', 78), ('optimizer', 'param_state', 79), ('optimizer', 'param_state', 80), ('optimizer', 'param_state', 81), ('optimizer', 'param_state', 82), ('optimizer', 'param_state', 83), ('optimizer', 'param_state', 84), ('optimizer', 'param_state', 85), ('optimizer', 'param_state', 86), ('optimizer', 'param_state', 87), ('optimizer', 'param_state', 88), ('optimizer', 'param_state', 89), ('optimizer', 'param_state', 90), ('optimizer', 'param_state', 91), ('optimizer', 'param_state', 92), ('optimizer', 'param_state', 93), ('optimizer', 'param_state', 94), ('optimizer', 'param_state', 95), ('optimizer', 'param_state', 96)], Keys only on 4: [], Mismatched keys: []
[36m(WorkerDict pid=113565, ip=node2)[0m WARNING:2026-01-07 08:56:15,537:Rank 6 common state dict differs from rank 0 common state dict. Keys only on rank 0: [('optimizer', 'param_state', 87), ('optimizer', 'param_state', 88), ('optimizer', 'param_state', 89), ('optimizer', 'param_state', 90), ('optimizer', 'param_state', 91), ('optimizer', 'param_state', 92), ('optimizer', 'param_state', 93), ('optimizer', 'param_state', 94), ('optimizer', 'param_state', 95), ('optimizer', 'param_state', 96)], Keys only on 6: [], Mismatched keys: []
[36m(WorkerDict pid=113550, ip=node2)[0m INFO:2026-01-07 09:03:04,028:[Rank 0] Saving HF model checkpoint to /workspace/recipe/exp/checkpoint/qwen3_vl_8b_megatron_/global_step_20/actor with bridge
[36m(WorkerDict pid=113553, ip=node2)[0m WARNING:2026-01-07 08:56:15,539:Rank 3 common state dict differs from rank 0 common state dict. Keys only on rank 0: [], Keys only on 3: [('optimizer', 'param_state', 97), ('optimizer', 'param_state', 98), ('optimizer', 'param_state', 99), ('optimizer', 'param_state', 100), ('optimizer', 'param_state', 101), ('optimizer', 'param_state', 102), ('optimizer', 'param_state', 103), ('optimizer', 'param_state', 104), ('optimizer', 'param_state', 105), ('optimizer', 'param_state', 106), ('optimizer', 'param_state', 107), ('optimizer', 'param_state', 108), ('optimizer', 'param_state', 109), ('optimizer', 'param_state', 110), ('optimizer', 'param_state', 111), ('optimizer', 'param_state', 112), ('optimizer', 'param_state', 113), ('optimizer', 'param_state', 114), ('optimizer', 'param_state', 115), ('optimizer', 'param_state', 116), ('optimizer', 'param_state', 117), ('optimizer', 'param_state', 118), ('optimizer', 'param_state', 119), ('optimizer', 'param_state', 120), ('optimizer', 'param_state', 121), ('optimizer', 'param_state', 122), ('optimizer', 'param_state', 123), ('optimizer', 'param_state', 124), ('optimizer', 'param_state', 125), ('optimizer', 'param_state', 126), ('optimizer', 'param_state', 127), ('optimizer', 'param_state', 128), ('optimizer', 'param_state', 129), ('optimizer', 'param_state', 130), ('optimizer', 'param_state', 131), ('optimizer', 'param_state', 132), ('optimizer', 'param_state', 133), ('optimizer', 'param_state', 134), ('optimizer', 'param_state', 135), ('optimizer', 'param_state', 136), ('optimizer', 'param_state', 137), ('optimizer', 'param_state', 138), ('optimizer', 'param_state', 139), ('optimizer', 'param_state', 140), ('optimizer', 'param_state', 141), ('optimizer', 'param_state', 142), ('optimizer', 'param_state', 143), ('optimizer', 'param_state', 144), ('optimizer', 'param_state', 145), ('optimizer', 'param_state', 146), ('optimizer', 'param_state', 147), ('optimizer', 'param_state', 148), ('optimizer', 'param_state', 149), ('optimizer', 'param_state', 150), ('optimizer', 'param_state', 151), ('optimizer', 'param_state', 152), ('optimizer', 'param_state', 153), ('optimizer', 'param_state', 154), ('optimizer', 'param_state', 155), ('optimizer', 'param_state', 156), ('optimizer', 'param_state', 157), ('optimizer', 'param_state', 158), ('optimizer', 'param_state', 159), ('optimizer', 'param_state', 160), ('optimizer', 'param_state', 161), ('optimizer', 'param_state', 162), ('optimizer', 'param_state', 163), ('optimizer', 'param_state', 164), ('optimizer', 'param_state', 165), ('optimizer', 'param_state', 166), ('optimizer', 'param_state', 167), ('optimizer', 'param_state', 168), ('optimizer', 'param_state', 169), ('optimizer', 'param_state', 170), ('optimizer', 'param_state', 171), ('optimizer', 'param_state', 172), ('optimizer', 'param_state', 173), ('optimizer', 'param_state', 174), ('optimizer', 'param_state', 175), ('optimizer', 'param_state', 176), ('optimizer', 'param_state', 177), ('optimizer', 'param_state', 178), ('optimizer', 'param_state', 179), ('optimizer', 'param_state', 180), ('optimizer', 'param_state', 181), ('optimizer', 'param_state', 182), ('optimizer', 'param_state', 183), ('optimizer', 'param_state', 184), ('optimizer', 'param_state', 185), ('optimizer', 'param_state', 186), ('optimizer', 'param_state', 187), ('optimizer', 'param_state', 188), ('optimizer', 'param_state', 189), ('optimizer', 'param_state', 190), ('optimizer', 'param_state', 191), ('optimizer', 'param_state', 192), ('optimizer', 'param_state', 193), ('optimizer', 'param_state', 194), ('optimizer', 'param_state', 195), ('optimizer', 'param_state', 196), ('optimizer', 'param_state', 197), ('optimizer', 'param_state', 198), ('optimizer', 'param_state', 199), ('optimizer', 'param_state', 200), ('optimizer', 'param_state', 201), ('optimizer', 'param_state', 202), ('optimizer', 'param_state', 203), ('optimizer', 'param_state', 204), ('optimizer', 'param_state', 205), ('optimizer', 'param_state', 206), ('optimizer', 'param_state', 207), ('optimizer', 'param_state', 208), ('optimizer', 'param_state', 209), ('optimizer', 'param_state', 210), ('optimizer', 'param_state', 211), ('optimizer', 'param_state', 212), ('optimizer', 'param_state', 213), ('optimizer', 'param_state', 214), ('optimizer', 'param_state', 215), ('optimizer', 'param_state', 216), ('optimizer', 'param_state', 217), ('optimizer', 'param_state', 218), ('optimizer', 'param_state', 219), ('optimizer', 'param_state', 220), ('optimizer', 'param_state', 221), ('optimizer', 'param_state', 222), ('optimizer', 'param_state', 223), ('optimizer', 'param_state', 224), ('optimizer', 'param_state', 225), ('optimizer', 'param_state', 226), ('optimizer', 'param_state', 227), ('optimizer', 'param_state', 228), ('optimizer', 'param_state', 229), ('optimizer', 'param_state', 230), ('optimizer', 'param_state', 231), ('optimizer', 'param_state', 232), ('optimizer', 'param_state', 233), ('optimizer', 'param_state', 234), ('optimizer', 'param_state', 235), ('optimizer', 'param_state', 236), ('optimizer', 'param_state', 237), ('optimizer', 'param_state', 238), ('optimizer', 'param_state', 239), ('optimizer', 'param_state', 240), ('optimizer', 'param_state', 241), ('optimizer', 'param_state', 242), ('optimizer', 'param_state', 243), ('optimizer', 'param_state', 244), ('optimizer', 'param_state', 245), ('optimizer', 'param_state', 246), ('optimizer', 'param_state', 247), ('optimizer', 'param_state', 248), ('optimizer', 'param_state', 249), ('optimizer', 'param_state', 250), ('optimizer', 'param_state', 251), ('optimizer', 'param_state', 252), ('optimizer', 'param_state', 253), ('optimizer', 'param_state', 254), ('optimizer', 'param_state', 255), ('optimizer', 'param_state', 256), ('optimizer', 'param_state', 257), ('optimizer', 'param_state', 258), ('optimizer', 'param_state', 259), ('optimizer', 'param_state', 260), ('optimizer', 'param_state', 261), ('optimizer', 'param_state', 262), ('optimizer', 'param_state', 263), ('optimizer', 'param_state', 264), ('optimizer', 'param_state', 265), ('optimizer', 'param_state', 266), ('optimizer', 'param_state', 267), ('optimizer', 'param_state', 268), ('optimizer', 'param_state', 269), ('optimizer', 'param_state', 270), ('optimizer', 'param_state', 271), ('optimizer', 'param_state', 272), ('optimizer', 'param_state', 273), ('optimizer', 'param_state', 274), ('optimizer', 'param_state', 275), ('optimizer', 'param_state', 276), ('optimizer', 'param_state', 277), ('optimizer', 'param_state', 278), ('optimizer', 'param_state', 279), ('optimizer', 'param_state', 280), ('optimizer', 'param_state', 281), ('optimizer', 'param_state', 282), ('optimizer', 'param_state', 283), ('optimizer', 'param_state', 284), ('optimizer', 'param_state', 285), ('optimizer', 'param_state', 286), ('optimizer', 'param_state', 287), ('optimizer', 'param_state', 288), ('optimizer', 'param_state', 289), ('optimizer', 'param_state', 290), ('optimizer', 'param_state', 291), ('optimizer', 'param_state', 292), ('optimizer', 'param_state', 293), ('optimizer', 'param_state', 294), ('optimizer', 'param_state', 295), ('optimizer', 'param_state', 296), ('optimizer', 'param_state', 297), ('optimizer', 'param_state', 298), ('optimizer', 'param_state', 299), ('optimizer', 'param_state', 300), ('optimizer', 'param_state', 301), ('optimizer', 'param_state', 302), ('optimizer', 'param_state', 303), ('optimizer', 'param_state', 304), ('optimizer', 'param_state', 305), ('optimizer', 'param_state', 306), ('optimizer', 'param_state', 307), ('optimizer', 'param_state', 308), ('optimizer', 'param_state', 309), ('optimizer', 'param_state', 310), ('optimizer', 'param_state', 311), ('optimizer', 'param_state', 312), ('optimizer', 'param_state', 313), ('optimizer', 'param_state', 314), ('optimizer', 'param_state', 315), ('optimizer', 'param_state', 316), ('optimizer', 'param_state', 317), ('optimizer', 'param_state', 318), ('optimizer', 'param_state', 319), ('optimizer', 'param_state', 320), ('optimizer', 'param_state', 321), ('optimizer', 'param_state', 322), ('optimizer', 'param_state', 323), ('optimizer', 'param_state', 324), ('optimizer', 'param_state', 325), ('optimizer', 'param_state', 326), ('optimizer', 'param_state', 327), ('optimizer', 'param_state', 328), ('optimizer', 'param_state', 329), ('optimizer', 'param_state', 330), ('optimizer', 'param_state', 331), ('optimizer', 'param_state', 332), ('optimizer', 'param_state', 333), ('optimizer', 'param_state', 334), ('optimizer', 'param_state', 335), ('optimizer', 'param_state', 336), ('optimizer', 'param_state', 337), ('optimizer', 'param_state', 338), ('optimizer', 'param_state', 339), ('optimizer', 'param_state', 340), ('optimizer', 'param_state', 341), ('optimizer', 'param_state', 342), ('optimizer', 'param_state', 343), ('optimizer', 'param_state', 344), ('optimizer', 'param_state', 345), ('optimizer', 'param_state', 346), ('optimizer', 'param_state', 347), ('optimizer', 'param_state', 348), ('optimizer', 'param_state', 349), ('optimizer', 'param_state', 350), ('optimizer', 'param_state', 351), ('optimizer', 'param_state', 352), ('optimizer', 'param_state', 353), ('optimizer', 'param_state', 354), ('optimizer', 'param_state', 355), ('optimizer', 'param_state', 356), ('optimizer', 'param_state', 357), ('optimizer', 'param_state', 358), ('optimizer', 'param_state', 359), ('optimizer', 'param_state', 360), ('optimizer', 'param_state', 361), ('optimizer', 'param_state', 362), ('optimizer', 'param_state', 363), ('optimizer', 'param_state', 364), ('optimizer', 'param_state', 365), ('optimizer', 'param_state', 366), ('optimizer', 'param_state', 367), ('optimizer', 'param_state', 368), ('optimizer', 'param_state', 369), ('optimizer', 'param_state', 370), ('optimizer', 'param_state', 371), ('optimizer', 'param_state', 372), ('optimizer', 'param_state', 373), ('optimizer', 'param_state', 374), ('optimizer', 'param_state', 375), ('optimizer', 'param_state', 376), ('optimizer', 'param_state', 377), ('optimizer', 'param_state', 378), ('optimizer', 'param_state', 379), ('optimizer', 'param_state', 380), ('optimizer', 'param_state', 381), ('optimizer', 'param_state', 382), ('optimizer', 'param_state', 383), ('optimizer', 'param_state', 384), ('optimizer', 'param_state', 385), ('optimizer', 'param_state', 386), ('optimizer', 'param_state', 387), ('optimizer', 'param_state', 388), ('optimizer', 'param_state', 389), ('optimizer', 'param_state', 390), ('optimizer', 'param_state', 391), ('optimizer', 'param_state', 392), ('optimizer', 'param_state', 393), ('optimizer', 'param_state', 394), ('optimizer', 'param_state', 395), ('optimizer', 'param_state', 396), ('optimizer', 'param_state', 397), ('optimizer', 'param_state', 398), ('optimizer', 'param_state', 399)], Mismatched keys: []
[36m(WorkerDict pid=113561, ip=node2)[0m WARNING:2026-01-07 08:56:15,537:Rank 5 common state dict differs from rank 0 common state dict. Keys only on rank 0: [('optimizer', 'param_state', 60), ('optimizer', 'param_state', 61), ('optimizer', 'param_state', 62), ('optimizer', 'param_state', 63), ('optimizer', 'param_state', 64), ('optimizer', 'param_state', 65), ('optimizer', 'param_state', 66), ('optimizer', 'param_state', 67), ('optimizer', 'param_state', 68), ('optimizer', 'param_state', 69), ('optimizer', 'param_state', 70), ('optimizer', 'param_state', 71), ('optimizer', 'param_state', 72), ('optimizer', 'param_state', 73), ('optimizer', 'param_state', 74), ('optimizer', 'param_state', 75), ('optimizer', 'param_state', 76), ('optimizer', 'param_state', 77), ('optimizer', 'param_state', 78), ('optimizer', 'param_state', 79), ('optimizer', 'param_state', 80), ('optimizer', 'param_state', 81), ('optimizer', 'param_state', 82), ('optimizer', 'param_state', 83), ('optimizer', 'param_state', 84), ('optimizer', 'param_state', 85), ('optimizer', 'param_state', 86), ('optimizer', 'param_state', 87), ('optimizer', 'param_state', 88), ('optimizer', 'param_state', 89), ('optimizer', 'param_state', 90), ('optimizer', 'param_state', 91), ('optimizer', 'param_state', 92), ('optimizer', 'param_state', 93), ('optimizer', 'param_state', 94), ('optimizer', 'param_state', 95), ('optimizer', 'param_state', 96)], Keys only on 5: [], Mismatched keys: []
[36m(WorkerDict pid=113598, ip=node2)[0m WARNING:2026-01-07 08:56:15,538:Rank 7 common state dict differs from rank 0 common state dict. Keys only on rank 0: [('optimizer', 'param_state', 87), ('optimizer', 'param_state', 88), ('optimizer', 'param_state', 89), ('optimizer', 'param_state', 90), ('optimizer', 'param_state', 91), ('optimizer', 'param_state', 92), ('optimizer', 'param_state', 93), ('optimizer', 'param_state', 94), ('optimizer', 'param_state', 95), ('optimizer', 'param_state', 96)], Keys only on 7: [], Mismatched keys: []
[36m(WorkerDict pid=113550, ip=node2)[0m INFO:2026-01-07 09:05:40,544:[Rank 0] Saved bridge checkpoint to /workspace/recipe/exp/checkpoint/qwen3_vl_8b_megatron_/global_step_20/actor/huggingface
[36m(WorkerDict pid=113598, ip=node2)[0m INFO:2026-01-07 09:03:04,028:[Rank 7] Saving HF model checkpoint to /workspace/recipe/exp/checkpoint/qwen3_vl_8b_megatron_/global_step_20/actor with bridge[32m [repeated 7x across cluster][0m
[36m(WorkerDict pid=113551, ip=node2)[0m INFO:2026-01-07 09:05:40,545:[Rank 1] Dist checkpointing save completed for /workspace/recipe/exp/checkpoint/qwen3_vl_8b_megatron_/global_step_20/actor/dist_ckpt
[36m(WorkerDict pid=113550, ip=node2)[0m INFO:2026-01-07 09:05:41,227:[Rank 0] Saved Huggingface config and tokenizer to /workspace/recipe/exp/checkpoint/qwen3_vl_8b_megatron_/global_step_20/actor/huggingface

[36m(TaskRunner pid=169079)[0m test_gen_batch meta info: {'eos_token_id': 151645, 'pad_token_id': 151643, 'recompute_log_prob': False, 'do_sample': False, 'validate': True, 'global_steps': 20}
[36m(TaskRunner pid=169079)[0m validation generation end
[36m(TaskRunner pid=169079)[0m local_global_step_folder: /workspace/recipe/exp/checkpoint/qwen3_vl_8b_megatron_/global_step_20
[36m(WorkerDict pid=113550, ip=node2)[0m Qwen3VLTransformerConfig(tensor_model_parallel_size=2, pipeline_model_parallel_comm_backend=None, pipeline_model_parallel_size=2, virtual_pipeline_model_parallel_size=None, sequence_parallel=True, context_parallel_size=2, hierarchical_context_parallel_sizes=None, expert_model_parallel_size=1, expert_tensor_parallel_size=2, moe_extended_tp=False, perform_initialization=True, use_cpu_initialization=False, fp16=False, bf16=True, params_dtype=torch.bfloat16, timers=None, finalize_model_grads_func=<function finalize_model_grads at 0x7f4af46d6020>, grad_scale_func=<bound method MegatronOptimizer.scale_loss of <megatron.core.optimizer.optimizer.ChainedOptimizer object at 0x7f49f81a4380>>, no_sync_func=None, grad_sync_func=None, param_sync_func=None, deterministic_mode=False, enable_autocast=False, autocast_dtype=torch.bfloat16, num_microbatches_with_partial_activation_checkpoints=None, gradient_accumulation_fusion=True, async_tensor_model_parallel_allreduce=True, use_te_rng_tracker=False, tp_comm_overlap=False, tp_comm_bulk_wgrad=True, tp_comm_bulk_dgrad=True, tp_comm_overlap_ag=True, tp_comm_overlap_rs=True, tp_comm_overlap_rs_dgrad=False, tp_comm_split_ag=True, tp_comm_atomic_ag=False, tp_comm_split_rs=True, tp_comm_atomic_rs=False, cross_entropy_loss_fusion=False, cross_entropy_fusion_impl='native', tp_comm_overlap_disable_qkv=False, tp_comm_overlap_disable_fc1=False, tp_comm_bootstrap_backend='nccl', overlap_moe_expert_parallel_comm=False, delay_wgrad_compute=False, pipeline_dtype=torch.bfloat16, variable_seq_lengths=True, overlap_p2p_comm=False, batch_p2p_comm=False, batch_p2p_sync=True, use_ring_exchange_p2p=False, deallocate_pipeline_outputs=True, defer_embedding_wgrad_compute=False, wgrad_deferral_limit=0, overlap_p2p_comm_warmup_flush=False, microbatch_group_size_per_vp_stage=2, cpu_offloading=False, cpu_offloading_num_layers=0, _cpu_offloading_context=None, cpu_offloading_activations=True, cpu_offloading_weights=True, barrier_with_L1_time=True, num_layers=36, mtp_num_layers=None, mtp_loss_scaling_factor=None, num_layers_in_first_pipeline_stage=None, num_layers_in_last_pipeline_stage=None, pipeline_model_parallel_layout=None, account_for_embedding_in_pipeline_split=True, account_for_loss_in_pipeline_split=True, hidden_size=4096, num_attention_heads=32, attention_backend=<AttnBackend.flash: 1>, softmax_scale=None, num_query_groups=8, ffn_hidden_size=12288, kv_channels=128, hidden_dropout=0.0, attention_dropout=0.0, fp32_residual_connection=False, apply_residual_connection_post_layernorm=False, layernorm_epsilon=1e-06, layernorm_zero_centered_gamma=False, add_bias_linear=False, add_qkv_bias=False, gated_linear_unit=True, activation_func=<function silu at 0x7f7e503b56c0>, activation_func_fp8_input_store=False, num_moe_experts=None, rotary_interleaved=False, window_size=None, normalization='RMSNorm', qk_layernorm=True, test_mode=False, calculate_per_token_loss=False, multi_latent_attention=False, no_rope_freq=None, moe_deepep_num_sms=20, init_method=functools.partial(<function normal_ at 0x7f7e50236020>, mean=0.0, std=0.02), output_layer_init_method=functools.partial(<function normal_ at 0x7f7e50236020>, mean=0.0, std=0.0023570226039551587), init_method_std=0.02, embedding_init_method=functools.partial(<function normal_ at 0x7f7e50236020>, mean=0.0, std=0.02), embedding_init_method_std=0.02, init_model_with_meta_device=False, apply_query_key_layer_scaling=False, attention_softmax_in_fp32=True, disable_bf16_reduced_precision_matmul=False, bias_activation_fusion=True, masked_softmax_fusion=False, persist_layer_norm=True, memory_efficient_layer_norm=False, bias_dropout_fusion=True, apply_rope_fusion=False, use_fused_weighted_squared_relu=False, recompute_granularity='full', recompute_method='uniform', recompute_num_layers=1, distribute_saved_activations=False, recompute_modules=['core_attn'], fp8=None, fp8_recipe='delayed', fp8_param=False, fp8_margin=0, fp8_interval=1, fp8_amax_history_len=1, fp8_amax_compute_algo='most_recent', fp8_wgrad=True, fp8_dot_product_attention=False, fp8_multi_head_attention=False, tp_only_amax_red=False, first_last_layers_bf16=False, num_layers_at_start_in_bf16=1, num_layers_at_end_in_bf16=1, use_kitchen=False, moe_shared_expert_intermediate_size=None, moe_shared_expert_overlap=False, moe_layer_freq=1, moe_ffn_hidden_size=None, moe_router_load_balancing_type='aux_loss', moe_router_topk=2, moe_router_topk_limited_devices=None, moe_router_padding_for_fp8=False, moe_router_num_groups=None, moe_router_group_topk=None, moe_router_pre_softmax=False, moe_router_topk_scaling_factor=None, moe_router_score_function='softmax', moe_router_dtype='fp32', moe_router_enable_expert_bias=False, moe_router_bias_update_rate=0.001, moe_router_force_load_balancing=False, moe_grouped_gemm=False, moe_use_legacy_grouped_gemm=False, moe_aux_loss_coeff=0.0, moe_z_loss_coeff=None, moe_input_jitter_eps=None, moe_token_dropping=False, moe_token_dispatcher_type='flex', moe_enable_deepep=True, moe_per_layer_logging=False, moe_expert_capacity_factor=None, moe_pad_expert_input_to_capacity=False, moe_token_drop_policy='probs', moe_layer_recompute=False, moe_permute_fusion=True, moe_router_fusion=False, moe_apply_probs_on_input=False, cp_comm_type='p2p', enable_cuda_graph=False, cuda_graph_use_single_mempool=False, cuda_graph_retain_backward_graph=False, cuda_graph_warmup_steps=3, external_cuda_graph=False, cuda_graph_scope='full', clone_scatter_output_in_embedding=True, disable_parameter_transpose_cache=False, config_logger_dir='', flash_decode=False, inference_rng_tracker=False, symmetric_ar_type=None, mrope_section=[24, 20, 20], is_hybrid_model=False, mamba_state_dim=128, mamba_head_dim=64, mamba_num_groups=8, mamba_num_heads=None, use_mamba_mem_eff_path=True, mlp_chunks_for_prefill=1, heterogeneous_block_specs=False, hetereogenous_dist_checkpoint=False, quant_recipe=None, transformer_impl='transformer_engine', patch_size=16, temporal_patch_size=2, in_channels=3, spatial_merge_size=2, num_position_embeddings=2304, out_hidden_size=4096, apply_rotary_pos_emb_in_fp32=False, deepstack_visual_indexes=[8, 16, 24])
[36m(TaskRunner pid=169079)[0m step:20 - actor/entropy:0.3229934871196747 - perf/mfu/actor_infer:0 - actor/kl_loss:0.006768004032589185 - actor/kl_coef:0.009999999999999998 - actor/pg_clipfrac:0.0008058773626847445 - actor/ppo_kl:3.644183847573146e-05 - actor/pg_clipfrac_lower:0.0 - actor/pg_loss:0.07234780074031733 - actor/grad_norm:0.09786464050277924 - perf/mfu/actor:0.0 - perf/max_memory_allocated_gb:85.05868816375732 - perf/max_memory_reserved_gb:87.908203125 - perf/cpu_memory_used_gb:493.35162353515625 - actor/lr:1e-06 - val-aux/hiyouga/geometry3k/reward/mean@1:0.48519133490056243 - val-core/hiyouga/geometry3k/acc/mean@1:0.4851913477537438 - val-aux/num_turns/min:2 - val-aux/num_turns/max:2 - val-aux/num_turns/mean:2.0 - training/global_step:20 - training/epoch:4 - critic/score/mean:0.4907812476158142 - critic/score/max:0.8999999761581421 - critic/score/min:0.0 - critic/rewards/mean:0.4907812476158142 - critic/rewards/max:0.8999999761581421 - critic/rewards/min:0.0 - critic/advantages/mean:-0.0735737755894661 - critic/advantages/max:1.7888498306274414 - critic/advantages/min:-1.7888498306274414 - critic/returns/mean:-0.0735737755894661 - critic/returns/max:1.7888498306274414 - critic/returns/min:-1.7888498306274414 - response_length/mean:937.3484497070312 - response_length/max:2048.0 - response_length/min:64.0 - response_length/clip_ratio:0.20664063096046448 - response_length_non_aborted/mean:937.3484497070312 - response_length_non_aborted/max:2048.0 - response_length_non_aborted/min:64.0 - response_length_non_aborted/clip_ratio:0.20664063096046448 - response/aborted_ratio:0.0 - prompt_length/mean:285.6484375 - prompt_length/max:842.0 - prompt_length/min:190.0 - prompt_length/clip_ratio:0.0 - num_turns/min:2 - num_turns/max:2 - num_turns/mean:2.0 - timing_s/start_profile:3.6929966881871223e-05 - timing_s/agent_loop/generate_sequences/min:10.74499387294054 - timing_s/agent_loop/generate_sequences/max:91.5963688120246 - timing_s/agent_loop/generate_sequences/mean:51.082595574030805 - timing_s/agent_loop/tool_calls/min:0.0 - timing_s/agent_loop/tool_calls/max:0.0 - timing_s/agent_loop/tool_calls/mean:0.0 - timing_s/agent_loop/slowest/generate_sequences:91.5963688120246 - timing_s/agent_loop/slowest/tool_calls:0.0 - timing_s/agent_loop/slowest/prompt_length:471 - timing_s/agent_loop/slowest/response_length:2048 - timing_s/gen:106.82930246600881 - timing_s/reward:0.00011814804747700691 - timing_s/old_log_prob:109.36135950312018 - timing_s/ref:110.01925625279546 - timing_s/adv:0.050642763962969184 - timing_s/update_actor:363.46663151378743 - timing_s/step:690.0363111239858 - timing_s/testing:52.096228195820004 - timing_s/save_checkpoint:569.9120056021493 - timing_s/stop_profile:5.212915129959583e-05 - timing_per_token_ms/update_actor:0.11609118210958079 - timing_per_token_ms/adv:1.617529045038225e-05 - timing_per_token_ms/ref:0.035140132286722504 - timing_per_token_ms/gen:0.0445194066649145 - perf/total_num_tokens:3130872 - perf/time_per_step:690.0363111239858 - perf/throughput:567.1571099824058[36m(TaskRunner pid=169079)[0m 
Training Progress:  33%|███▎      | 20/60 [4:16:21<9:39:20, 869.02s/it]
[36m(TaskRunner pid=169079)[0m 
Training Progress:  35%|███▌      | 21/60 [4:28:06<8:52:47, 819.68s/it]
[36m(WorkerDict pid=113598, ip=node2)[0m INFO:2026-01-07 09:05:40,544:[Rank 7] Saved bridge checkpoint to /workspace/recipe/exp/checkpoint/qwen3_vl_8b_megatron_/global_step_20/actor/huggingface[32m [repeated 7x across cluster][0m
[36m(WorkerDict pid=113550, ip=node2)[0m INFO:2026-01-07 09:05:41,238:[Rank 0] Dist checkpointing save completed for /workspace/recipe/exp/checkpoint/qwen3_vl_8b_megatron_/global_step_20/actor/dist_ckpt[32m [repeated 7x across cluster][0m
[36m(TaskRunner pid=169079)[0m 
Training Progress:  37%|███▋      | 22/60 [4:39:15<8:10:31, 774.52s/it]

[36m(TaskRunner pid=169079)[0m step:21 - actor/entropy:0.3284788727760315 - perf/mfu/actor_infer:0 - actor/kl_loss:0.0071829096638263866 - actor/kl_coef:0.009999999999999998 - actor/pg_clipfrac:0.0009640453932797512 - actor/ppo_kl:3.160073101650017e-05 - actor/pg_clipfrac_lower:0.0 - actor/pg_loss:0.07925389241271548 - actor/grad_norm:0.10411860969641692 - perf/mfu/actor:0.0 - perf/max_memory_allocated_gb:85.43601846694946 - perf/max_memory_reserved_gb:88.2421875 - perf/cpu_memory_used_gb:494.48554611206055 - actor/lr:1e-06 - training/global_step:21 - training/epoch:5 - critic/score/mean:0.49183598160743713 - critic/score/max:0.8999999761581421 - critic/score/min:0.0 - critic/rewards/mean:0.49183598160743713 - critic/rewards/max:0.8999999761581421 - critic/rewards/min:0.0 - critic/advantages/mean:-0.08053029328584671 - critic/advantages/max:1.7888498306274414 - critic/advantages/min:-1.7888498306274414 - critic/returns/mean:-0.08053029328584671 - critic/returns/max:1.7888498306274414 - critic/returns/min:-1.7888498306274414 - response_length/mean:919.14453125 - response_length/max:2048.0 - response_length/min:106.0 - response_length/clip_ratio:0.19609375298023224 - response_length_non_aborted/mean:919.14453125 - response_length_non_aborted/max:2048.0 - response_length_non_aborted/min:106.0 - response_length_non_aborted/clip_ratio:0.19609375298023224 - response/aborted_ratio:0.0 - prompt_length/mean:276.041015625 - prompt_length/max:842.0 - prompt_length/min:190.0 - prompt_length/clip_ratio:0.0 - num_turns/min:2 - num_turns/max:2 - num_turns/mean:2.0 - timing_s/start_profile:0.00020878599025309086 - timing_s/agent_loop/generate_sequences/min:13.698904382064939 - timing_s/agent_loop/generate_sequences/max:91.21710062818602 - timing_s/agent_loop/generate_sequences/mean:49.483070518571004 - timing_s/agent_loop/tool_calls/min:0.0 - timing_s/agent_loop/tool_calls/max:0.0 - timing_s/agent_loop/tool_calls/mean:0.0 - timing_s/agent_loop/slowest/generate_sequences:91.21710062818602 - timing_s/agent_loop/slowest/tool_calls:0.0 - timing_s/agent_loop/slowest/prompt_length:240 - timing_s/agent_loop/slowest/response_length:2048 - timing_s/gen:110.34734511491843 - timing_s/reward:0.00015159719623625278 - timing_s/old_log_prob:110.92388105485588 - timing_s/ref:102.46191182197072 - timing_s/adv:0.09772460302338004 - timing_s/update_actor:370.80700365896337 - timing_s/step:694.9557673458476 - timing_s/stop_profile:3.308989107608795e-05 - timing_per_token_ms/update_actor:0.12119163102583227 - timing_per_token_ms/adv:3.1939537049974276e-05 - timing_per_token_ms/ref:0.033487841624345954 - timing_per_token_ms/gen:0.04689624995852904 - perf/total_num_tokens:3059675 - perf/time_per_step:694.9557673458476 - perf/throughput:550.336284654024
[36m(TaskRunner pid=169079)[0m step:22 - actor/entropy:0.3262282907962799 - perf/mfu/actor_infer:0 - actor/kl_loss:0.008046348833806486 - actor/kl_coef:0.009999999999999998 - actor/pg_clipfrac:0.0009474059800565586 - actor/ppo_kl:-8.596398056260024e-06 - actor/pg_clipfrac_lower:8.863809833221219e-07 - actor/pg_loss:0.06131310608995321 - actor/grad_norm:0.10616420321258352 - perf/mfu/actor:0.0 - perf/max_memory_allocated_gb:85.60335397720337 - perf/max_memory_reserved_gb:88.572265625 - perf/cpu_memory_used_gb:494.4757194519043 - actor/lr:1e-06 - training/global_step:22 - training/epoch:5 - critic/score/mean:0.5076562762260437 - critic/score/max:0.8999999761581421 - critic/score/min:0.0 - critic/rewards/mean:0.5076562762260437 - critic/rewards/max:0.8999999761581421 - critic/rewards/min:0.0 - critic/advantages/mean:-0.06250783801078796 - critic/advantages/max:1.7888498306274414 - critic/advantages/min:-1.7888498306274414 - critic/returns/mean:-0.06250783801078796 - critic/returns/max:1.7888498306274414 - critic/returns/min:-1.7888498306274414 - response_length/mean:876.486328125 - response_length/max:2048.0 - response_length/min:83.0 - response_length/clip_ratio:0.17304687201976776 - response_length_non_aborted/mean:876.486328125 - response_length_non_aborted/max:2048.0 - response_length_non_aborted/min:83.0 - response_length_non_aborted/clip_ratio:0.17304687201976776 - response/aborted_ratio:0.0 - prompt_length/mean:282.751953125 - prompt_length/max:669.0 - prompt_length/min:190.0 - prompt_length/clip_ratio:0.0 - num_turns/min:2 - num_turns/max:2 - num_turns/mean:2.0 - timing_s/start_profile:7.493793964385986e-05 - timing_s/agent_loop/generate_sequences/min:12.244706208119169 - timing_s/agent_loop/generate_sequences/max:84.6707564406097 - timing_s/agent_loop/generate_sequences/mean:46.92177765498582 - timing_s/agent_loop/tool_calls/min:0.0 - timing_s/agent_loop/tool_calls/max:0.0 - timing_s/agent_loop/tool_calls/mean:0.0 - timing_s/agent_loop/slowest/generate_sequences:84.6707564406097 - timing_s/agent_loop/slowest/tool_calls:0.0 - timing_s/agent_loop/slowest/prompt_length:237 - timing_s/agent_loop/slowest/response_length:2048 - timing_s/gen:100.54892984381877 - timing_s/reward:0.00011501810513436794 - timing_s/old_log_prob:106.80521456012502 - timing_s/ref:103.2888887191657 - timing_s/adv:0.047715325839817524 - timing_s/update_actor:357.3111551909242 - timing_s/step:668.3097196940798 - timing_s/stop_profile:3.140908665955067e-05 - timing_per_token_ms/update_actor:0.12040205387795871 - timing_per_token_ms/adv:1.607848831223949e-05 - timing_per_token_ms/ref:0.034804942873710075 - timing_per_token_ms/gen:0.0448117950730205 - perf/total_num_tokens:2967650 - perf/time_per_step:668.3097196940798 - perf/throughput:555.066369781074
[36m(TaskRunner pid=169079)[0m step:23 - actor/entropy:0.3220854699611664 - perf/mfu/actor_infer:0 - actor/kl_loss:0.00860172803115279 - actor/kl_coef:0.009999999999999998 - actor/pg_clipfrac:0.0009703196556463634 - actor/ppo_kl:8.750585093436595e-06 - actor/pg_clipfrac_lower:8.262688356929803e-07 - actor/pg_loss:0.076636878236939 - actor/grad_norm:0.10978708165101228 - perf/mfu/actor:0.0 - perf/max_memory_allocated_gb:85.79701852798462 - perf/max_memory_reserved_gb:88.673828125 - perf/cpu_memory_used_gb:494.66741943359375 - actor/lr:1e-06 - training/global_step:23 - training/epoch:5 - critic/score/mean:0.5125781297683716 - critic/score/max:0.8999999761581421 - critic/score/min:0.0 - critic/rewards/mean:0.5125781297683716 - critic/rewards/max:0.8999999761581421 - critic/rewards/min:0.0 - critic/advantages/mean:-0.07570075243711472 - critic/advantages/max:1.7888498306274414 - critic/advantages/min:-1.7888498306274414 - critic/returns/mean:-0.07570075243711472 - critic/returns/max:1.7888498306274414 - critic/returns/min:-1.7888498306274414 - response_length/mean:915.1468505859375 - response_length/max:2048.0 - response_length/min:49.0 - response_length/clip_ratio:0.19921875 - response_length_non_aborted/mean:915.1468505859375 - response_length_non_aborted/max:2048.0 - response_length_non_aborted/min:49.0 - response_length_non_aborted/clip_ratio:0.19921875 - response/aborted_ratio:0.0 - prompt_length/mean:280.0625 - prompt_length/max:842.0 - prompt_length/min:189.0 - prompt_length/clip_ratio:0.0 - num_turns/min:2 - num_turns/max:2 - num_turns/mean:2.0 - timing_s/start_profile:3.9428938180208206e-05 - timing_s/agent_loop/generate_sequences/min:10.329296262934804 - timing_s/agent_loop/generate_sequences/max:89.77995480108075 - timing_s/agent_loop/generate_sequences/mean:49.5838259215574 - timing_s/agent_loop/tool_calls/min:0.0 - timing_s/agent_loop/tool_calls/max:0.0 - timing_s/agent_loop/tool_calls/mean:0.0 - timing_s/agent_loop/slowest/generate_sequences:89.77995480108075 - timing_s/agent_loop/slowest/tool_calls:0.0 - timing_s/agent_loop/slowest/prompt_length:204 - timing_s/agent_loop/slowest/response_length:2048 - timing_s/gen:106.0166518969927 - timing_s/reward:0.00011122808791697025 - timing_s/old_log_prob:109.29543771711178 - timing_s/ref:105.45129462797195 - timing_s/adv:0.10132447793148458 - timing_s/update_actor:363.64548563794233 - timing_s/step:684.8225423959084 - timing_s/stop_profile:3.757909871637821e-05 - timing_per_token_ms/update_actor:0.1188486476081408 - timing_per_token_ms/adv:3.31154315050333e-05 - timing_per_token_ms/ref:0.03446418077506424 - timing_per_token_ms/gen:0.04525257724041594 - perf/total_num_tokens:3059736 - perf/time_per_step:684.8225423959084 - perf/throughput:558.4906692205363[36m(TaskRunner pid=169079)[0m 
Training Progress:  38%|███▊      | 23/60 [4:50:41<7:41:08, 747.81s/it]
[36m(TaskRunner pid=169079)[0m 
Training Progress:  40%|████      | 24/60 [5:01:22<7:09:27, 715.75s/it]
[36m(TaskRunner pid=169079)[0mnode2
Training Progress:  42%|████▏   node25:12:59<6:54:17, 710.20s/it]
node2
[36m(TaskRunner pid=169079)[0mnode2actor/entropy:0.3191680908203125 - perf/mfu/actor_infer:0 - actor/kl_loss:0.009448071805156727 - actor/kl_coef:0.009999999999999998 - actor/pg_clipfrac:0.0009382407370139845 - actor/ppo_kl:3.3666135909291435e-06 - actor/pg_clipfrac_lower:0.0 - actor/pg_loss:0.05448899452613411 - actor/grad_norm:0.10874490626127675 - perf/mfu/actor:0.0 - perf/max_memory_allocated_gb:86.1399278640747 - perf/max_memory_reserved_gb:88.98046875 - perf/cpu_memory_used_gb:495.6682929992676 - actor/lr:1e-06 - training/global_step:24 - training/epoch:5 - critic/score/mean:0.49253907799720764 - critic/score/max:0.8999999761581421 - critic/score/min:0.0 - critic/rewards/mean:0.49253907799720764 - critic/rewards/max:0.8999999761581421 - critic/rewards/min:0.0 - critic/advantages/mean:-0.0553707517683506 - critic/advantages/max:1.7888498306274414 - critic/advantages/min:-1.7888498306274414 - critic/returns/mean:-0.0553707517683506 - critic/returns/max:1.7888498306274414 - critic/returns/min:-1.7888498306274414 - response_length/mean:858.3707275390625 - response_length/max:2048.0 - response_length/min:53.0 - response_length/clip_ratio:0.169921875 - response_length_non_aborted/mean:858.3707275390625 - response_length_non_aborted/max:2048.0 - response_length_non_aborted/min:53.0 - response_length_non_aborted/clip_ratio:0.169921875 - response/aborted_ratio:0.0 - prompt_length/mean:284.017578125 - prompt_length/max:842.0 - prompt_length/min:190.0 - prompt_length/clip_ratio:0.0 - num_turns/min:2 - num_turns/max:2 - num_turns/mean:2.0 - timing_s/start_profile:7.663900032639503e-05 - timing_s/agent_loop/generate_sequences/min:11.481396337039769 - timing_s/agent_loop/generate_sequences/max:85.23752640606835 - timing_s/agent_loop/generate_sequences/mean:46.61375892808856 - timing_s/agent_loop/tool_calls/min:0.0 - timing_s/agent_loop/tool_calls/max:0.0 - timing_s/agent_loop/tool_calls/mean:0.0 - timing_s/agent_loop/slowest/generate_sequences:85.23752640606835 - timing_s/agent_loop/slowest/tool_calls:0.0 - timing_s/agent_loop/slowest/prompt_length:236 - timing_s/agent_loop/slowest/response_length:2048 - timing_s/gen:100.92794455983676 - timing_s/reward:0.00013446691446006298 - timing_s/old_log_prob:103.38834526506253 - timing_s/ref:98.79968991712667 - timing_s/adv:0.08388018002733588 - timing_s/update_actor:336.8631969119888 - timing_s/step:640.3747510330286 - timing_s/stop_profile:2.8878916054964066e-05 - timing_per_token_ms/update_actor:0.11518604353133162 - timing_per_token_ms/adv:2.8681750207841672e-05 - timing_per_token_ms/ref:0.033783284989275714 - timing_per_token_ms/gen:0.04593001392073954 - perf/total_num_tokens:2924514 - perf/time_per_step:640.3747510330286 - perf/throughput:570.8598744880017
[36m(TaskRunner pid=169079)[0mnode2atch meta info: {'eos_token_id': 151645, 'pad_token_id': 151643, 'recompute_log_prob': False, 'do_sample': False, 'validate': True, 'global_steps': 25}
[36m(TaskRunner pid=169079)[0mnode2 generation end
[36m(TaskRunner pid=169079)[0mnode2actor/entropy:0.3137708902359009 - perf/mfu/actor_infer:0 - actor/kl_loss:0.009500695821525676 - actor/kl_coef:0.009999999999999998 - actor/pg_clipfrac:0.0008079951699022622 - actor/ppo_kl:3.6318452086735316e-06 - actor/pg_clipfrac_lower:0.0 - actor/pg_loss:0.06440434849486174 - actor/grad_norm:0.10795223306024064 - perf/mfu/actor:0.0 - perf/max_memory_allocated_gb:86.29546451568604 - perf/max_memory_reserved_gb:89.078125 - perf/cpu_memory_used_gb:494.78855895996094 - actor/lr:1e-06 - val-aux/hiyouga/geometry3k/reward/mean@1:0.5076538967015144 - val-core/hiyouga/geometry3k/acc/mean@1:0.5076539101497505 - val-aux/num_turns/min:2 - val-aux/num_turns/max:2 - val-aux/num_turns/mean:2.0 - training/global_step:25 - training/epoch:6 - critic/score/mean:0.5118749737739563 - critic/score/max:0.8999999761581421 - critic/score/min:0.0 - critic/rewards/mean:0.5118749737739563 - critic/rewards/max:0.8999999761581421 - critic/rewards/min:0.0 - critic/advantages/mean:-0.06498873233795166 - critic/advantages/max:1.7888498306274414 - critic/advantages/min:-1.7888498306274414 - critic/returns/mean:-0.06498873233795166 - critic/returns/max:1.7888498306274414 - critic/returns/min:-1.7888498306274414 - response_length/mean:861.6949462890625 - response_length/max:2048.0 - response_length/min:55.0 - response_length/clip_ratio:0.18046875298023224 - response_length_non_aborted/mean:861.6949462890625 - response_length_non_aborted/max:2048.0 - response_length_non_aborted/min:55.0 - response_length_non_aborted/clip_ratio:0.18046875298023224 - response/aborted_ratio:0.0 - prompt_length/mean:272.955078125 - prompt_length/max:842.0 - prompt_length/min:189.0 - prompt_length/clip_ratio:0.0 - num_turns/min:2 - num_turns/max:2 - num_turns/mean:2.0 - timing_s/start_profile:0.0002099159173667431 - timing_s/agent_loop/generate_sequences/min:8.862029887968674 - timing_s/agent_loop/generate_sequences/max:87.59090938605368 - timing_s/agent_loop/generate_sequences/mean:44.917497805640686 - timing_s/agent_loop/tool_calls/min:0.0 - timing_s/agent_loop/tool_calls/max:0.0 - timing_s/agent_loop/tool_calls/mean:0.0 - timing_s/agent_loop/slowest/generate_sequences:87.59090938605368 - timing_s/agent_loop/slowest/tool_calls:0.0 - timing_s/agent_loop/slowest/prompt_length:305 - timing_s/agent_loop/slowest/response_length:2048 - timing_s/gen:105.80456947907805 - timing_s/reward:0.00013377703726291656 - timing_s/old_log_prob:102.64389888104051 - timing_s/ref:97.38302472815849 - timing_s/adv:0.04305965406820178 - timing_s/update_actor:329.1380658640992 - timing_s/step:635.3259028741159 - timing_s/testing:50.896062675863504 - timing_s/stop_profile:3.7460122257471085e-05 - timing_per_token_ms/update_actor:0.11331208476460913 - timing_per_token_ms/adv:1.4824110845098771e-05 - timing_per_token_ms/ref:0.03352597191595374 - timing_per_token_ms/gen:0.0479635064610028 - perf/total_num_tokens:2904704 - perf/time_per_step:635.3259028741159 - perf/throughput:571.4988140062387
[36m(TaskRunner pid=169079)[0mnode2actor/entropy:0.324565052986145 - perf/mfu/actor_infer:0 - actor/kl_loss:0.009409632455361517 - actor/kl_coef:0.01 - actor/pg_clipfrac:0.001032491262250053 - actor/ppo_kl:-7.644447147245764e-06 - actor/pg_clipfrac_lower:0.0 - actor/pg_loss:0.07449781012531419 - actor/grad_norm:0.11505222417418105 - perf/mfu/actor:0.0 - perf/max_memory_allocated_gb:86.60567045211792 - perf/max_memory_reserved_gb:89.40625 - perf/cpu_memory_used_gb:495.1155776977539 - actor/lr:1e-06 - training/global_step:26 - training/epoch:6 - critic/score/mean:0.48375001549720764 - critic/score/max:0.8999999761581421 - critic/score/min:0.0 - critic/rewards/mean:0.48375001549720764 - critic/rewards/max:0.8999999761581421 - critic/rewards/min:0.0 - critic/advantages/mean:-0.07499827444553375 - critic/advantages/max:1.7888498306274414 - critic/advantages/min:-1.7888498306274414 - critic/returns/mean:-0.07499827444553375 - critic/returns/max:1.7888498306274414 - critic/returns/min:-1.7888498306274414 - response_length/mean:930.6832275390625 - response_length/max:2048.0 - response_length/min:57.0 - response_length/clip_ratio:0.19960936903953552 - response_length_non_aborted/mean:930.6832275390625 - response_length_non_aborted/max:2048.0 - response_length_non_aborted/min:57.0 - response_length_non_aborted/clip_ratio:0.19960936903953552 - response/aborted_ratio:0.0 - prompt_length/mean:282.98828125 - prompt_length/max:600.0 - prompt_length/min:189.0 - prompt_length/clip_ratio:0.0 - num_turns/min:2 - num_turns/max:2 - num_turns/mean:2.0 - timing_s/start_profile:7.927813567221165e-05 - timing_s/agent_loop/generate_sequences/min:10.855345795163885 - timing_s/agent_loop/generate_sequences/max:90.31706520495936 - timing_s/agent_loop/generate_sequences/mean:50.36145267832926 - timing_s/agent_loop/tool_calls/min:0.0 - timing_s/agent_loop/tool_calls/max:0.0 - timing_s/agent_loop/tool_calls/mean:0.0 - timing_s/agent_loop/slowest/generate_sequences:90.31706520495936 - timing_s/agent_loop/slowest/tool_calls:0.0 - timing_s/agent_loop/slowest/prompt_length:366 - timing_s/agent_loop/slowest/response_length:2048 - timing_s/gen:106.87911058892496 - timing_s/reward:0.00013868813402950764 - timing_s/old_log_prob:110.86385980411433 - timing_s/ref:104.60745656793006 - timing_s/adv:0.03978077694773674 - timing_s/update_actor:356.8086968420539 - timing_s/step:679.5178456190042 - timing_s/stop_profile:3.093993291258812e-05 - timing_per_token_ms/update_actor:0.11484029986557893 - timing_per_token_ms/adv:1.2803601464865852e-05 - timing_per_token_ms/ref:0.033668326435872704 - timing_per_token_ms/gen:0.04485914480202714 - perf/total_num_tokens:3106999 - perf/time_per_step:679.5178456190042 - perf/throughput:571.5447762026196[36m(TaskRunner pid=169079)[0m 
Training Progress:  43%|████▎   node25:24:20<6:37:27, 701.40s/it]
[36m(TaskRunner pid=169079)[0mnode2
Training Progress:  45%|████▌     | 27/60 [5:34:55<6:14:47, 681.44s/it]
[36m(TaskRunner pid=169079)[0m 
Training Progress:  47%|████▋     | 28/60 [5:45:28<5:55:42, 666.94s/it]

[36m(TaskRunner pid=169079)[0m step:27 - actor/entropy:0.3129134476184845 - perf/mfu/actor_infer:0 - actor/kl_loss:0.010184604066340357 - actor/kl_coef:0.009999999999999998 - actor/pg_clipfrac:0.0009737743216493491 - actor/ppo_kl:-1.332313595246356e-05 - actor/pg_clipfrac_lower:4.84308422140233e-07 - actor/pg_loss:0.06770351859133085 - actor/grad_norm:0.12116660021150019 - perf/mfu/actor:0.0 - perf/max_memory_allocated_gb:86.8501329421997 - perf/max_memory_reserved_gb:89.66015625 - perf/cpu_memory_used_gb:495.6049461364746 - actor/lr:1e-06 - training/global_step:27 - training/epoch:6 - critic/score/mean:0.5083593130111694 - critic/score/max:0.8999999761581421 - critic/score/min:0.0 - critic/rewards/mean:0.5083593130111694 - critic/rewards/max:0.8999999761581421 - critic/rewards/min:0.0 - critic/advantages/mean:-0.06864511966705322 - critic/advantages/max:1.7888498306274414 - critic/advantages/min:-1.7888498306274414 - critic/returns/mean:-0.06864511966705322 - critic/returns/max:1.7888498306274414 - critic/returns/min:-1.7888498306274414 - response_length/mean:856.8941650390625 - response_length/max:2048.0 - response_length/min:98.0 - response_length/clip_ratio:0.15898437798023224 - response_length_non_aborted/mean:856.8941650390625 - response_length_non_aborted/max:2048.0 - response_length_non_aborted/min:98.0 - response_length_non_aborted/clip_ratio:0.15898437798023224 - response/aborted_ratio:0.0 - prompt_length/mean:282.287109375 - prompt_length/max:842.0 - prompt_length/min:190.0 - prompt_length/clip_ratio:0.0 - num_turns/min:2 - num_turns/max:2 - num_turns/mean:2.0 - timing_s/start_profile:3.4449854865670204e-05 - timing_s/agent_loop/generate_sequences/min:14.101314667612314 - timing_s/agent_loop/generate_sequences/max:84.26102271862328 - timing_s/agent_loop/generate_sequences/mean:45.9132788863948 - timing_s/agent_loop/tool_calls/min:0.0 - timing_s/agent_loop/tool_calls/max:0.0 - timing_s/agent_loop/tool_calls/mean:0.0 - timing_s/agent_loop/slowest/generate_sequences:84.26102271862328 - timing_s/agent_loop/slowest/tool_calls:0.0 - timing_s/agent_loop/slowest/prompt_length:370 - timing_s/agent_loop/slowest/response_length:2048 - timing_s/gen:100.56019151909277 - timing_s/reward:0.00012285704724490643 - timing_s/old_log_prob:101.11152851721272 - timing_s/ref:98.90997032891028 - timing_s/adv:0.03840629290789366 - timing_s/update_actor:333.67375616100617 - timing_s/step:634.6038294229656 - timing_s/stop_profile:2.942001447081566e-05 - timing_per_token_ms/update_actor:0.11441665757788151 - timing_per_token_ms/adv:1.3169509388559511e-05 - timing_per_token_ms/ref:0.03391620706514488 - timing_per_token_ms/gen:0.04584151407955091 - perf/total_num_tokens:2916304 - perf/time_per_step:634.6038294229656 - perf/throughput:574.433974549867
[36m(TaskRunner pid=169079)[0m step:28 - actor/entropy:0.31068089604377747 - perf/mfu/actor_infer:0 - actor/kl_loss:0.010441474208419912 - actor/kl_coef:0.009999999999999998 - actor/pg_clipfrac:0.0010800230248718067 - actor/ppo_kl:2.8772303505902937e-05 - actor/pg_clipfrac_lower:4.800048975922753e-07 - actor/pg_loss:0.07741361678273187 - actor/grad_norm:0.1178156121287732 - perf/mfu/actor:0.0 - perf/max_memory_allocated_gb:87.21273994445801 - perf/max_memory_reserved_gb:90.181640625 - perf/cpu_memory_used_gb:496.2392387390137 - actor/lr:1e-06 - training/global_step:28 - training/epoch:6 - critic/score/mean:0.5104687809944153 - critic/score/max:0.8999999761581421 - critic/score/min:0.0 - critic/rewards/mean:0.5104687809944153 - critic/rewards/max:0.8999999761581421 - critic/rewards/min:0.0 - critic/advantages/mean:-0.07780133932828903 - critic/advantages/max:1.7888498306274414 - critic/advantages/min:-1.7888498306274414 - critic/returns/mean:-0.07780133932828903 - critic/returns/max:1.7888498306274414 - critic/returns/min:-1.7888498306274414 - response_length/mean:854.3370971679688 - response_length/max:2048.0 - response_length/min:121.0 - response_length/clip_ratio:0.16523437201976776 - response_length_non_aborted/mean:854.3370971679688 - response_length_non_aborted/max:2048.0 - response_length_non_aborted/min:121.0 - response_length_non_aborted/clip_ratio:0.16523437201976776 - response/aborted_ratio:0.0 - prompt_length/mean:282.416015625 - prompt_length/max:669.0 - prompt_length/min:190.0 - prompt_length/clip_ratio:0.0 - num_turns/min:2 - num_turns/max:2 - num_turns/mean:2.0 - timing_s/start_profile:8.116802200675011e-05 - timing_s/agent_loop/generate_sequences/min:14.031059158965945 - timing_s/agent_loop/generate_sequences/max:82.52456160401925 - timing_s/agent_loop/generate_sequences/mean:46.199164095942976 - timing_s/agent_loop/tool_calls/min:0.0 - timing_s/agent_loop/tool_calls/max:0.0 - timing_s/agent_loop/tool_calls/mean:0.0 - timing_s/agent_loop/slowest/generate_sequences:82.52456160401925 - timing_s/agent_loop/slowest/tool_calls:0.0 - timing_s/agent_loop/slowest/prompt_length:247 - timing_s/agent_loop/slowest/response_length:2048 - timing_s/gen:98.29960743687116 - timing_s/reward:0.00011817808263003826 - timing_s/old_log_prob:103.6994746690616 - timing_s/ref:100.8242072169669 - timing_s/adv:0.038339244201779366 - timing_s/update_actor:329.4102716969792 - timing_s/step:632.5732275000773 - timing_s/stop_profile:3.2139942049980164e-05 - timing_per_token_ms/update_actor:0.1131959829726727 - timing_per_token_ms/adv:1.3174599600348638e-05 - timing_per_token_ms/ref:0.03464644616141055 - timing_per_token_ms/gen:0.044945120296973284 - perf/total_num_tokens:2910088 - perf/time_per_step:632.5732275000773 - perf/throughput:575.0496293331597
[36m(TaskRunner pid=169079)[0mnode2actor/entropy:0.3057520091533661 - perf/mfu/actor_infer:0 - actor/kl_loss:0.010890148846913925 - actor/kl_coef:0.009999999999999998 - actor/pg_clipfrac:0.0009996516641825855 - actor/ppo_kl:2.708437182423551e-05 - actor/pg_clipfrac_lower:0.0 - actor/pg_loss:0.06542845156594451 - actor/grad_norm:0.10939425982311825 - perf/mfu/actor:0.0 - perf/max_memory_allocated_gb:87.34106636047363 - perf/max_memory_reserved_gb:90.181640625 - perf/cpu_memory_used_gb:494.7500762939453 - actor/lr:1e-06 - training/global_step:29 - training/epoch:7 - critic/score/mean:0.5027343034744263 - critic/score/max:0.8999999761581421 - critic/score/min:0.0 - critic/rewards/mean:0.5027343034744263 - critic/rewards/max:0.8999999761581421 - critic/rewards/min:0.0 - critic/advantages/mean:-0.0664745345711708 - critic/advantages/max:1.7888498306274414 - critic/advantages/min:-1.7888498306274414 - critic/returns/mean:-0.0664745345711708 - critic/returns/max:1.7888498306274414 - critic/returns/min:-1.7888498306274414 - response_length/mean:854.6890869140625 - response_length/max:2048.0 - response_length/min:51.0 - response_length/clip_ratio:0.16484375298023224 - response_length_non_aborted/mean:854.6890869140625 - response_length_non_aborted/max:2048.0 - response_length_non_aborted/min:51.0 - response_length_non_aborted/clip_ratio:0.16484375298023224 - response/aborted_ratio:0.0 - prompt_length/mean:279.685546875 - prompt_length/max:842.0 - prompt_length/min:189.0 - prompt_length/clip_ratio:0.0 - num_turns/min:2 - num_turns/max:2 - num_turns/mean:2.0 - timing_s/start_profile:0.00034880288876593113 - timing_s/agent_loop/generate_sequences/min:10.071056077023968 - timing_s/agent_loop/generate_sequences/max:83.21870669350028 - timing_s/agent_loop/generate_sequences/mean:45.46725142792256 - timing_s/agent_loop/tool_calls/min:0.0 - timing_s/agent_loop/tool_calls/max:0.0 - timing_s/agent_loop/tool_calls/mean:0.0 - timing_s/agent_loop/slowest/generate_sequences:83.21870669350028 - timing_s/agent_loop/slowest/tool_calls:0.0 - timing_s/agent_loop/slowest/prompt_length:274 - timing_s/agent_loop/slowest/response_length:2048 - timing_s/gen:100.62359596998431 - timing_s/reward:0.00011907797306776047 - timing_s/old_log_prob:102.55828405311331 - timing_s/ref:99.16093189804815 - timing_s/adv:0.06329912901856005 - timing_s/update_actor:335.12812956701964 - timing_s/step:637.8390228988137 - timing_s/stop_profile:3.2798852771520615e-05 - timing_per_token_ms/update_actor:0.11540228821257158 - timing_per_token_ms/adv:2.179722824235134e-05 - timing_per_token_ms/ref:0.034146338169554515 - timing_per_token_ms/gen:0.045988762346862395 - perf/total_num_tokens:2903999 - perf/time_per_step:637.8390228988137 - perf/throughput:569.1089161498136[36m(TaskRunner pid=169079)[0m node2
Training Progress:  48%|████▊     | 29/60 [5:56:17<5:41:47, 661.54s/it]
[36m(TaskRunner pid=169079)[0m 
Training Progress:  50%|█████     | 30/60 [6:08:17<5:39:34, 679.15s/it]
[36m(TaskRunner pid=169079)[0m 
Training Progress:  52%|█████▏    | 31/60 [6:19:23<5:26:17, 675.09s/it]

[36m(TaskRunner pid=169079)[0m test_gen_batch meta info: {'eos_token_id': 151645, 'pad_token_id': 151643, 'recompute_log_prob': False, 'do_sample': False, 'validate': True, 'global_steps': 30}
[36m(TaskRunner pid=169079)[0m validation generation end
[36m(TaskRunner pid=169079)[0m step:30 - actor/entropy:0.3189643323421478 - perf/mfu/actor_infer:0 - actor/kl_loss:0.010897173544975346 - actor/kl_coef:0.009999999999999998 - actor/pg_clipfrac:0.0009686473032151308 - actor/ppo_kl:-1.3378387989065571e-05 - actor/pg_clipfrac_lower:0.0 - actor/pg_loss:0.06231166842645597 - actor/grad_norm:0.11377835686337828 - perf/mfu/actor:0.0 - perf/max_memory_allocated_gb:87.56266593933105 - perf/max_memory_reserved_gb:90.623046875 - perf/cpu_memory_used_gb:495.4154510498047 - actor/lr:1e-06 - val-aux/hiyouga/geometry3k/reward/mean@1:0.5106489049416414 - val-core/hiyouga/geometry3k/acc/mean@1:0.5106489184692179 - val-aux/num_turns/min:2 - val-aux/num_turns/max:2 - val-aux/num_turns/mean:2.0 - training/global_step:30 - training/epoch:7 - critic/score/mean:0.5069531202316284 - critic/score/max:0.8999999761581421 - critic/score/min:0.0 - critic/rewards/mean:0.5069531202316284 - critic/rewards/max:0.8999999761581421 - critic/rewards/min:0.0 - critic/advantages/mean:-0.06259053200483322 - critic/advantages/max:1.7888498306274414 - critic/advantages/min:-1.7888498306274414 - critic/returns/mean:-0.06259053200483322 - critic/returns/max:1.7888498306274414 - critic/returns/min:-1.7888498306274414 - response_length/mean:883.8859252929688 - response_length/max:2048.0 - response_length/min:70.0 - response_length/clip_ratio:0.18242187798023224 - response_length_non_aborted/mean:883.8859252929688 - response_length_non_aborted/max:2048.0 - response_length_non_aborted/min:70.0 - response_length_non_aborted/clip_ratio:0.18242187798023224 - response/aborted_ratio:0.0 - prompt_length/mean:280.892578125 - prompt_length/max:842.0 - prompt_length/min:190.0 - prompt_length/clip_ratio:0.0 - num_turns/min:2 - num_turns/max:2 - num_turns/mean:2.0 - timing_s/start_profile:9.2698959633708e-05 - timing_s/agent_loop/generate_sequences/min:11.30477606318891 - timing_s/agent_loop/generate_sequences/max:85.81718010292388 - timing_s/agent_loop/generate_sequences/mean:47.04780406063446 - timing_s/agent_loop/tool_calls/min:0.0 - timing_s/agent_loop/tool_calls/max:0.0 - timing_s/agent_loop/tool_calls/mean:0.0 - timing_s/agent_loop/slowest/generate_sequences:85.81718010292388 - timing_s/agent_loop/slowest/tool_calls:0.0 - timing_s/agent_loop/slowest/prompt_length:435 - timing_s/agent_loop/slowest/response_length:2048 - timing_s/gen:101.30088025890291 - timing_s/reward:0.00013403687626123428 - timing_s/old_log_prob:104.29418986500241 - timing_s/ref:104.00323999510147 - timing_s/adv:0.03753908793441951 - timing_s/update_actor:357.5459165039938 - timing_s/step:667.7635037349537 - timing_s/testing:51.75402479595505 - timing_s/stop_profile:3.7809135392308235e-05 - timing_per_token_ms/update_actor:0.11990809562574221 - timing_per_token_ms/adv:1.2589265708180006e-05 - timing_per_token_ms/ref:0.034878962032783685 - timing_per_token_ms/gen:0.044768962455785134 - perf/total_num_tokens:2981833 - perf/time_per_step:667.7635037349537 - perf/throughput:558.1753463842227
[36m(TaskRunner pid=169079)[0m step:31 - actor/entropy:0.3003844916820526 - perf/mfu/actor_infer:0 - actor/kl_loss:0.011421512162554904 - actor/kl_coef:0.009999999999999998 - actor/pg_clipfrac:0.0010164496115616676 - actor/ppo_kl:-8.428424727322112e-06 - actor/pg_clipfrac_lower:9.146470663342941e-07 - actor/pg_loss:0.06831032724881356 - actor/grad_norm:0.1350098577334402 - perf/mfu/actor:0.0 - perf/max_memory_allocated_gb:87.67570304870605 - perf/max_memory_reserved_gb:90.703125 - perf/cpu_memory_used_gb:496.0609817504883 - actor/lr:1e-06 - training/global_step:31 - training/epoch:7 - critic/score/mean:0.5171483755111694 - critic/score/max:0.8999999761581421 - critic/score/min:0.0 - critic/rewards/mean:0.5171483755111694 - critic/rewards/max:0.8999999761581421 - critic/rewards/min:0.0 - critic/advantages/mean:-0.06884223222732544 - critic/advantages/max:1.7888498306274414 - critic/advantages/min:-1.7888498306274414 - critic/returns/mean:-0.06884223222732544 - critic/returns/max:1.7888498306274414 - critic/returns/min:-1.7888498306274414 - response_length/mean:842.3445434570312 - response_length/max:2048.0 - response_length/min:99.0 - response_length/clip_ratio:0.15703125298023224 - response_length_non_aborted/mean:842.3445434570312 - response_length_non_aborted/max:2048.0 - response_length_non_aborted/min:99.0 - response_length_non_aborted/clip_ratio:0.15703125298023224 - response/aborted_ratio:0.0 - prompt_length/mean:286.55078125 - prompt_length/max:842.0 - prompt_length/min:190.0 - prompt_length/clip_ratio:0.0 - num_turns/min:2 - num_turns/max:2 - num_turns/mean:2.0 - timing_s/start_profile:8.239783346652985e-05 - timing_s/agent_loop/generate_sequences/min:14.448397093918175 - timing_s/agent_loop/generate_sequences/max:82.69581885798834 - timing_s/agent_loop/generate_sequences/mean:45.63714933774982 - timing_s/agent_loop/tool_calls/min:0.0 - timing_s/agent_loop/tool_calls/max:0.0 - timing_s/agent_loop/tool_calls/mean:0.0 - timing_s/agent_loop/slowest/generate_sequences:82.69581885798834 - timing_s/agent_loop/slowest/tool_calls:0.0 - timing_s/agent_loop/slowest/prompt_length:232 - timing_s/agent_loop/slowest/response_length:2048 - timing_s/gen:98.45229299599305 - timing_s/reward:0.00011988799087703228 - timing_s/old_log_prob:107.66470174700953 - timing_s/ref:105.07639191602357 - timing_s/adv:0.08540432807058096 - timing_s/update_actor:353.3901928209234 - timing_s/step:664.9766822981182 - timing_s/stop_profile:3.17390076816082e-05 - timing_per_token_ms/update_actor:0.12228152827118166 - timing_per_token_ms/adv:2.9551956929195493e-05 - timing_per_token_ms/ref:0.03635896538652401 - timing_per_token_ms/gen:0.04565581602873353 - perf/total_num_tokens:2889972 - perf/time_per_step:664.9766822981182 - perf/throughput:543.2468680729593
[36m(TaskRunner pid=169079)[0m step:32 - actor/entropy:0.2955608069896698 - perf/mfu/actor_infer:0 - actor/kl_loss:0.011694756976794451 - actor/kl_coef:0.009999999999999998 - actor/pg_clipfrac:0.0008934970331376297 - actor/ppo_kl:3.2789884903133334e-05 - actor/pg_clipfrac_lower:0.0 - actor/pg_loss:0.05447673129277642 - actor/grad_norm:0.09839761760338994 - perf/mfu/actor:0.0 - perf/max_memory_allocated_gb:87.69563436508179 - perf/max_memory_reserved_gb:90.8671875 - perf/cpu_memory_used_gb:495.61945724487305 - actor/lr:1e-06 - training/global_step:32 - training/epoch:7 - critic/score/mean:0.5118749737739563 - critic/score/max:0.8999999761581421 - critic/score/min:0.0 - critic/rewards/mean:0.5118749737739563 - critic/rewards/max:0.8999999761581421 - critic/rewards/min:0.0 - critic/advantages/mean:-0.0545387826859951 - critic/advantages/max:1.7888498306274414 - critic/advantages/min:-1.7888498306274414 - critic/returns/mean:-0.0545387826859951 - critic/returns/max:1.7888498306274414 - critic/returns/min:-1.7888498306274414 - response_length/mean:849.4597778320312 - response_length/max:2048.0 - response_length/min:84.0 - response_length/clip_ratio:0.15312500298023224 - response_length_non_aborted/mean:849.4597778320312 - response_length_non_aborted/max:2048.0 - response_length_non_aborted/min:84.0 - response_length_non_aborted/clip_ratio:0.15312500298023224 - response/aborted_ratio:0.0 - prompt_length/mean:275.14453125 - prompt_length/max:663.0 - prompt_length/min:189.0 - prompt_length/clip_ratio:0.0 - num_turns/min:2 - num_turns/max:2 - num_turns/mean:2.0 - timing_s/start_profile:7.624877616763115e-05 - timing_s/agent_loop/generate_sequences/min:12.296634269878268 - timing_s/agent_loop/generate_sequences/max:84.41551043000072 - timing_s/agent_loop/generate_sequences/mean:45.59646405228468 - timing_s/agent_loop/tool_calls/min:0.0 - timing_s/agent_loop/tool_calls/max:0.0 - timing_s/agent_loop/tool_calls/mean:0.0 - timing_s/agent_loop/slowest/generate_sequences:84.41551043000072 - timing_s/agent_loop/slowest/tool_calls:0.0 - timing_s/agent_loop/slowest/prompt_length:241 - timing_s/agent_loop/slowest/response_length:2048 - timing_s/gen:99.36102767498232 - timing_s/reward:0.00012318696826696396 - timing_s/old_log_prob:104.10003701318055 - timing_s/ref:101.92807092890143 - timing_s/adv:0.15577649301849306 - timing_s/update_actor:349.72996901278384 - timing_s/step:655.5766463030595 - timing_s/stop_profile:3.2978830859065056e-05 - timing_per_token_ms/update_actor:0.12147674477612572 - timing_per_token_ms/adv:5.410809184567108e-05 - timing_per_token_ms/ref:0.03540414421075935 - timing_per_token_ms/gen:0.04569127698117982 - perf/total_num_tokens:2878987 - perf/time_per_step:655.5766463030595 - perf/throughput:548.9417248607083[36m(TaskRunner pid=169079)[0m 
Training Progress:  53%|█████▎    | 32/60 [6:30:19<5:12:23, 669.40s/it]
[36m(TaskRunner pid=169079)[0m 
Training Progress:  55%|█████▌    | 33/60 [6:41:19<5:00:01, 666.73s/it]
[36m(TaskRunner pid=169079)[0m 
Training Progress:  57%|█████▋    | 34/60 [6:52:23<4:48:30, 665.77s/it]

[36m(TaskRunner pid=169079)[0m step:33 - actor/entropy:0.2930809259414673 - perf/mfu/actor_infer:0 - actor/kl_loss:0.01204558808474277 - actor/kl_coef:0.009999999999999998 - actor/pg_clipfrac:0.0011279633288032874 - actor/ppo_kl:-4.112667613361705e-08 - actor/pg_clipfrac_lower:0.0 - actor/pg_loss:0.06740189312797323 - actor/grad_norm:0.114711711704653 - perf/mfu/actor:0.0 - perf/max_memory_allocated_gb:87.69563436508179 - perf/max_memory_reserved_gb:90.8671875 - perf/cpu_memory_used_gb:494.6780204772949 - actor/lr:1e-06 - training/global_step:33 - training/epoch:8 - critic/score/mean:0.5280469059944153 - critic/score/max:0.8999999761581421 - critic/score/min:0.0 - critic/rewards/mean:0.5280469059944153 - critic/rewards/max:0.8999999761581421 - critic/rewards/min:0.0 - critic/advantages/mean:-0.06765463203191757 - critic/advantages/max:1.7888498306274414 - critic/advantages/min:-1.7888498306274414 - critic/returns/mean:-0.06765463203191757 - critic/returns/max:1.7888498306274414 - critic/returns/min:-1.7888498306274414 - response_length/mean:828.8406372070312 - response_length/max:2048.0 - response_length/min:64.0 - response_length/clip_ratio:0.14179687201976776 - response_length_non_aborted/mean:828.8406372070312 - response_length_non_aborted/max:2048.0 - response_length_non_aborted/min:64.0 - response_length_non_aborted/clip_ratio:0.14179687201976776 - response/aborted_ratio:0.0 - prompt_length/mean:279.611328125 - prompt_length/max:842.0 - prompt_length/min:190.0 - prompt_length/clip_ratio:0.0 - num_turns/min:2 - num_turns/max:2 - num_turns/mean:2.0 - timing_s/start_profile:0.00024747499264776707 - timing_s/agent_loop/generate_sequences/min:10.510195195674896 - timing_s/agent_loop/generate_sequences/max:82.21698113111779 - timing_s/agent_loop/generate_sequences/mean:44.231037419903984 - timing_s/agent_loop/tool_calls/min:0.0 - timing_s/agent_loop/tool_calls/max:0.0 - timing_s/agent_loop/tool_calls/mean:0.0 - timing_s/agent_loop/slowest/generate_sequences:82.21698113111779 - timing_s/agent_loop/slowest/tool_calls:0.0 - timing_s/agent_loop/slowest/prompt_length:228 - timing_s/agent_loop/slowest/response_length:2048 - timing_s/gen:99.47075445321389 - timing_s/reward:0.00014841696247458458 - timing_s/old_log_prob:103.6242026090622 - timing_s/ref:99.29100149613805 - timing_s/adv:0.046914598904550076 - timing_s/update_actor:345.56447866000235 - timing_s/step:648.3103481889702 - timing_s/stop_profile:2.9859133064746857e-05 - timing_per_token_ms/update_actor:0.12177895857010687 - timing_per_token_ms/adv:1.6532981105247104e-05 - timing_per_token_ms/ref:0.034990734014300647 - timing_per_token_ms/gen:0.04687965609587087 - perf/total_num_tokens:2837637 - perf/time_per_step:648.3103481889702 - perf/throughput:547.1216462776717
[36m(TaskRunner pid=169079)[0m step:34 - actor/entropy:0.3038783669471741 - perf/mfu/actor_infer:0 - actor/kl_loss:0.012349452886782172 - actor/kl_coef:0.009999999999999998 - actor/pg_clipfrac:0.0010284086249965994 - actor/ppo_kl:3.144643663751544e-05 - actor/pg_clipfrac_lower:0.0 - actor/pg_loss:0.06908709126356471 - actor/grad_norm:0.11415958188898778 - perf/mfu/actor:0.0 - perf/max_memory_allocated_gb:87.92959880828857 - perf/max_memory_reserved_gb:90.88671875 - perf/cpu_memory_used_gb:495.77008056640625 - actor/lr:1e-06 - training/global_step:34 - training/epoch:8 - critic/score/mean:0.5101171731948853 - critic/score/max:0.8999999761581421 - critic/score/min:0.0 - critic/rewards/mean:0.5101171731948853 - critic/rewards/max:0.8999999761581421 - critic/rewards/min:0.0 - critic/advantages/mean:-0.06936734169721603 - critic/advantages/max:1.7888498306274414 - critic/advantages/min:-1.7888498306274414 - critic/returns/mean:-0.06936734169721603 - critic/returns/max:1.7888498306274414 - critic/returns/min:-1.7888498306274414 - response_length/mean:873.4495849609375 - response_length/max:2048.0 - response_length/min:62.0 - response_length/clip_ratio:0.166015625 - response_length_non_aborted/mean:873.4495849609375 - response_length_non_aborted/max:2048.0 - response_length_non_aborted/min:62.0 - response_length_non_aborted/clip_ratio:0.166015625 - response/aborted_ratio:0.0 - prompt_length/mean:275.400390625 - prompt_length/max:597.0 - prompt_length/min:189.0 - prompt_length/clip_ratio:0.0 - num_turns/min:2 - num_turns/max:2 - num_turns/mean:2.0 - timing_s/start_profile:3.901892341673374e-05 - timing_s/agent_loop/generate_sequences/min:9.87666525109671 - timing_s/agent_loop/generate_sequences/max:84.5447417309042 - timing_s/agent_loop/generate_sequences/mean:46.683766414558704 - timing_s/agent_loop/tool_calls/min:0.0 - timing_s/agent_loop/tool_calls/max:0.0 - timing_s/agent_loop/tool_calls/mean:0.0 - timing_s/agent_loop/slowest/generate_sequences:84.5447417309042 - timing_s/agent_loop/slowest/tool_calls:0.0 - timing_s/agent_loop/slowest/prompt_length:238 - timing_s/agent_loop/slowest/response_length:2048 - timing_s/gen:100.11480527790263 - timing_s/reward:0.00011762813664972782 - timing_s/old_log_prob:105.86040222994052 - timing_s/ref:101.29239796590991 - timing_s/adv:0.09577871998772025 - timing_s/update_actor:355.57344787195325 - timing_s/step:663.252086797962 - timing_s/stop_profile:2.9938993975520134e-05 - timing_per_token_ms/update_actor:0.12089992433736496 - timing_per_token_ms/adv:3.256609870322777e-05 - timing_per_token_ms/ref:0.03444082600464252 - timing_per_token_ms/gen:0.04477344244239129 - perf/total_num_tokens:2941056 - perf/time_per_step:663.252086797962 - perf/throughput:554.2869857746667
[36m(TaskRunner pid=169079)[0m test_gen_batch meta info: {'eos_token_id': 151645, 'pad_token_id': 151643, 'recompute_log_prob': False, 'do_sample': False, 'validate': True, 'global_steps': 35}
[36m(TaskRunner pid=169079)[0m validation generation end
[36m(TaskRunner pid=169079)[0m step:35 - actor/entropy:0.30532747507095337 - perf/mfu/actor_infer:0 - actor/kl_loss:0.011880051314590438 - actor/kl_coef:0.009999999999999998 - actor/pg_clipfrac:0.0010278243855908087 - actor/ppo_kl:3.5146299697033255e-05 - actor/pg_clipfrac_lower:4.1839252013252467e-07 - actor/pg_loss:0.050293578822303425 - actor/grad_norm:0.10270697610689755 - perf/mfu/actor:0.0 - perf/max_memory_allocated_gb:88.04187297821045 - perf/max_memory_reserved_gb:91.03515625 - perf/cpu_memory_used_gb:495.2470817565918 - actor/lr:1e-06 - val-aux/hiyouga/geometry3k/reward/mean@1:0.5001663761011971 - val-core/hiyouga/geometry3k/acc/mean@1:0.5001663893510816 - val-aux/num_turns/min:2 - val-aux/num_turns/max:2 - val-aux/num_turns/mean:2.0 - training/global_step:35 - training/epoch:8 - critic/score/mean:0.5037890672683716 - critic/score/max:0.8999999761581421 - critic/score/min:0.0 - critic/rewards/mean:0.5037890672683716 - critic/rewards/max:0.8999999761581421 - critic/rewards/min:0.0 - critic/advantages/mean:-0.05101639777421951 - critic/advantages/max:1.7888498306274414 - critic/advantages/min:-1.7888498306274414 - critic/returns/mean:-0.05101639777421951 - critic/returns/max:1.7888498306274414 - critic/returns/min:-1.7888498306274414 - response_length/mean:904.4617309570312 - response_length/max:2048.0 - response_length/min:61.0 - response_length/clip_ratio:0.17851562798023224 - response_length_non_aborted/mean:904.4617309570312 - response_length_non_aborted/max:2048.0 - response_length_non_aborted/min:61.0 - response_length_non_aborted/clip_ratio:0.17851562798023224 - response/aborted_ratio:0.0 - prompt_length/mean:280.068359375 - prompt_length/max:600.0 - prompt_length/min:190.0 - prompt_length/clip_ratio:0.0 - num_turns/min:2 - num_turns/max:2 - num_turns/mean:2.0 - timing_s/start_profile:3.4828903153538704e-05 - timing_s/agent_loop/generate_sequences/min:10.839829782024026 - timing_s/agent_loop/generate_sequences/max:88.35578809911385 - timing_s/agent_loop/generate_sequences/mean:48.3205312687036 - timing_s/agent_loop/tool_calls/min:0.0 - timing_s/agent_loop/tool_calls/max:0.0 - timing_s/agent_loop/tool_calls/mean:0.0 - timing_s/agent_loop/slowest/generate_sequences:88.35578809911385 - timing_s/agent_loop/slowest/tool_calls:0.0 - timing_s/agent_loop/slowest/prompt_length:204 - timing_s/agent_loop/slowest/response_length:2048 - timing_s/gen:103.99129777401686 - timing_s/reward:0.00013534794561564922 - timing_s/old_log_prob:108.81714184093289 - timing_s/ref:105.71190420095809 - timing_s/adv:0.05295427399687469 - timing_s/update_actor:367.1055312580429 - timing_s/step:685.9893146599643 - timing_s/testing:51.778787384042516 - timing_s/stop_profile:3.710901364684105e-05 - timing_per_token_ms/update_actor:0.12106117083549513 - timing_per_token_ms/adv:1.7462843419537312e-05 - timing_per_token_ms/ref:0.03486083919782208 - timing_per_token_ms/gen:0.0449124599204883 - perf/total_num_tokens:3032397 - perf/time_per_step:685.9893146599643 - perf/throughput:552.5590805855188[36m(TaskRunner pid=169079)[0m 
Training Progress:  58%|█████▊    | 35/60 [7:04:41<4:46:26, 687.45s/it]
[36m(TaskRunner pid=169079)[0m 
Training Progress:  60%|██████    | 36/60 [7:16:00<4:34:01, 685.08s/it]
[36m(TaskRunner pid=169079)[0m 
Training Progress:  62%|██████▏   | 37/60 [7:26:53<4:18:54, 675.43s/it]

[36m(TaskRunner pid=169079)[0m step:36 - actor/entropy:0.29700109362602234 - perf/mfu/actor_infer:0 - actor/kl_loss:0.012258106361279327 - actor/kl_coef:0.009999999999999998 - actor/pg_clipfrac:0.000960527168582926 - actor/ppo_kl:-1.801170837930595e-05 - actor/pg_clipfrac_lower:0.0 - actor/pg_loss:0.06360169137540937 - actor/grad_norm:0.10394381354874135 - perf/mfu/actor:0.0 - perf/max_memory_allocated_gb:88.21095085144043 - perf/max_memory_reserved_gb:91.453125 - perf/cpu_memory_used_gb:495.98891830444336 - actor/lr:1e-06 - training/global_step:36 - training/epoch:8 - critic/score/mean:0.5153905749320984 - critic/score/max:0.8999999761581421 - critic/score/min:0.0 - critic/rewards/mean:0.5153905749320984 - critic/rewards/max:0.8999999761581421 - critic/rewards/min:0.0 - critic/advantages/mean:-0.06461841613054276 - critic/advantages/max:1.7888498306274414 - critic/advantages/min:-1.7888498306274414 - critic/returns/mean:-0.06461841613054276 - critic/returns/max:1.7888498306274414 - critic/returns/min:-1.7888498306274414 - response_length/mean:851.533203125 - response_length/max:2048.0 - response_length/min:99.0 - response_length/clip_ratio:0.16835936903953552 - response_length_non_aborted/mean:851.533203125 - response_length_non_aborted/max:2048.0 - response_length_non_aborted/min:99.0 - response_length_non_aborted/clip_ratio:0.16835936903953552 - response/aborted_ratio:0.0 - prompt_length/mean:286.384765625 - prompt_length/max:842.0 - prompt_length/min:189.0 - prompt_length/clip_ratio:0.0 - num_turns/min:2 - num_turns/max:2 - num_turns/mean:2.0 - timing_s/start_profile:8.407793939113617e-05 - timing_s/agent_loop/generate_sequences/min:14.316552200121805 - timing_s/agent_loop/generate_sequences/max:85.59107838757336 - timing_s/agent_loop/generate_sequences/mean:45.75980613320653 - timing_s/agent_loop/tool_calls/min:0.0 - timing_s/agent_loop/tool_calls/max:0.0 - timing_s/agent_loop/tool_calls/mean:0.0 - timing_s/agent_loop/slowest/generate_sequences:85.59107838757336 - timing_s/agent_loop/slowest/tool_calls:0.0 - timing_s/agent_loop/slowest/prompt_length:246 - timing_s/agent_loop/slowest/response_length:2048 - timing_s/gen:102.13796158786863 - timing_s/reward:0.00012615695595741272 - timing_s/old_log_prob:110.69205717090517 - timing_s/ref:103.55607528798282 - timing_s/adv:0.05744295194745064 - timing_s/update_actor:361.61983461887576 - timing_s/step:678.3670265998226 - timing_s/stop_profile:3.095902502536774e-05 - timing_per_token_ms/update_actor:0.1241370219798617 - timing_per_token_ms/adv:1.9719042778735366e-05 - timing_per_token_ms/ref:0.035548776818951425 - timing_per_token_ms/gen:0.04685388790342265 - perf/total_num_tokens:2913070 - perf/time_per_step:678.3670265998226 - perf/throughput:536.7798488454646
[36m(TaskRunner pid=169079)[0m step:37 - actor/entropy:0.29705244302749634 - perf/mfu/actor_infer:0 - actor/kl_loss:0.01280375071020657 - actor/kl_coef:0.009999999999999998 - actor/pg_clipfrac:0.0010569845492372186 - actor/ppo_kl:2.1805464815096158e-05 - actor/pg_clipfrac_lower:0.0 - actor/pg_loss:0.05334833006588527 - actor/grad_norm:0.13476228698281145 - perf/mfu/actor:0.0 - perf/max_memory_allocated_gb:88.3414044380188 - perf/max_memory_reserved_gb:92.546875 - perf/cpu_memory_used_gb:495.5544090270996 - actor/lr:1e-06 - training/global_step:37 - training/epoch:9 - critic/score/mean:0.5456250309944153 - critic/score/max:0.8999999761581421 - critic/score/min:0.0 - critic/rewards/mean:0.5456250309944153 - critic/rewards/max:0.8999999761581421 - critic/rewards/min:0.0 - critic/advantages/mean:-0.05385226383805275 - critic/advantages/max:1.7888498306274414 - critic/advantages/min:-1.7888498306274414 - critic/returns/mean:-0.05385226383805275 - critic/returns/max:1.7888498306274414 - critic/returns/min:-1.7888498306274414 - response_length/mean:827.3433837890625 - response_length/max:2048.0 - response_length/min:48.0 - response_length/clip_ratio:0.15390625596046448 - response_length_non_aborted/mean:827.3433837890625 - response_length_non_aborted/max:2048.0 - response_length_non_aborted/min:48.0 - response_length_non_aborted/clip_ratio:0.15390625596046448 - response/aborted_ratio:0.0 - prompt_length/mean:275.357421875 - prompt_length/max:842.0 - prompt_length/min:190.0 - prompt_length/clip_ratio:0.0 - num_turns/min:2 - num_turns/max:2 - num_turns/mean:2.0 - timing_s/start_profile:0.00024006515741348267 - timing_s/agent_loop/generate_sequences/min:8.33570795506239 - timing_s/agent_loop/generate_sequences/max:83.48064485378563 - timing_s/agent_loop/generate_sequences/mean:43.368577593238754 - timing_s/agent_loop/tool_calls/min:0.0 - timing_s/agent_loop/tool_calls/max:0.0 - timing_s/agent_loop/tool_calls/mean:0.0 - timing_s/agent_loop/slowest/generate_sequences:83.48064485378563 - timing_s/agent_loop/slowest/tool_calls:0.0 - timing_s/agent_loop/slowest/prompt_length:365 - timing_s/agent_loop/slowest/response_length:2048 - timing_s/gen:101.61563331098296 - timing_s/reward:0.00015541794709861279 - timing_s/old_log_prob:100.97358643100597 - timing_s/ref:97.38510686880909 - timing_s/adv:0.03824644489213824 - timing_s/update_actor:340.8568957778625 - timing_s/step:641.6126304899808 - timing_s/stop_profile:2.7270056307315826e-05 - timing_per_token_ms/update_actor:0.12074646828697669 - timing_per_token_ms/adv:1.3548568922800426e-05 - timing_per_token_ms/ref:0.03449807782624943 - timing_per_token_ms/gen:0.047977186632752404 - perf/total_num_tokens:2822914 - perf/time_per_step:641.6126304899808 - perf/throughput:549.9646254322142
[36m(TaskRunner pid=169079)[0m step:38 - actor/entropy:0.30003663897514343 - perf/mfu/actor_infer:0 - actor/kl_loss:0.012841249280995098 - actor/kl_coef:0.009999999999999998 - actor/pg_clipfrac:0.0011171189270905882 - actor/ppo_kl:2.070414460673389e-05 - actor/pg_clipfrac_lower:4.998970396034625e-07 - actor/pg_loss:0.06126352424478642 - actor/grad_norm:0.14099308284703296 - perf/mfu/actor:0.0 - perf/max_memory_allocated_gb:88.3414044380188 - perf/max_memory_reserved_gb:92.546875 - perf/cpu_memory_used_gb:495.04631423950195 - actor/lr:1e-06 - training/global_step:38 - training/epoch:9 - critic/score/mean:0.5009765625 - critic/score/max:0.8999999761581421 - critic/score/min:0.0 - critic/rewards/mean:0.5009765625 - critic/rewards/max:0.8999999761581421 - critic/rewards/min:0.0 - critic/advantages/mean:-0.061653900891542435 - critic/advantages/max:1.7888498306274414 - critic/advantages/min:-1.7888498306274414 - critic/returns/mean:-0.061653900891542435 - critic/returns/max:1.7888498306274414 - critic/returns/min:-1.7888498306274414 - response_length/mean:867.4210815429688 - response_length/max:2048.0 - response_length/min:74.0 - response_length/clip_ratio:0.15664061903953552 - response_length_non_aborted/mean:867.4210815429688 - response_length_non_aborted/max:2048.0 - response_length_non_aborted/min:74.0 - response_length_non_aborted/clip_ratio:0.15664061903953552 - response/aborted_ratio:0.0 - prompt_length/mean:284.615234375 - prompt_length/max:842.0 - prompt_length/min:190.0 - prompt_length/clip_ratio:0.0 - num_turns/min:2 - num_turns/max:2 - num_turns/mean:2.0 - timing_s/start_profile:7.284805178642273e-05 - timing_s/agent_loop/generate_sequences/min:13.147046128287911 - timing_s/agent_loop/generate_sequences/max:84.0114391290117 - timing_s/agent_loop/generate_sequences/mean:47.0544647003725 - timing_s/agent_loop/tool_calls/min:0.0 - timing_s/agent_loop/tool_calls/max:0.0 - timing_s/agent_loop/tool_calls/mean:0.0 - timing_s/agent_loop/slowest/generate_sequences:84.0114391290117 - timing_s/agent_loop/slowest/tool_calls:0.0 - timing_s/agent_loop/slowest/prompt_length:216 - timing_s/agent_loop/slowest/response_length:2048 - timing_s/gen:99.50833361805417 - timing_s/reward:0.00010549812577664852 - timing_s/old_log_prob:106.7544580900576 - timing_s/ref:104.52174566895701 - timing_s/adv:0.03791956999339163 - timing_s/update_actor:355.31134255300276 - timing_s/step:666.4429470810574 - timing_s/stop_profile:2.8938986361026764e-05 - timing_per_token_ms/update_actor:0.12047666362280471 - timing_per_token_ms/adv:1.2857521648450497e-05 - timing_per_token_ms/ref:0.03544055504602652 - timing_per_token_ms/gen:0.04481150285556151 - perf/total_num_tokens:2949213 - perf/time_per_step:666.4429470810574 - perf/throughput:553.1630676183929[36m(TaskRunner pid=169079)[0m 
Training Progress:  63%|██████▎   | 38/60 [7:38:01<4:06:48, 673.13s/it]
[36m(TaskRunner pid=169079)[0m 
Training Progress:  65%|██████▌   | 39/60 [7:49:08<3:54:58, 671.38s/it]
[36m(WorkerDict pid=113552, ip=node2)[0m WARNING:2026-01-07 12:50:38,251:Rank 2 common state dict differs from rank 0 common state dict. Keys only on rank 0: [], Keys only on 2: [('optimizer', 'param_state', 97), ('optimizer', 'param_state', 98), ('optimizer', 'param_state', 99), ('optimizer', 'param_state', 100), ('optimizer', 'param_state', 101), ('optimizer', 'param_state', 102), ('optimizer', 'param_state', 103), ('optimizer', 'param_state', 104), ('optimizer', 'param_state', 105), ('optimizer', 'param_state', 106), ('optimizer', 'param_state', 107), ('optimizer', 'param_state', 108), ('optimizer', 'param_state', 109), ('optimizer', 'param_state', 110), ('optimizer', 'param_state', 111), ('optimizer', 'param_state', 112), ('optimizer', 'param_state', 113), ('optimizer', 'param_state', 114), ('optimizer', 'param_state', 115), ('optimizer', 'param_state', 116), ('optimizer', 'param_state', 117), ('optimizer', 'param_state', 118), ('optimizer', 'param_state', 119), ('optimizer', 'param_state', 120), ('optimizer', 'param_state', 121), ('optimizer', 'param_state', 122), ('optimizer', 'param_state', 123), ('optimizer', 'param_state', 124), ('optimizer', 'param_state', 125), ('optimizer', 'param_state', 126), ('optimizer', 'param_state', 127), ('optimizer', 'param_state', 128), ('optimizer', 'param_state', 129), ('optimizer', 'param_state', 130), ('optimizer', 'param_state', 131), ('optimizer', 'param_state', 132), ('optimizer', 'param_state', 133), ('optimizer', 'param_state', 134), ('optimizer', 'param_state', 135), ('optimizer', 'param_state', 136), ('optimizer', 'param_state', 137), ('optimizer', 'param_state', 138), ('optimizer', 'param_state', 139), ('optimizer', 'param_state', 140), ('optimizer', 'param_state', 141), ('optimizer', 'param_state', 142), ('optimizer', 'param_state', 143), ('optimizer', 'param_state', 144), ('optimizer', 'param_state', 145), ('optimizer', 'param_state', 146), ('optimizer', 'param_state', 147), ('optimizer', 'param_state', 148), ('optimizer', 'param_state', 149), ('optimizer', 'param_state', 150), ('optimizer', 'param_state', 151), ('optimizer', 'param_state', 152), ('optimizer', 'param_state', 153), ('optimizer', 'param_state', 154), ('optimizer', 'param_state', 155), ('optimizer', 'param_state', 156), ('optimizer', 'param_state', 157), ('optimizer', 'param_state', 158), ('optimizer', 'param_state', 159), ('optimizer', 'param_state', 160), ('optimizer', 'param_state', 161), ('optimizer', 'param_state', 162), ('optimizer', 'param_state', 163), ('optimizer', 'param_state', 164), ('optimizer', 'param_state', 165), ('optimizer', 'param_state', 166), ('optimizer', 'param_state', 167), ('optimizer', 'param_state', 168), ('optimizer', 'param_state', 169), ('optimizer', 'param_state', 170), ('optimizer', 'param_state', 171), ('optimizer', 'param_state', 172), ('optimizer', 'param_state', 173), ('optimizer', 'param_state', 174), ('optimizer', 'param_state', 175), ('optimizer', 'param_state', 176), ('optimizer', 'param_state', 177), ('optimizer', 'param_state', 178), ('optimizer', 'param_state', 179), ('optimizer', 'param_state', 180), ('optimizer', 'param_state', 181), ('optimizer', 'param_state', 182), ('optimizer', 'param_state', 183), ('optimizer', 'param_state', 184), ('optimizer', 'param_state', 185), ('optimizer', 'param_state', 186), ('optimizer', 'param_state', 187), ('optimizer', 'param_state', 188), ('optimizer', 'param_state', 189), ('optimizer', 'param_state', 190), ('optimizer', 'param_state', 191), ('optimizer', 'param_state', 192), ('optimizer', 'param_state', 193), ('optimizer', 'param_state', 194), ('optimizer', 'param_state', 195), ('optimizer', 'param_state', 196), ('optimizer', 'param_state', 197), ('optimizer', 'param_state', 198), ('optimizer', 'param_state', 199), ('optimizer', 'param_state', 200), ('optimizer', 'param_state', 201), ('optimizer', 'param_state', 202), ('optimizer', 'param_state', 203), ('optimizer', 'param_state', 204), ('optimizer', 'param_state', 205), ('optimizer', 'param_state', 206), ('optimizer', 'param_state', 207), ('optimizer', 'param_state', 208), ('optimizer', 'param_state', 209), ('optimizer', 'param_state', 210), ('optimizer', 'param_state', 211), ('optimizer', 'param_state', 212), ('optimizer', 'param_state', 213), ('optimizer', 'param_state', 214), ('optimizer', 'param_state', 215), ('optimizer', 'param_state', 216), ('optimizer', 'param_state', 217), ('optimizer', 'param_state', 218), ('optimizer', 'param_state', 219), ('optimizer', 'param_state', 220), ('optimizer', 'param_state', 221), ('optimizer', 'param_state', 222), ('optimizer', 'param_state', 223), ('optimizer', 'param_state', 224), ('optimizer', 'param_state', 225), ('optimizer', 'param_state', 226), ('optimizer', 'param_state', 227), ('optimizer', 'param_state', 228), ('optimizer', 'param_state', 229), ('optimizer', 'param_state', 230), ('optimizer', 'param_state', 231), ('optimizer', 'param_state', 232), ('optimizer', 'param_state', 233), ('optimizer', 'param_state', 234), ('optimizer', 'param_state', 235), ('optimizer', 'param_state', 236), ('optimizer', 'param_state', 237), ('optimizer', 'param_state', 238), ('optimizer', 'param_state', 239), ('optimizer', 'param_state', 240), ('optimizer', 'param_state', 241), ('optimizer', 'param_state', 242), ('optimizer', 'param_state', 243), ('optimizer', 'param_state', 244), ('optimizer', 'param_state', 245), ('optimizer', 'param_state', 246), ('optimizer', 'param_state', 247), ('optimizer', 'param_state', 248), ('optimizer', 'param_state', 249), ('optimizer', 'param_state', 250), ('optimizer', 'param_state', 251), ('optimizer', 'param_state', 252), ('optimizer', 'param_state', 253), ('optimizer', 'param_state', 254), ('optimizer', 'param_state', 255), ('optimizer', 'param_state', 256), ('optimizer', 'param_state', 257), ('optimizer', 'param_state', 258), ('optimizer', 'param_state', 259), ('optimizer', 'param_state', 260), ('optimizer', 'param_state', 261), ('optimizer', 'param_state', 262), ('optimizer', 'param_state', 263), ('optimizer', 'param_state', 264), ('optimizer', 'param_state', 265), ('optimizer', 'param_state', 266), ('optimizer', 'param_state', 267), ('optimizer', 'param_state', 268), ('optimizer', 'param_state', 269), ('optimizer', 'param_state', 270), ('optimizer', 'param_state', 271), ('optimizer', 'param_state', 272), ('optimizer', 'param_state', 273), ('optimizer', 'param_state', 274), ('optimizer', 'param_state', 275), ('optimizer', 'param_state', 276), ('optimizer', 'param_state', 277), ('optimizer', 'param_state', 278), ('optimizer', 'param_state', 279), ('optimizer', 'param_state', 280), ('optimizer', 'param_state', 281), ('optimizer', 'param_state', 282), ('optimizer', 'param_state', 283), ('optimizer', 'param_state', 284), ('optimizer', 'param_state', 285), ('optimizer', 'param_state', 286), ('optimizer', 'param_state', 287), ('optimizer', 'param_state', 288), ('optimizer', 'param_state', 289), ('optimizer', 'param_state', 290), ('optimizer', 'param_state', 291), ('optimizer', 'param_state', 292), ('optimizer', 'param_state', 293), ('optimizer', 'param_state', 294), ('optimizer', 'param_state', 295), ('optimizer', 'param_state', 296), ('optimizer', 'param_state', 297), ('optimizer', 'param_state', 298), ('optimizer', 'param_state', 299), ('optimizer', 'param_state', 300), ('optimizer', 'param_state', 301), ('optimizer', 'param_state', 302), ('optimizer', 'param_state', 303), ('optimizer', 'param_state', 304), ('optimizer', 'param_state', 305), ('optimizer', 'param_state', 306), ('optimizer', 'param_state', 307), ('optimizer', 'param_state', 308), ('optimizer', 'param_state', 309), ('optimizer', 'param_state', 310), ('optimizer', 'param_state', 311), ('optimizer', 'param_state', 312), ('optimizer', 'param_state', 313), ('optimizer', 'param_state', 314), ('optimizer', 'param_state', 315), ('optimizer', 'param_state', 316), ('optimizer', 'param_state', 317), ('optimizer', 'param_state', 318), ('optimizer', 'param_state', 319), ('optimizer', 'param_state', 320), ('optimizer', 'param_state', 321), ('optimizer', 'param_state', 322), ('optimizer', 'param_state', 323), ('optimizer', 'param_state', 324), ('optimizer', 'param_state', 325), ('optimizer', 'param_state', 326), ('optimizer', 'param_state', 327), ('optimizer', 'param_state', 328), ('optimizer', 'param_state', 329), ('optimizer', 'param_state', 330), ('optimizer', 'param_state', 331), ('optimizer', 'param_state', 332), ('optimizer', 'param_state', 333), ('optimizer', 'param_state', 334), ('optimizer', 'param_state', 335), ('optimizer', 'param_state', 336), ('optimizer', 'param_state', 337), ('optimizer', 'param_state', 338), ('optimizer', 'param_state', 339), ('optimizer', 'param_state', 340), ('optimizer', 'param_state', 341), ('optimizer', 'param_state', 342), ('optimizer', 'param_state', 343), ('optimizer', 'param_state', 344), ('optimizer', 'param_state', 345), ('optimizer', 'param_state', 346), ('optimizer', 'param_state', 347), ('optimizer', 'param_state', 348), ('optimizer', 'param_state', 349), ('optimizer', 'param_state', 350), ('optimizer', 'param_state', 351), ('optimizer', 'param_state', 352), ('optimizer', 'param_state', 353), ('optimizer', 'param_state', 354), ('optimizer', 'param_state', 355), ('optimizer', 'param_state', 356), ('optimizer', 'param_state', 357), ('optimizer', 'param_state', 358), ('optimizer', 'param_state', 359), ('optimizer', 'param_state', 360), ('optimizer', 'param_state', 361), ('optimizer', 'param_state', 362), ('optimizer', 'param_state', 363), ('optimizer', 'param_state', 364), ('optimizer', 'param_state', 365), ('optimizer', 'param_state', 366), ('optimizer', 'param_state', 367), ('optimizer', 'param_state', 368), ('optimizer', 'param_state', 369), ('optimizer', 'param_state', 370), ('optimizer', 'param_state', 371), ('optimizer', 'param_state', 372), ('optimizer', 'param_state', 373), ('optimizer', 'param_state', 374), ('optimizer', 'param_state', 375), ('optimizer', 'param_state', 376), ('optimizer', 'param_state', 377), ('optimizer', 'param_state', 378), ('optimizer', 'param_state', 379), ('optimizer', 'param_state', 380), ('optimizer', 'param_state', 381), ('optimizer', 'param_state', 382), ('optimizer', 'param_state', 383), ('optimizer', 'param_state', 384), ('optimizer', 'param_state', 385), ('optimizer', 'param_state', 386), ('optimizer', 'param_state', 387), ('optimizer', 'param_state', 388), ('optimizer', 'param_state', 389), ('optimizer', 'param_state', 390), ('optimizer', 'param_state', 391), ('optimizer', 'param_state', 392), ('optimizer', 'param_state', 393), ('optimizer', 'param_state', 394), ('optimizer', 'param_state', 395), ('optimizer', 'param_state', 396), ('optimizer', 'param_state', 397), ('optimizer', 'param_state', 398), ('optimizer', 'param_state', 399)], Mismatched keys: []
[36m(WorkerDict pid=113557, ip=node2)[0m WARNING:2026-01-07 12:50:38,252:Rank 4 common state dict differs from rank 0 common state dict. Keys only on rank 0: [('optimizer', 'param_state', 60), ('optimizer', 'param_state', 61), ('optimizer', 'param_state', 62), ('optimizer', 'param_state', 63), ('optimizer', 'param_state', 64), ('optimizer', 'param_state', 65), ('optimizer', 'param_state', 66), ('optimizer', 'param_state', 67), ('optimizer', 'param_state', 68), ('optimizer', 'param_state', 69), ('optimizer', 'param_state', 70), ('optimizer', 'param_state', 71), ('optimizer', 'param_state', 72), ('optimizer', 'param_state', 73), ('optimizer', 'param_state', 74), ('optimizer', 'param_state', 75), ('optimizer', 'param_state', 76), ('optimizer', 'param_state', 77), ('optimizer', 'param_state', 78), ('optimizer', 'param_state', 79), ('optimizer', 'param_state', 80), ('optimizer', 'param_state', 81), ('optimizer', 'param_state', 82), ('optimizer', 'param_state', 83), ('optimizer', 'param_state', 84), ('optimizer', 'param_state', 85), ('optimizer', 'param_state', 86), ('optimizer', 'param_state', 87), ('optimizer', 'param_state', 88), ('optimizer', 'param_state', 89), ('optimizer', 'param_state', 90), ('optimizer', 'param_state', 91), ('optimizer', 'param_state', 92), ('optimizer', 'param_state', 93), ('optimizer', 'param_state', 94), ('optimizer', 'param_state', 95), ('optimizer', 'param_state', 96)], Keys only on 4: [], Mismatched keys: []
[36m(WorkerDict pid=113565, ip=node2)[0m WARNING:2026-01-07 12:50:38,250:Rank 6 common state dict differs from rank 0 common state dict. Keys only on rank 0: [('optimizer', 'param_state', 87), ('optimizer', 'param_state', 88), ('optimizer', 'param_state', 89), ('optimizer', 'param_state', 90), ('optimizer', 'param_state', 91), ('optimizer', 'param_state', 92), ('optimizer', 'param_state', 93), ('optimizer', 'param_state', 94), ('optimizer', 'param_state', 95), ('optimizer', 'param_state', 96)], Keys only on 6: [], Mismatched keys: []
[36m(WorkerDict pid=113550, ip=node2)[0m INFO:2026-01-07 12:57:14,763:[Rank 0] Saving HF model checkpoint to /workspace/recipe/exp/checkpoint/qwen3_vl_8b_megatron_/global_step_40/actor with bridge
[36m(WorkerDict pid=113553, ip=node2)[0m WARNING:2026-01-07 12:50:38,252:Rank 3 common state dict differs from rank 0 common state dict. Keys only on rank 0: [], Keys only on 3: [('optimizer', 'param_state', 97), ('optimizer', 'param_state', 98), ('optimizer', 'param_state', 99), ('optimizer', 'param_state', 100), ('optimizer', 'param_state', 101), ('optimizer', 'param_state', 102), ('optimizer', 'param_state', 103), ('optimizer', 'param_state', 104), ('optimizer', 'param_state', 105), ('optimizer', 'param_state', 106), ('optimizer', 'param_state', 107), ('optimizer', 'param_state', 108), ('optimizer', 'param_state', 109), ('optimizer', 'param_state', 110), ('optimizer', 'param_state', 111), ('optimizer', 'param_state', 112), ('optimizer', 'param_state', 113), ('optimizer', 'param_state', 114), ('optimizer', 'param_state', 115), ('optimizer', 'param_state', 116), ('optimizer', 'param_state', 117), ('optimizer', 'param_state', 118), ('optimizer', 'param_state', 119), ('optimizer', 'param_state', 120), ('optimizer', 'param_state', 121), ('optimizer', 'param_state', 122), ('optimizer', 'param_state', 123), ('optimizer', 'param_state', 124), ('optimizer', 'param_state', 125), ('optimizer', 'param_state', 126), ('optimizer', 'param_state', 127), ('optimizer', 'param_state', 128), ('optimizer', 'param_state', 129), ('optimizer', 'param_state', 130), ('optimizer', 'param_state', 131), ('optimizer', 'param_state', 132), ('optimizer', 'param_state', 133), ('optimizer', 'param_state', 134), ('optimizer', 'param_state', 135), ('optimizer', 'param_state', 136), ('optimizer', 'param_state', 137), ('optimizer', 'param_state', 138), ('optimizer', 'param_state', 139), ('optimizer', 'param_state', 140), ('optimizer', 'param_state', 141), ('optimizer', 'param_state', 142), ('optimizer', 'param_state', 143), ('optimizer', 'param_state', 144), ('optimizer', 'param_state', 145), ('optimizer', 'param_state', 146), ('optimizer', 'param_state', 147), ('optimizer', 'param_state', 148), ('optimizer', 'param_state', 149), ('optimizer', 'param_state', 150), ('optimizer', 'param_state', 151), ('optimizer', 'param_state', 152), ('optimizer', 'param_state', 153), ('optimizer', 'param_state', 154), ('optimizer', 'param_state', 155), ('optimizer', 'param_state', 156), ('optimizer', 'param_state', 157), ('optimizer', 'param_state', 158), ('optimizer', 'param_state', 159), ('optimizer', 'param_state', 160), ('optimizer', 'param_state', 161), ('optimizer', 'param_state', 162), ('optimizer', 'param_state', 163), ('optimizer', 'param_state', 164), ('optimizer', 'param_state', 165), ('optimizer', 'param_state', 166), ('optimizer', 'param_state', 167), ('optimizer', 'param_state', 168), ('optimizer', 'param_state', 169), ('optimizer', 'param_state', 170), ('optimizer', 'param_state', 171), ('optimizer', 'param_state', 172), ('optimizer', 'param_state', 173), ('optimizer', 'param_state', 174), ('optimizer', 'param_state', 175), ('optimizer', 'param_state', 176), ('optimizer', 'param_state', 177), ('optimizer', 'param_state', 178), ('optimizer', 'param_state', 179), ('optimizer', 'param_state', 180), ('optimizer', 'param_state', 181), ('optimizer', 'param_state', 182), ('optimizer', 'param_state', 183), ('optimizer', 'param_state', 184), ('optimizer', 'param_state', 185), ('optimizer', 'param_state', 186), ('optimizer', 'param_state', 187), ('optimizer', 'param_state', 188), ('optimizer', 'param_state', 189), ('optimizer', 'param_state', 190), ('optimizer', 'param_state', 191), ('optimizer', 'param_state', 192), ('optimizer', 'param_state', 193), ('optimizer', 'param_state', 194), ('optimizer', 'param_state', 195), ('optimizer', 'param_state', 196), ('optimizer', 'param_state', 197), ('optimizer', 'param_state', 198), ('optimizer', 'param_state', 199), ('optimizer', 'param_state', 200), ('optimizer', 'param_state', 201), ('optimizer', 'param_state', 202), ('optimizer', 'param_state', 203), ('optimizer', 'param_state', 204), ('optimizer', 'param_state', 205), ('optimizer', 'param_state', 206), ('optimizer', 'param_state', 207), ('optimizer', 'param_state', 208), ('optimizer', 'param_state', 209), ('optimizer', 'param_state', 210), ('optimizer', 'param_state', 211), ('optimizer', 'param_state', 212), ('optimizer', 'param_state', 213), ('optimizer', 'param_state', 214), ('optimizer', 'param_state', 215), ('optimizer', 'param_state', 216), ('optimizer', 'param_state', 217), ('optimizer', 'param_state', 218), ('optimizer', 'param_state', 219), ('optimizer', 'param_state', 220), ('optimizer', 'param_state', 221), ('optimizer', 'param_state', 222), ('optimizer', 'param_state', 223), ('optimizer', 'param_state', 224), ('optimizer', 'param_state', 225), ('optimizer', 'param_state', 226), ('optimizer', 'param_state', 227), ('optimizer', 'param_state', 228), ('optimizer', 'param_state', 229), ('optimizer', 'param_state', 230), ('optimizer', 'param_state', 231), ('optimizer', 'param_state', 232), ('optimizer', 'param_state', 233), ('optimizer', 'param_state', 234), ('optimizer', 'param_state', 235), ('optimizer', 'param_state', 236), ('optimizer', 'param_state', 237), ('optimizer', 'param_state', 238), ('optimizer', 'param_state', 239), ('optimizer', 'param_state', 240), ('optimizer', 'param_state', 241), ('optimizer', 'param_state', 242), ('optimizer', 'param_state', 243), ('optimizer', 'param_state', 244), ('optimizer', 'param_state', 245), ('optimizer', 'param_state', 246), ('optimizer', 'param_state', 247), ('optimizer', 'param_state', 248), ('optimizer', 'param_state', 249), ('optimizer', 'param_state', 250), ('optimizer', 'param_state', 251), ('optimizer', 'param_state', 252), ('optimizer', 'param_state', 253), ('optimizer', 'param_state', 254), ('optimizer', 'param_state', 255), ('optimizer', 'param_state', 256), ('optimizer', 'param_state', 257), ('optimizer', 'param_state', 258), ('optimizer', 'param_state', 259), ('optimizer', 'param_state', 260), ('optimizer', 'param_state', 261), ('optimizer', 'param_state', 262), ('optimizer', 'param_state', 263), ('optimizer', 'param_state', 264), ('optimizer', 'param_state', 265), ('optimizer', 'param_state', 266), ('optimizer', 'param_state', 267), ('optimizer', 'param_state', 268), ('optimizer', 'param_state', 269), ('optimizer', 'param_state', 270), ('optimizer', 'param_state', 271), ('optimizer', 'param_state', 272), ('optimizer', 'param_state', 273), ('optimizer', 'param_state', 274), ('optimizer', 'param_state', 275), ('optimizer', 'param_state', 276), ('optimizer', 'param_state', 277), ('optimizer', 'param_state', 278), ('optimizer', 'param_state', 279), ('optimizer', 'param_state', 280), ('optimizer', 'param_state', 281), ('optimizer', 'param_state', 282), ('optimizer', 'param_state', 283), ('optimizer', 'param_state', 284), ('optimizer', 'param_state', 285), ('optimizer', 'param_state', 286), ('optimizer', 'param_state', 287), ('optimizer', 'param_state', 288), ('optimizer', 'param_state', 289), ('optimizer', 'param_state', 290), ('optimizer', 'param_state', 291), ('optimizer', 'param_state', 292), ('optimizer', 'param_state', 293), ('optimizer', 'param_state', 294), ('optimizer', 'param_state', 295), ('optimizer', 'param_state', 296), ('optimizer', 'param_state', 297), ('optimizer', 'param_state', 298), ('optimizer', 'param_state', 299), ('optimizer', 'param_state', 300), ('optimizer', 'param_state', 301), ('optimizer', 'param_state', 302), ('optimizer', 'param_state', 303), ('optimizer', 'param_state', 304), ('optimizer', 'param_state', 305), ('optimizer', 'param_state', 306), ('optimizer', 'param_state', 307), ('optimizer', 'param_state', 308), ('optimizer', 'param_state', 309), ('optimizer', 'param_state', 310), ('optimizer', 'param_state', 311), ('optimizer', 'param_state', 312), ('optimizer', 'param_state', 313), ('optimizer', 'param_state', 314), ('optimizer', 'param_state', 315), ('optimizer', 'param_state', 316), ('optimizer', 'param_state', 317), ('optimizer', 'param_state', 318), ('optimizer', 'param_state', 319), ('optimizer', 'param_state', 320), ('optimizer', 'param_state', 321), ('optimizer', 'param_state', 322), ('optimizer', 'param_state', 323), ('optimizer', 'param_state', 324), ('optimizer', 'param_state', 325), ('optimizer', 'param_state', 326), ('optimizer', 'param_state', 327), ('optimizer', 'param_state', 328), ('optimizer', 'param_state', 329), ('optimizer', 'param_state', 330), ('optimizer', 'param_state', 331), ('optimizer', 'param_state', 332), ('optimizer', 'param_state', 333), ('optimizer', 'param_state', 334), ('optimizer', 'param_state', 335), ('optimizer', 'param_state', 336), ('optimizer', 'param_state', 337), ('optimizer', 'param_state', 338), ('optimizer', 'param_state', 339), ('optimizer', 'param_state', 340), ('optimizer', 'param_state', 341), ('optimizer', 'param_state', 342), ('optimizer', 'param_state', 343), ('optimizer', 'param_state', 344), ('optimizer', 'param_state', 345), ('optimizer', 'param_state', 346), ('optimizer', 'param_state', 347), ('optimizer', 'param_state', 348), ('optimizer', 'param_state', 349), ('optimizer', 'param_state', 350), ('optimizer', 'param_state', 351), ('optimizer', 'param_state', 352), ('optimizer', 'param_state', 353), ('optimizer', 'param_state', 354), ('optimizer', 'param_state', 355), ('optimizer', 'param_state', 356), ('optimizer', 'param_state', 357), ('optimizer', 'param_state', 358), ('optimizer', 'param_state', 359), ('optimizer', 'param_state', 360), ('optimizer', 'param_state', 361), ('optimizer', 'param_state', 362), ('optimizer', 'param_state', 363), ('optimizer', 'param_state', 364), ('optimizer', 'param_state', 365), ('optimizer', 'param_state', 366), ('optimizer', 'param_state', 367), ('optimizer', 'param_state', 368), ('optimizer', 'param_state', 369), ('optimizer', 'param_state', 370), ('optimizer', 'param_state', 371), ('optimizer', 'param_state', 372), ('optimizer', 'param_state', 373), ('optimizer', 'param_state', 374), ('optimizer', 'param_state', 375), ('optimizer', 'param_state', 376), ('optimizer', 'param_state', 377), ('optimizer', 'param_state', 378), ('optimizer', 'param_state', 379), ('optimizer', 'param_state', 380), ('optimizer', 'param_state', 381), ('optimizer', 'param_state', 382), ('optimizer', 'param_state', 383), ('optimizer', 'param_state', 384), ('optimizer', 'param_state', 385), ('optimizer', 'param_state', 386), ('optimizer', 'param_state', 387), ('optimizer', 'param_state', 388), ('optimizer', 'param_state', 389), ('optimizer', 'param_state', 390), ('optimizer', 'param_state', 391), ('optimizer', 'param_state', 392), ('optimizer', 'param_state', 393), ('optimizer', 'param_state', 394), ('optimizer', 'param_state', 395), ('optimizer', 'param_state', 396), ('optimizer', 'param_state', 397), ('optimizer', 'param_state', 398), ('optimizer', 'param_state', 399)], Mismatched keys: []
[36m(WorkerDict pid=113561, ip=node2)[0m WARNING:2026-01-07 12:50:38,252:Rank 5 common state dict differs from rank 0 common state dict. Keys only on rank 0: [('optimizer', 'param_state', 60), ('optimizer', 'param_state', 61), ('optimizer', 'param_state', 62), ('optimizer', 'param_state', 63), ('optimizer', 'param_state', 64), ('optimizer', 'param_state', 65), ('optimizer', 'param_state', 66), ('optimizer', 'param_state', 67), ('optimizer', 'param_state', 68), ('optimizer', 'param_state', 69), ('optimizer', 'param_state', 70), ('optimizer', 'param_state', 71), ('optimizer', 'param_state', 72), ('optimizer', 'param_state', 73), ('optimizer', 'param_state', 74), ('optimizer', 'param_state', 75), ('optimizer', 'param_state', 76), ('optimizer', 'param_state', 77), ('optimizer', 'param_state', 78), ('optimizer', 'param_state', 79), ('optimizer', 'param_state', 80), ('optimizer', 'param_state', 81), ('optimizer', 'param_state', 82), ('optimizer', 'param_state', 83), ('optimizer', 'param_state', 84), ('optimizer', 'param_state', 85), ('optimizer', 'param_state', 86), ('optimizer', 'param_state', 87), ('optimizer', 'param_state', 88), ('optimizer', 'param_state', 89), ('optimizer', 'param_state', 90), ('optimizer', 'param_state', 91), ('optimizer', 'param_state', 92), ('optimizer', 'param_state', 93), ('optimizer', 'param_state', 94), ('optimizer', 'param_state', 95), ('optimizer', 'param_state', 96)], Keys only on 5: [], Mismatched keys: []
[36m(WorkerDict pid=113598, ip=node2)[0m WARNING:2026-01-07 12:50:38,250:Rank 7 common state dict differs from rank 0 common state dict. Keys only on rank 0: [('optimizer', 'param_state', 87), ('optimizer', 'param_state', 88), ('optimizer', 'param_state', 89), ('optimizer', 'param_state', 90), ('optimizer', 'param_state', 91), ('optimizer', 'param_state', 92), ('optimizer', 'param_state', 93), ('optimizer', 'param_state', 94), ('optimizer', 'param_state', 95), ('optimizer', 'param_state', 96)], Keys only on 7: [], Mismatched keys: []
[36m(WorkerDict pid=113550, ip=node2)[0m INFO:2026-01-07 12:59:43,867:[Rank 0] Saved bridge checkpoint to /workspace/recipe/exp/checkpoint/qwen3_vl_8b_megatron_/global_step_40/actor/huggingface
[36m(WorkerDict pid=113598, ip=node2)[0m INFO:2026-01-07 12:57:14,763:[Rank 7] Saving HF model checkpoint to /workspace/recipe/exp/checkpoint/qwen3_vl_8b_megatron_/global_step_40/actor with bridge[32m [repeated 7x across cluster][0m
[36m(WorkerDict pid=113551, ip=node2)[0m INFO:2026-01-07 12:59:43,868:[Rank 1] Dist checkpointing save completed for /workspace/recipe/exp/checkpoint/qwen3_vl_8b_megatron_/global_step_40/actor/dist_ckpt

[36m(TaskRunner pid=169079)[0m step:39 - actor/entropy:0.29978296160697937 - perf/mfu/actor_infer:0 - actor/kl_loss:0.013094552629627287 - actor/kl_coef:0.009999999999999998 - actor/pg_clipfrac:0.0009371116234736594 - actor/ppo_kl:1.5519965385932564e-06 - actor/pg_clipfrac_lower:0.0 - actor/pg_loss:0.07341783846883725 - actor/grad_norm:0.13646606733783007 - perf/mfu/actor:0.0 - perf/max_memory_allocated_gb:88.3414044380188 - perf/max_memory_reserved_gb:92.546875 - perf/cpu_memory_used_gb:496.3517761230469 - actor/lr:1e-06 - training/global_step:39 - training/epoch:9 - critic/score/mean:0.5217187404632568 - critic/score/max:0.8999999761581421 - critic/score/min:0.0 - critic/rewards/mean:0.5217187404632568 - critic/rewards/max:0.8999999761581421 - critic/rewards/min:0.0 - critic/advantages/mean:-0.07438639551401138 - critic/advantages/max:1.7888498306274414 - critic/advantages/min:-1.7888498306274414 - critic/returns/mean:-0.07438639551401138 - critic/returns/max:1.7888498306274414 - critic/returns/min:-1.7888498306274414 - response_length/mean:867.265625 - response_length/max:2048.0 - response_length/min:61.0 - response_length/clip_ratio:0.15585938096046448 - response_length_non_aborted/mean:867.265625 - response_length_non_aborted/max:2048.0 - response_length_non_aborted/min:61.0 - response_length_non_aborted/clip_ratio:0.15585938096046448 - response/aborted_ratio:0.0 - prompt_length/mean:282.365234375 - prompt_length/max:842.0 - prompt_length/min:189.0 - prompt_length/clip_ratio:0.0 - num_turns/min:2 - num_turns/max:2 - num_turns/mean:2.0 - timing_s/start_profile:5.3009018301963806e-05 - timing_s/agent_loop/generate_sequences/min:11.193655360490084 - timing_s/agent_loop/generate_sequences/max:84.54507688712329 - timing_s/agent_loop/generate_sequences/mean:47.25988666094209 - timing_s/agent_loop/tool_calls/min:0.0 - timing_s/agent_loop/tool_calls/max:0.0 - timing_s/agent_loop/tool_calls/mean:0.0 - timing_s/agent_loop/slowest/generate_sequences:84.54507688712329 - timing_s/agent_loop/slowest/tool_calls:0.0 - timing_s/agent_loop/slowest/prompt_length:336 - timing_s/agent_loop/slowest/response_length:2048 - timing_s/gen:99.47058590897359 - timing_s/reward:0.00011007813736796379 - timing_s/old_log_prob:105.80420958600007 - timing_s/ref:102.83274593786336 - timing_s/adv:0.0915554619859904 - timing_s/update_actor:357.8290368570015 - timing_s/step:666.3384395521134 - timing_s/stop_profile:3.055902197957039e-05 - timing_per_token_ms/update_actor:0.12158421669217921 - timing_per_token_ms/adv:3.110898776475139e-05 - timing_per_token_ms/ref:0.03494081691910731 - timing_per_token_ms/gen:0.04480253396494622 - perf/total_num_tokens:2943055 - perf/time_per_step:666.3384395521134 - perf/throughput:552.09463114161
[36m(TaskRunner pid=169079)[0m test_gen_batch meta info: {'eos_token_id': 151645, 'pad_token_id': 151643, 'recompute_log_prob': False, 'do_sample': False, 'validate': True, 'global_steps': 40}
[36m(TaskRunner pid=169079)[0m validation generation end
[36m(TaskRunner pid=169079)[0m local_global_step_folder: /workspace/recipe/exp/checkpoint/qwen3_vl_8b_megatron_/global_step_40
[36m(TaskRunner pid=169079)[0m 
[36m(WorkerDict pid=113550, ip=node2)[0m Qwen3VLTransformerConfig(tensor_model_parallel_size=2, pipeline_model_parallel_comm_backend=None, pipeline_model_parallel_size=2, virtual_pipeline_model_parallel_size=None, sequence_parallel=True, context_parallel_size=2, hierarchical_context_parallel_sizes=None, expert_model_parallel_size=1, expert_tensor_parallel_size=2, moe_extended_tp=False, perform_initialization=True, use_cpu_initialization=False, fp16=False, bf16=True, params_dtype=torch.bfloat16, timers=None, finalize_model_grads_func=<function finalize_model_grads at 0x7f4af46d6020>, grad_scale_func=<bound method MegatronOptimizer.scale_loss of <megatron.core.optimizer.optimizer.ChainedOptimizer object at 0x7f49f81a4380>>, no_sync_func=None, grad_sync_func=None, param_sync_func=None, deterministic_mode=False, enable_autocast=False, autocast_dtype=torch.bfloat16, num_microbatches_with_partial_activation_checkpoints=None, gradient_accumulation_fusion=True, async_tensor_model_parallel_allreduce=True, use_te_rng_tracker=False, tp_comm_overlap=False, tp_comm_bulk_wgrad=True, tp_comm_bulk_dgrad=True, tp_comm_overlap_ag=True, tp_comm_overlap_rs=True, tp_comm_overlap_rs_dgrad=False, tp_comm_split_ag=True, tp_comm_atomic_ag=False, tp_comm_split_rs=True, tp_comm_atomic_rs=False, cross_entropy_loss_fusion=False, cross_entropy_fusion_impl='native', tp_comm_overlap_disable_qkv=False, tp_comm_overlap_disable_fc1=False, tp_comm_bootstrap_backend='nccl', overlap_moe_expert_parallel_comm=False, delay_wgrad_compute=False, pipeline_dtype=torch.bfloat16, variable_seq_lengths=True, overlap_p2p_comm=False, batch_p2p_comm=False, batch_p2p_sync=True, use_ring_exchange_p2p=False, deallocate_pipeline_outputs=True, defer_embedding_wgrad_compute=False, wgrad_deferral_limit=0, overlap_p2p_comm_warmup_flush=False, microbatch_group_size_per_vp_stage=2, cpu_offloading=False, cpu_offloading_num_layers=0, _cpu_offloading_context=None, cpu_offloading_activations=True, cpu_offloading_weights=True, barrier_with_L1_time=True, num_layers=36, mtp_num_layers=None, mtp_loss_scaling_factor=None, num_layers_in_first_pipeline_stage=None, num_layers_in_last_pipeline_stage=None, pipeline_model_parallel_layout=None, account_for_embedding_in_pipeline_split=True, account_for_loss_in_pipeline_split=True, hidden_size=4096, num_attention_heads=32, attention_backend=<AttnBackend.flash: 1>, softmax_scale=None, num_query_groups=8, ffn_hidden_size=12288, kv_channels=128, hidden_dropout=0.0, attention_dropout=0.0, fp32_residual_connection=False, apply_residual_connection_post_layernorm=False, layernorm_epsilon=1e-06, layernorm_zero_centered_gamma=False, add_bias_linear=False, add_qkv_bias=False, gated_linear_unit=True, activation_func=<function silu at 0x7f7e503b56c0>, activation_func_fp8_input_store=False, num_moe_experts=None, rotary_interleaved=False, window_size=None, normalization='RMSNorm', qk_layernorm=True, test_mode=False, calculate_per_token_loss=False, multi_latent_attention=False, no_rope_freq=None, moe_deepep_num_sms=20, init_method=functools.partial(<function normal_ at 0x7f7e50236020>, mean=0.0, std=0.02), output_layer_init_method=functools.partial(<function normal_ at 0x7f7e50236020>, mean=0.0, std=0.0023570226039551587), init_method_std=0.02, embedding_init_method=functools.partial(<function normal_ at 0x7f7e50236020>, mean=0.0, std=0.02), embedding_init_method_std=0.02, init_model_with_meta_device=False, apply_query_key_layer_scaling=False, attention_softmax_in_fp32=True, disable_bf16_reduced_precision_matmul=False, bias_activation_fusion=True, masked_softmax_fusion=False, persist_layer_norm=True, memory_efficient_layer_norm=False, bias_dropout_fusion=True, apply_rope_fusion=False, use_fused_weighted_squared_relu=False, recompute_granularity='full', recompute_method='uniform', recompute_num_layers=1, distribute_saved_activations=False, recompute_modules=['core_attn'], fp8=None, fp8_recipe='delayed', fp8_param=False, fp8_margin=0, fp8_interval=1, fp8_amax_history_len=1, fp8_amax_compute_algo='most_recent', fp8_wgrad=True, fp8_dot_product_attention=False, fp8_multi_head_attention=False, tp_only_amax_red=False, first_last_layers_bf16=False, num_layers_at_start_in_bf16=1, num_layers_at_end_in_bf16=1, use_kitchen=False, moe_shared_expert_intermediate_size=None, moe_shared_expert_overlap=False, moe_layer_freq=1, moe_ffn_hidden_size=None, moe_router_load_balancing_type='aux_loss', moe_router_topk=2, moe_router_topk_limited_devices=None, moe_router_padding_for_fp8=False, moe_router_num_groups=None, moe_router_group_topk=None, moe_router_pre_softmax=False, moe_router_topk_scaling_factor=None, moe_router_score_function='softmax', moe_router_dtype='fp32', moe_router_enable_expert_bias=False, moe_router_bias_update_rate=0.001, moe_router_force_load_balancing=False, moe_grouped_gemm=False, moe_use_legacy_grouped_gemm=False, moe_aux_loss_coeff=0.0, moe_z_loss_coeff=None, moe_input_jitter_eps=None, moe_token_dropping=False, moe_token_dispatcher_type='flex', moe_enable_deepep=True, moe_per_layer_logging=False, moe_expert_capacity_factor=None, moe_pad_expert_input_to_capacity=False, moe_token_drop_policy='probs', moe_layer_recompute=False, moe_permute_fusion=True, moe_router_fusion=False, moe_apply_probs_on_input=False, cp_comm_type='p2p', enable_cuda_graph=False, cuda_graph_use_single_mempool=False, cuda_graph_retain_backward_graph=False, cuda_graph_warmup_steps=3, external_cuda_graph=False, cuda_graph_scope='full', clone_scatter_output_in_embedding=True, disable_parameter_transpose_cache=False, config_logger_dir='', flash_decode=False, inference_rng_tracker=False, symmetric_ar_type=None, mrope_section=[24, 20, 20], is_hybrid_model=False, mamba_state_dim=128, mamba_head_dim=64, mamba_num_groups=8, mamba_num_heads=None, use_mamba_mem_eff_path=True, mlp_chunks_for_prefill=1, heterogeneous_block_specs=False, hetereogenous_dist_checkpoint=False, quant_recipe=None, transformer_impl='transformer_engine', patch_size=16, temporal_patch_size=2, in_channels=3, spatial_merge_size=2, num_position_embeddings=2304, out_hidden_size=4096, apply_rotary_pos_emb_in_fp32=False, deepstack_visual_indexes=[8, 16, 24])[36m(WorkerDict pid=113550, ip=node2)[0m INFO:2026-01-07 12:59:44,720:[Rank 0] Saved Huggingface config and tokenizer to /workspace/recipe/exp/checkpoint/qwen3_vl_8b_megatron_/global_step_40/actor/huggingface
[36m(TaskRunner pid=169079)[0m 
Training Progress:  67%|██████▋   | 40/60 [8:10:25<4:44:18, 852.92s/it]
[36m(TaskRunner pid=169079)[0m 
Training Progress:  68%|██████▊   | 41/60 [8:21:31<4:12:18, 796.75s/it]
[36m(WorkerDict pid=113598, ip=node2)[0m INFO:2026-01-07 12:59:43,867:[Rank 7] Saved bridge checkpoint to /workspace/recipe/exp/checkpoint/qwen3_vl_8b_megatron_/global_step_40/actor/huggingface[32m [repeated 7x across cluster][0m
[36m(WorkerDict pid=113550, ip=node2)[0m INFO:2026-01-07 12:59:44,732:[Rank 0] Dist checkpointing save completed for /workspace/recipe/exp/checkpoint/qwen3_vl_8b_megatron_/global_step_40/actor/dist_ckpt[32m [repeated 7x across cluster][0m

[36m(TaskRunner pid=169079)[0m step:40 - actor/entropy:0.2976253926753998 - perf/mfu/actor_infer:0 - actor/kl_loss:0.012858075771335117 - actor/kl_coef:0.009999999999999998 - actor/pg_clipfrac:0.001064485093806649 - actor/ppo_kl:2.4733444597103946e-05 - actor/pg_clipfrac_lower:0.0 - actor/pg_loss:0.07031038992692894 - actor/grad_norm:0.10724527667331235 - perf/mfu/actor:0.0 - perf/max_memory_allocated_gb:88.3801999092102 - perf/max_memory_reserved_gb:92.546875 - perf/cpu_memory_used_gb:495.277156829834 - actor/lr:1e-06 - val-aux/hiyouga/geometry3k/reward/mean@1:0.5346089708626568 - val-core/hiyouga/geometry3k/acc/mean@1:0.5346089850249585 - val-aux/num_turns/min:2 - val-aux/num_turns/max:2 - val-aux/num_turns/mean:2.0 - training/global_step:40 - training/epoch:9 - critic/score/mean:0.534375011920929 - critic/score/max:0.8999999761581421 - critic/score/min:0.0 - critic/rewards/mean:0.534375011920929 - critic/rewards/max:0.8999999761581421 - critic/rewards/min:0.0 - critic/advantages/mean:-0.07007468491792679 - critic/advantages/max:1.7888498306274414 - critic/advantages/min:-1.7888498306274414 - critic/returns/mean:-0.07007468491792679 - critic/returns/max:1.7888498306274414 - critic/returns/min:-1.7888498306274414 - response_length/mean:862.1578369140625 - response_length/max:2048.0 - response_length/min:74.0 - response_length/clip_ratio:0.16171875596046448 - response_length_non_aborted/mean:862.1578369140625 - response_length_non_aborted/max:2048.0 - response_length_non_aborted/min:74.0 - response_length_non_aborted/clip_ratio:0.16171875596046448 - response/aborted_ratio:0.0 - prompt_length/mean:279.966796875 - prompt_length/max:842.0 - prompt_length/min:191.0 - prompt_length/clip_ratio:0.0 - num_turns/min:2 - num_turns/max:2 - num_turns/mean:2.0 - timing_s/start_profile:4.0389131754636765e-05 - timing_s/agent_loop/generate_sequences/min:11.41063361056149 - timing_s/agent_loop/generate_sequences/max:86.89459008723497 - timing_s/agent_loop/generate_sequences/mean:46.68453665443985 - timing_s/agent_loop/tool_calls/min:0.0 - timing_s/agent_loop/tool_calls/max:0.0 - timing_s/agent_loop/tool_calls/mean:0.0 - timing_s/agent_loop/slowest/generate_sequences:86.89459008723497 - timing_s/agent_loop/slowest/tool_calls:0.0 - timing_s/agent_loop/slowest/prompt_length:233 - timing_s/agent_loop/slowest/response_length:2048 - timing_s/gen:102.03153956588358 - timing_s/reward:0.00010410812683403492 - timing_s/old_log_prob:105.09496486303397 - timing_s/ref:102.99663476808928 - timing_s/adv:0.0455921939574182 - timing_s/update_actor:362.56049606297165 - timing_s/step:673.0407138739247 - timing_s/testing:52.16533099999651 - timing_s/save_checkpoint:550.973251342075 - timing_s/stop_profile:7.15379137545824e-05 - timing_per_token_ms/update_actor:0.1240015254133253 - timing_per_token_ms/adv:1.5593264183636035e-05 - timing_per_token_ms/ref:0.03522650692055523 - timing_per_token_ms/gen:0.046228276963996395 - perf/total_num_tokens:2923839 - perf/time_per_step:673.0407138739247 - perf/throughput:543.0278844445396
[36m(TaskRunner pid=169079)[0m step:41 - actor/entropy:0.2943176329135895 - perf/mfu/actor_infer:0 - actor/kl_loss:0.01287717197685399 - actor/kl_coef:0.009999999999999998 - actor/pg_clipfrac:0.0010629535775579927 - actor/ppo_kl:2.5060336195142303e-05 - actor/pg_clipfrac_lower:0.0 - actor/pg_loss:0.0659780188334278 - actor/grad_norm:0.11018803520203696 - perf/mfu/actor:0.0 - perf/max_memory_allocated_gb:88.5006890296936 - perf/max_memory_reserved_gb:92.546875 - perf/cpu_memory_used_gb:495.1836853027344 - actor/lr:1e-06 - training/global_step:41 - training/epoch:10 - critic/score/mean:0.5171484351158142 - critic/score/max:0.8999999761581421 - critic/score/min:0.0 - critic/rewards/mean:0.5171484351158142 - critic/rewards/max:0.8999999761581421 - critic/rewards/min:0.0 - critic/advantages/mean:-0.06726310402154922 - critic/advantages/max:1.7888498306274414 - critic/advantages/min:-1.7888498306274414 - critic/returns/mean:-0.06726310402154922 - critic/returns/max:1.7888498306274414 - critic/returns/min:-1.7888498306274414 - response_length/mean:870.9070434570312 - response_length/max:2048.0 - response_length/min:111.0 - response_length/clip_ratio:0.16562500596046448 - response_length_non_aborted/mean:870.9070434570312 - response_length_non_aborted/max:2048.0 - response_length_non_aborted/min:111.0 - response_length_non_aborted/clip_ratio:0.16562500596046448 - response/aborted_ratio:0.0 - prompt_length/mean:279.015625 - prompt_length/max:669.0 - prompt_length/min:189.0 - prompt_length/clip_ratio:0.0 - num_turns/min:2 - num_turns/max:2 - num_turns/mean:2.0 - timing_s/start_profile:0.00010505784302949905 - timing_s/agent_loop/generate_sequences/min:13.031571025028825 - timing_s/agent_loop/generate_sequences/max:86.02188566327095 - timing_s/agent_loop/generate_sequences/mean:46.627085624700065 - timing_s/agent_loop/tool_calls/min:0.0 - timing_s/agent_loop/tool_calls/max:0.0 - timing_s/agent_loop/tool_calls/mean:0.0 - timing_s/agent_loop/slowest/generate_sequences:86.02188566327095 - timing_s/agent_loop/slowest/tool_calls:0.0 - timing_s/agent_loop/slowest/prompt_length:306 - timing_s/agent_loop/slowest/response_length:2048 - timing_s/gen:104.61068662605248 - timing_s/reward:0.00012540817260742188 - timing_s/old_log_prob:105.8290033431258 - timing_s/ref:100.04847435397096 - timing_s/adv:0.10915640788152814 - timing_s/update_actor:342.98413549899124 - timing_s/step:653.8967500580475 - timing_s/stop_profile:3.20489052683115e-05 - timing_per_token_ms/update_actor:0.11651059938779552 - timing_per_token_ms/adv:3.7080078035658695e-05 - timing_per_token_ms/ref:0.03398614253063588 - timing_per_token_ms/gen:0.046920679242479994 - perf/total_num_tokens:2943802 - perf/time_per_step:653.8967500580475 - perf/throughput:562.7421301105018
[36m(TaskRunner pid=169079)[0m step:42 - actor/entropy:0.29272589087486267 - perf/mfu/actor_infer:0 - actor/kl_loss:0.012948685132728592 - actor/kl_coef:0.009999999999999998 - actor/pg_clipfrac:0.0010556072809184175 - actor/ppo_kl:-1.7401467355297256e-05 - actor/pg_clipfrac_lower:0.0 - actor/pg_loss:0.0614314070730393 - actor/grad_norm:0.10797851980118858 - perf/mfu/actor:0.0 - perf/max_memory_allocated_gb:88.6030592918396 - perf/max_memory_reserved_gb:92.546875 - perf/cpu_memory_used_gb:495.25253677368164 - actor/lr:1e-06 - training/global_step:42 - training/epoch:10 - critic/score/mean:0.5157421827316284 - critic/score/max:0.8999999761581421 - critic/score/min:0.0 - critic/rewards/mean:0.5157421827316284 - critic/rewards/max:0.8999999761581421 - critic/rewards/min:0.0 - critic/advantages/mean:-0.062303729355335236 - critic/advantages/max:1.7888498306274414 - critic/advantages/min:-1.7888498306274414 - critic/returns/mean:-0.062303729355335236 - critic/returns/max:1.7888498306274414 - critic/returns/min:-1.7888498306274414 - response_length/mean:877.0745849609375 - response_length/max:2048.0 - response_length/min:73.0 - response_length/clip_ratio:0.16718749701976776 - response_length_non_aborted/mean:877.0745849609375 - response_length_non_aborted/max:2048.0 - response_length_non_aborted/min:73.0 - response_length_non_aborted/clip_ratio:0.16718749701976776 - response/aborted_ratio:0.0 - prompt_length/mean:279.998046875 - prompt_length/max:842.0 - prompt_length/min:190.0 - prompt_length/clip_ratio:0.0 - num_turns/min:2 - num_turns/max:2 - num_turns/mean:2.0 - timing_s/start_profile:8.08278564363718e-05 - timing_s/agent_loop/generate_sequences/min:12.01765247201547 - timing_s/agent_loop/generate_sequences/max:85.32841642410494 - timing_s/agent_loop/generate_sequences/mean:47.21970743765987 - timing_s/agent_loop/tool_calls/min:0.0 - timing_s/agent_loop/tool_calls/max:0.0 - timing_s/agent_loop/tool_calls/mean:0.0 - timing_s/agent_loop/slowest/generate_sequences:85.32841642410494 - timing_s/agent_loop/slowest/tool_calls:0.0 - timing_s/agent_loop/slowest/prompt_length:246 - timing_s/agent_loop/slowest/response_length:2048 - timing_s/gen:100.1774587770924 - timing_s/reward:0.00010757800191640854 - timing_s/old_log_prob:103.48112323391251 - timing_s/ref:99.9665110539645 - timing_s/adv:0.0597080469597131 - timing_s/update_actor:338.61186467995867 - timing_s/step:642.6059364438988 - timing_s/stop_profile:3.159884363412857e-05 - timing_per_token_ms/update_actor:0.11431456696011509 - timing_per_token_ms/adv:2.0157295842793304e-05 - timing_per_token_ms/ref:0.033748458378587566 - timing_per_token_ms/gen:0.04461629537159547 - perf/total_num_tokens:2962106 - perf/time_per_step:642.6059364438988 - perf/throughput:576.1902108296582[36m(TaskRunner pid=169079)[0m 
Training Progress:  70%|███████   | 42/60 [8:32:14<3:45:12, 750.70s/it]
[36m(TaskRunner pid=169079)[0m 
Training Progress:  72%|███████▏  | 43/60 [8:43:06<3:24:19, 721.15s/it]
[36m(TaskRunner pid=169079)[0m 
Training Progress:  73%|███████▎  | 44/60 [8:54:06<3:07:24, 702.81s/it]

[36m(TaskRunner pid=169079)[0m step:43 - actor/entropy:0.3084733784198761 - perf/mfu/actor_infer:0 - actor/kl_loss:0.01315591992953649 - actor/kl_coef:0.009999999999999998 - actor/pg_clipfrac:0.001056086872027903 - actor/ppo_kl:5.109417641039057e-06 - actor/pg_clipfrac_lower:1.2947628939790384e-06 - actor/pg_loss:0.06431919606568824 - actor/grad_norm:0.10823900536679186 - perf/mfu/actor:0.0 - perf/max_memory_allocated_gb:88.73819541931152 - perf/max_memory_reserved_gb:92.546875 - perf/cpu_memory_used_gb:494.96774673461914 - actor/lr:1e-06 - training/global_step:43 - training/epoch:10 - critic/score/mean:0.5224218964576721 - critic/score/max:0.8999999761581421 - critic/score/min:0.0 - critic/rewards/mean:0.5224218964576721 - critic/rewards/max:0.8999999761581421 - critic/rewards/min:0.0 - critic/advantages/mean:-0.0654120221734047 - critic/advantages/max:1.7888498306274414 - critic/advantages/min:-1.7888498306274414 - critic/returns/mean:-0.0654120221734047 - critic/returns/max:1.7888498306274414 - critic/returns/min:-1.7888498306274414 - response_length/mean:886.41015625 - response_length/max:2048.0 - response_length/min:88.0 - response_length/clip_ratio:0.16093750298023224 - response_length_non_aborted/mean:886.41015625 - response_length_non_aborted/max:2048.0 - response_length_non_aborted/min:88.0 - response_length_non_aborted/clip_ratio:0.16093750298023224 - response/aborted_ratio:0.0 - prompt_length/mean:278.3671875 - prompt_length/max:842.0 - prompt_length/min:189.0 - prompt_length/clip_ratio:0.0 - num_turns/min:2 - num_turns/max:2 - num_turns/mean:2.0 - timing_s/start_profile:3.881892189383507e-05 - timing_s/agent_loop/generate_sequences/min:12.566654946655035 - timing_s/agent_loop/generate_sequences/max:85.81323892995715 - timing_s/agent_loop/generate_sequences/mean:47.759341325663264 - timing_s/agent_loop/tool_calls/min:0.0 - timing_s/agent_loop/tool_calls/max:0.0 - timing_s/agent_loop/tool_calls/mean:0.0 - timing_s/agent_loop/slowest/generate_sequences:85.81323892995715 - timing_s/agent_loop/slowest/tool_calls:0.0 - timing_s/agent_loop/slowest/prompt_length:387 - timing_s/agent_loop/slowest/response_length:2048 - timing_s/gen:101.31909086508676 - timing_s/reward:0.00012923707254230976 - timing_s/old_log_prob:102.4808791698888 - timing_s/ref:100.04947265610099 - timing_s/adv:0.039246805012226105 - timing_s/update_actor:347.6907449159771 - timing_s/step:651.8930812908802 - timing_s/stop_profile:2.948986366391182e-05 - timing_per_token_ms/update_actor:0.11660314133132242 - timing_per_token_ms/adv:1.3161986099887018e-05 - timing_per_token_ms/ref:0.03355304382077482 - timing_per_token_ms/gen:0.04464949954613578 - perf/total_num_tokens:2981830 - perf/time_per_step:651.8930812908802 - perf/throughput:571.7636230498438
[36m(TaskRunner pid=169079)[0m step:44 - actor/entropy:0.30655592679977417 - perf/mfu/actor_infer:0 - actor/kl_loss:0.012984667210042147 - actor/kl_coef:0.009999999999999998 - actor/pg_clipfrac:0.001083943937821198 - actor/ppo_kl:-1.7998360285684688e-05 - actor/pg_clipfrac_lower:0.0 - actor/pg_loss:0.07263825318933007 - actor/grad_norm:0.10850785383635562 - perf/mfu/actor:0.0 - perf/max_memory_allocated_gb:88.73819541931152 - perf/max_memory_reserved_gb:92.546875 - perf/cpu_memory_used_gb:495.07434463500977 - actor/lr:1e-06 - training/global_step:44 - training/epoch:10 - critic/score/mean:0.5385937094688416 - critic/score/max:0.8999999761581421 - critic/score/min:0.0 - critic/rewards/mean:0.5385937094688416 - critic/rewards/max:0.8999999761581421 - critic/rewards/min:0.0 - critic/advantages/mean:-0.07335737347602844 - critic/advantages/max:1.7888498306274414 - critic/advantages/min:-1.7888498306274414 - critic/returns/mean:-0.07335737347602844 - critic/returns/max:1.7888498306274414 - critic/returns/min:-1.7888498306274414 - response_length/mean:868.587890625 - response_length/max:2048.0 - response_length/min:97.0 - response_length/clip_ratio:0.16562500596046448 - response_length_non_aborted/mean:868.587890625 - response_length_non_aborted/max:2048.0 - response_length_non_aborted/min:97.0 - response_length_non_aborted/clip_ratio:0.16562500596046448 - response/aborted_ratio:0.0 - prompt_length/mean:284.85546875 - prompt_length/max:663.0 - prompt_length/min:190.0 - prompt_length/clip_ratio:0.0 - num_turns/min:2 - num_turns/max:2 - num_turns/mean:2.0 - timing_s/start_profile:8.180900476872921e-05 - timing_s/agent_loop/generate_sequences/min:13.356215175241232 - timing_s/agent_loop/generate_sequences/max:87.65419300994836 - timing_s/agent_loop/generate_sequences/mean:47.15727071333604 - timing_s/agent_loop/tool_calls/min:0.0 - timing_s/agent_loop/tool_calls/max:0.0 - timing_s/agent_loop/tool_calls/mean:0.0 - timing_s/agent_loop/slowest/generate_sequences:87.65419300994836 - timing_s/agent_loop/slowest/tool_calls:0.0 - timing_s/agent_loop/slowest/prompt_length:397 - timing_s/agent_loop/slowest/response_length:2048 - timing_s/gen:104.14393147220835 - timing_s/reward:0.00010736798867583275 - timing_s/old_log_prob:104.9497200991027 - timing_s/ref:103.29122325312346 - timing_s/adv:0.062443346017971635 - timing_s/update_actor:346.7289495661389 - timing_s/step:659.4789993390441 - timing_s/stop_profile:3.1319912523031235e-05 - timing_per_token_ms/update_actor:0.1174231875570054 - timing_per_token_ms/adv:2.1147056628326407e-05 - timing_per_token_ms/ref:0.034980594196765954 - timing_per_token_ms/gen:0.04683604695669756 - perf/total_num_tokens:2952815 - perf/time_per_step:659.4789993390441 - perf/throughput:559.6870793003696
[36m(TaskRunner pid=169079)[0m test_gen_batch meta info: {'eos_token_id': 151645, 'pad_token_id': 151643, 'recompute_log_prob': False, 'do_sample': False, 'validate': True, 'global_steps': 45}
[36m(TaskRunner pid=169079)[0m validation generation end
[36m(TaskRunner pid=169079)[0m step:45 - actor/entropy:0.2945462465286255 - perf/mfu/actor_infer:0 - actor/kl_loss:0.013320690907516891 - actor/kl_coef:0.009999999999999998 - actor/pg_clipfrac:0.0008966390855033556 - actor/ppo_kl:-1.7532515489896172e-05 - actor/pg_clipfrac_lower:0.0 - actor/pg_loss:0.057888183406752135 - actor/grad_norm:0.103660160542218 - perf/mfu/actor:0.0 - perf/max_memory_allocated_gb:88.76425266265869 - perf/max_memory_reserved_gb:92.546875 - perf/cpu_memory_used_gb:494.8283882141113 - actor/lr:1e-06 - val-aux/hiyouga/geometry3k/reward/mean@1:0.5540765244234818 - val-core/hiyouga/geometry3k/acc/mean@1:0.5540765391014976 - val-aux/num_turns/min:2 - val-aux/num_turns/max:2 - val-aux/num_turns/mean:2.0 - training/global_step:45 - training/epoch:11 - critic/score/mean:0.5414062738418579 - critic/score/max:0.8999999761581421 - critic/score/min:0.0 - critic/rewards/mean:0.5414062738418579 - critic/rewards/max:0.8999999761581421 - critic/rewards/min:0.0 - critic/advantages/mean:-0.058160450309515 - critic/advantages/max:1.7888498306274414 - critic/advantages/min:-1.7888498306274414 - critic/returns/mean:-0.058160450309515 - critic/returns/max:1.7888498306274414 - critic/returns/min:-1.7888498306274414 - response_length/mean:850.69921875 - response_length/max:2048.0 - response_length/min:51.0 - response_length/clip_ratio:0.15117187798023224 - response_length_non_aborted/mean:850.69921875 - response_length_non_aborted/max:2048.0 - response_length_non_aborted/min:51.0 - response_length_non_aborted/clip_ratio:0.15117187798023224 - response/aborted_ratio:0.0 - prompt_length/mean:277.0859375 - prompt_length/max:842.0 - prompt_length/min:189.0 - prompt_length/clip_ratio:0.0 - num_turns/min:2 - num_turns/max:2 - num_turns/mean:2.0 - timing_s/start_profile:0.00024825497530400753 - timing_s/agent_loop/generate_sequences/min:10.12817046046257 - timing_s/agent_loop/generate_sequences/max:81.289072079584 - timing_s/agent_loop/generate_sequences/mean:45.26388846393438 - timing_s/agent_loop/tool_calls/min:0.0 - timing_s/agent_loop/tool_calls/max:0.0 - timing_s/agent_loop/tool_calls/mean:0.0 - timing_s/agent_loop/slowest/generate_sequences:81.289072079584 - timing_s/agent_loop/slowest/tool_calls:0.0 - timing_s/agent_loop/slowest/prompt_length:354 - timing_s/agent_loop/slowest/response_length:2048 - timing_s/gen:99.17523420602083 - timing_s/reward:0.00010701804421842098 - timing_s/old_log_prob:101.86371121997945 - timing_s/ref:97.23635811521672 - timing_s/adv:0.042860176879912615 - timing_s/update_actor:338.1828142919112 - timing_s/step:636.8041329239495 - timing_s/testing:51.92712108697742 - timing_s/stop_profile:3.7038931623101234e-05 - timing_per_token_ms/update_actor:0.11713459882025097 - timing_per_token_ms/adv:1.4845253549342293e-05 - timing_per_token_ms/ref:0.033679244826251925 - timing_per_token_ms/gen:0.04553939278168273 - perf/total_num_tokens:2887130 - perf/time_per_step:636.8041329239495 - perf/throughput:566.7225310597969[36m(TaskRunner pid=169079)[0m 
Training Progress:  75%|███████▌  | 45/60 [9:05:46<2:55:29, 701.98s/it]
[36m(TaskRunner pid=169079)[0m 
Training Progress:  77%|███████▋  | 46/60 [9:16:47<2:40:54, 689.62s/it]
[36m(TaskRunner pid=169079)[0m 
Training Progress:  78%|███████▊  | 47/60 [9:27:34<2:26:40, 676.96s/it]

[36m(TaskRunner pid=169079)[0m step:46 - actor/entropy:0.3074048161506653 - perf/mfu/actor_infer:0 - actor/kl_loss:0.013054725686189435 - actor/kl_coef:0.009999999999999998 - actor/pg_clipfrac:0.0009307297047559151 - actor/ppo_kl:2.4492351985456835e-05 - actor/pg_clipfrac_lower:0.0 - actor/pg_loss:0.053891521138765434 - actor/grad_norm:0.10431925753637525 - perf/mfu/actor:0.0 - perf/max_memory_allocated_gb:88.89590835571289 - perf/max_memory_reserved_gb:92.546875 - perf/cpu_memory_used_gb:494.9201240539551 - actor/lr:1e-06 - training/global_step:46 - training/epoch:11 - critic/score/mean:0.509765625 - critic/score/max:0.8999999761581421 - critic/score/min:0.0 - critic/rewards/mean:0.509765625 - critic/rewards/max:0.8999999761581421 - critic/rewards/min:0.0 - critic/advantages/mean:-0.05540267378091812 - critic/advantages/max:1.7888498306274414 - critic/advantages/min:-1.7888498306274414 - critic/returns/mean:-0.05540267378091812 - critic/returns/max:1.7888498306274414 - critic/returns/min:-1.7888498306274414 - response_length/mean:895.8449096679688 - response_length/max:2048.0 - response_length/min:101.0 - response_length/clip_ratio:0.17148438096046448 - response_length_non_aborted/mean:895.8449096679688 - response_length_non_aborted/max:2048.0 - response_length_non_aborted/min:101.0 - response_length_non_aborted/clip_ratio:0.17148438096046448 - response/aborted_ratio:0.0 - prompt_length/mean:280.9453125 - prompt_length/max:600.0 - prompt_length/min:190.0 - prompt_length/clip_ratio:0.0 - num_turns/min:2 - num_turns/max:2 - num_turns/mean:2.0 - timing_s/start_profile:8.140783756971359e-05 - timing_s/agent_loop/generate_sequences/min:13.857453137869015 - timing_s/agent_loop/generate_sequences/max:88.5108233075589 - timing_s/agent_loop/generate_sequences/mean:48.673085961473774 - timing_s/agent_loop/tool_calls/min:0.0 - timing_s/agent_loop/tool_calls/max:0.0 - timing_s/agent_loop/tool_calls/mean:0.0 - timing_s/agent_loop/slowest/generate_sequences:88.5108233075589 - timing_s/agent_loop/slowest/tool_calls:0.0 - timing_s/agent_loop/slowest/prompt_length:447 - timing_s/agent_loop/slowest/response_length:2048 - timing_s/gen:104.43025353900157 - timing_s/reward:0.00012132711708545685 - timing_s/old_log_prob:105.39250253909267 - timing_s/ref:99.54662332008593 - timing_s/adv:0.06035415316000581 - timing_s/update_actor:349.8553491111379 - timing_s/step:660.151197300991 - timing_s/stop_profile:2.9989052563905716e-05 - timing_per_token_ms/update_actor:0.1161313560858366 - timing_per_token_ms/adv:2.003402168836703e-05 - timing_per_token_ms/ref:0.033043611850722764 - timing_per_token_ms/gen:0.0455358587101133 - perf/total_num_tokens:3012583 - perf/time_per_step:660.151197300991 - perf/throughput:570.4342831454479
[36m(TaskRunner pid=169079)[0m step:47 - actor/entropy:0.3018668591976166 - perf/mfu/actor_infer:0 - actor/kl_loss:0.013058010051231627 - actor/kl_coef:0.009999999999999998 - actor/pg_clipfrac:0.000988788486111034 - actor/ppo_kl:2.64919453461966e-06 - actor/pg_clipfrac_lower:8.573477536409193e-07 - actor/pg_loss:0.07209803353619933 - actor/grad_norm:0.10797292915688975 - perf/mfu/actor:0.0 - perf/max_memory_allocated_gb:88.89590835571289 - perf/max_memory_reserved_gb:92.546875 - perf/cpu_memory_used_gb:495.0622215270996 - actor/lr:1e-06 - training/global_step:47 - training/epoch:11 - critic/score/mean:0.5333203077316284 - critic/score/max:0.8999999761581421 - critic/score/min:0.0 - critic/rewards/mean:0.5333203077316284 - critic/rewards/max:0.8999999761581421 - critic/rewards/min:0.0 - critic/advantages/mean:-0.07300525903701782 - critic/advantages/max:1.7888498306274414 - critic/advantages/min:-1.7888498306274414 - critic/returns/mean:-0.07300525903701782 - critic/returns/max:1.7888498306274414 - critic/returns/min:-1.7888498306274414 - response_length/mean:882.8511962890625 - response_length/max:2048.0 - response_length/min:75.0 - response_length/clip_ratio:0.15664061903953552 - response_length_non_aborted/mean:882.8511962890625 - response_length_non_aborted/max:2048.0 - response_length_non_aborted/min:75.0 - response_length_non_aborted/clip_ratio:0.15664061903953552 - response/aborted_ratio:0.0 - prompt_length/mean:281.51171875 - prompt_length/max:842.0 - prompt_length/min:189.0 - prompt_length/clip_ratio:0.0 - num_turns/min:2 - num_turns/max:2 - num_turns/mean:2.0 - timing_s/start_profile:9.179790504276752e-05 - timing_s/agent_loop/generate_sequences/min:11.783714609220624 - timing_s/agent_loop/generate_sequences/max:86.50405583716929 - timing_s/agent_loop/generate_sequences/mean:47.95292058486384 - timing_s/agent_loop/tool_calls/min:0.0 - timing_s/agent_loop/tool_calls/max:0.0 - timing_s/agent_loop/tool_calls/mean:0.0 - timing_s/agent_loop/slowest/generate_sequences:86.50405583716929 - timing_s/agent_loop/slowest/tool_calls:0.0 - timing_s/agent_loop/slowest/prompt_length:308 - timing_s/agent_loop/slowest/response_length:2048 - timing_s/gen:101.19181212084368 - timing_s/reward:0.00011976785026490688 - timing_s/old_log_prob:101.86265503102913 - timing_s/ref:99.8660512950737 - timing_s/adv:0.045309582026675344 - timing_s/update_actor:343.14016120205633 - timing_s/step:646.4287824949715 - timing_s/stop_profile:3.025890327990055e-05 - timing_per_token_ms/update_actor:0.115117998476922 - timing_per_token_ms/adv:1.5200635147062837e-05 - timing_per_token_ms/ref:0.03350345206055005 - timing_per_token_ms/gen:0.044773176803690314 - perf/total_num_tokens:2980769 - perf/time_per_step:646.4287824949715 - perf/throughput:576.3916073815886
[36m(TaskRunner pid=169079)[0m step:48 - actor/entropy:0.306179016828537 - perf/mfu/actor_infer:0 - actor/kl_loss:0.013269567340510628 - actor/kl_coef:0.009999999999999998 - actor/pg_clipfrac:0.0009903594857219179 - actor/ppo_kl:3.141098151069005e-06 - actor/pg_clipfrac_lower:4.3743844411229015e-07 - actor/pg_loss:0.06523712510001321 - actor/grad_norm:0.1116899061369294 - perf/mfu/actor:0.0 - perf/max_memory_allocated_gb:89.02982711791992 - perf/max_memory_reserved_gb:92.546875 - perf/cpu_memory_used_gb:496.7960968017578 - actor/lr:1e-06 - training/global_step:48 - training/epoch:11 - critic/score/mean:0.5262890458106995 - critic/score/max:0.8999999761581421 - critic/score/min:0.0 - critic/rewards/mean:0.5262890458106995 - critic/rewards/max:0.8999999761581421 - critic/rewards/min:0.0 - critic/advantages/mean:-0.06574799865484238 - critic/advantages/max:1.7888498306274414 - critic/advantages/min:-1.7888498306274414 - critic/returns/mean:-0.06574799865484238 - critic/returns/max:1.7888498306274414 - critic/returns/min:-1.7888498306274414 - response_length/mean:889.5589599609375 - response_length/max:2048.0 - response_length/min:79.0 - response_length/clip_ratio:0.16796875 - response_length_non_aborted/mean:889.5589599609375 - response_length_non_aborted/max:2048.0 - response_length_non_aborted/min:79.0 - response_length_non_aborted/clip_ratio:0.16796875 - response/aborted_ratio:0.0 - prompt_length/mean:280.75 - prompt_length/max:842.0 - prompt_length/min:190.0 - prompt_length/clip_ratio:0.0 - num_turns/min:2 - num_turns/max:2 - num_turns/mean:2.0 - timing_s/start_profile:7.76688102632761e-05 - timing_s/agent_loop/generate_sequences/min:12.307369044050574 - timing_s/agent_loop/generate_sequences/max:86.18954184651375 - timing_s/agent_loop/generate_sequences/mean:48.214970151399484 - timing_s/agent_loop/tool_calls/min:0.0 - timing_s/agent_loop/tool_calls/max:0.0 - timing_s/agent_loop/tool_calls/mean:0.0 - timing_s/agent_loop/slowest/generate_sequences:86.18954184651375 - timing_s/agent_loop/slowest/tool_calls:0.0 - timing_s/agent_loop/slowest/prompt_length:209 - timing_s/agent_loop/slowest/response_length:2048 - timing_s/gen:101.47933675302193 - timing_s/reward:0.00011809798888862133 - timing_s/old_log_prob:102.19721660297364 - timing_s/ref:99.93163467594422 - timing_s/adv:0.03945355210453272 - timing_s/update_actor:349.73121635615826 - timing_s/step:653.6934015220031 - timing_s/stop_profile:3.0099879950284958e-05 - timing_per_token_ms/update_actor:0.11673306640646058 - timing_per_token_ms/adv:1.316878191707943e-05 - timing_per_token_ms/ref:0.033355118448601555 - timing_per_token_ms/gen:0.044561818401508614 - perf/total_num_tokens:2995991 - perf/time_per_step:653.6934015220031 - perf/throughput:572.8968261390573[36m(TaskRunner pid=169079)[0m 
Training Progress:  80%|████████  | 48/60 [9:38:29<2:14:03, 670.26s/it]
[36m(TaskRunner pid=169079)[0m 
Training Progress:  82%|████████▏ | 49/60 [9:49:09<2:01:12, 661.15s/it]
[36m(TaskRunner pid=169079)[0m 
Training Progress:  83%|████████▎ | 50/60 [10:01:15<1:53:26, 680.60s/it]

[36m(TaskRunner pid=169079)[0m step:49 - actor/entropy:0.2966372072696686 - perf/mfu/actor_infer:0 - actor/kl_loss:0.013966736008770504 - actor/kl_coef:0.009999999999999998 - actor/pg_clipfrac:0.0009330744132332552 - actor/ppo_kl:4.948591213224856e-05 - actor/pg_clipfrac_lower:0.0 - actor/pg_loss:0.06386200996991626 - actor/grad_norm:0.10684410670428052 - perf/mfu/actor:0.0 - perf/max_memory_allocated_gb:89.10636520385742 - perf/max_memory_reserved_gb:92.546875 - perf/cpu_memory_used_gb:497.5980110168457 - actor/lr:1e-06 - training/global_step:49 - training/epoch:12 - critic/score/mean:0.537890613079071 - critic/score/max:0.8999999761581421 - critic/score/min:0.0 - critic/rewards/mean:0.537890613079071 - critic/rewards/max:0.8999999761581421 - critic/rewards/min:0.0 - critic/advantages/mean:-0.06428719311952591 - critic/advantages/max:1.7888498306274414 - critic/advantages/min:-1.7888498306274414 - critic/returns/mean:-0.06428719311952591 - critic/returns/max:1.7888498306274414 - critic/returns/min:-1.7888498306274414 - response_length/mean:824.1761474609375 - response_length/max:2048.0 - response_length/min:55.0 - response_length/clip_ratio:0.14531250298023224 - response_length_non_aborted/mean:824.1761474609375 - response_length_non_aborted/max:2048.0 - response_length_non_aborted/min:55.0 - response_length_non_aborted/clip_ratio:0.14531250298023224 - response/aborted_ratio:0.0 - prompt_length/mean:274.7265625 - prompt_length/max:842.0 - prompt_length/min:189.0 - prompt_length/clip_ratio:0.0 - num_turns/min:2 - num_turns/max:2 - num_turns/mean:2.0 - timing_s/start_profile:0.00025466596707701683 - timing_s/agent_loop/generate_sequences/min:10.265046961605549 - timing_s/agent_loop/generate_sequences/max:81.86615722440183 - timing_s/agent_loop/generate_sequences/mean:43.534187906712305 - timing_s/agent_loop/tool_calls/min:0.0 - timing_s/agent_loop/tool_calls/max:0.0 - timing_s/agent_loop/tool_calls/mean:0.0 - timing_s/agent_loop/slowest/generate_sequences:81.86615722440183 - timing_s/agent_loop/slowest/tool_calls:0.0 - timing_s/agent_loop/slowest/prompt_length:370 - timing_s/agent_loop/slowest/response_length:2048 - timing_s/gen:99.7863372550346 - timing_s/reward:0.00010507809929549694 - timing_s/old_log_prob:99.92635173001327 - timing_s/ref:95.37937356415205 - timing_s/adv:0.0469731988850981 - timing_s/update_actor:331.4334251610562 - timing_s/step:627.2605701421853 - timing_s/stop_profile:3.008008934557438e-05 - timing_per_token_ms/update_actor:0.11781405000977759 - timing_per_token_ms/adv:1.669747944064164e-05 - timing_per_token_ms/ref:0.03390433623744426 - timing_per_token_ms/gen:0.04729454614244745 - perf/total_num_tokens:2813191 - perf/time_per_step:627.2605701421853 - perf/throughput:560.6105209519059
[36m(TaskRunner pid=169079)[0m test_gen_batch meta info: {'eos_token_id': 151645, 'pad_token_id': 151643, 'recompute_log_prob': False, 'do_sample': False, 'validate': True, 'global_steps': 50}
[36m(TaskRunner pid=169079)[0m validation generation end
[36m(TaskRunner pid=169079)[0m step:50 - actor/entropy:0.30469629168510437 - perf/mfu/actor_infer:0 - actor/kl_loss:0.013108206062918149 - actor/kl_coef:0.009999999999999998 - actor/pg_clipfrac:0.0009709175393518601 - actor/ppo_kl:-1.4998586632422087e-05 - actor/pg_clipfrac_lower:4.288039460618009e-07 - actor/pg_loss:0.05601200737185546 - actor/grad_norm:0.11222728381029938 - perf/mfu/actor:0.0 - perf/max_memory_allocated_gb:89.32087421417236 - perf/max_memory_reserved_gb:92.546875 - perf/cpu_memory_used_gb:495.69826889038086 - actor/lr:1e-06 - val-aux/hiyouga/geometry3k/reward/mean@1:0.5376039791027837 - val-core/hiyouga/geometry3k/acc/mean@1:0.537603993344426 - val-aux/num_turns/min:2 - val-aux/num_turns/max:2 - val-aux/num_turns/mean:2.0 - training/global_step:50 - training/epoch:12 - critic/score/mean:0.5248827934265137 - critic/score/max:0.8999999761581421 - critic/score/min:0.0 - critic/rewards/mean:0.5248827934265137 - critic/rewards/max:0.8999999761581421 - critic/rewards/min:0.0 - critic/advantages/mean:-0.057902898639440536 - critic/advantages/max:1.7888498306274414 - critic/advantages/min:-1.7888498306274414 - critic/returns/mean:-0.057902898639440536 - critic/returns/max:1.7888498306274414 - critic/returns/min:-1.7888498306274414 - response_length/mean:899.900390625 - response_length/max:2048.0 - response_length/min:105.0 - response_length/clip_ratio:0.17343750596046448 - response_length_non_aborted/mean:899.900390625 - response_length_non_aborted/max:2048.0 - response_length_non_aborted/min:105.0 - response_length_non_aborted/clip_ratio:0.17343750596046448 - response/aborted_ratio:0.0 - prompt_length/mean:284.623046875 - prompt_length/max:842.0 - prompt_length/min:189.0 - prompt_length/clip_ratio:0.0 - num_turns/min:2 - num_turns/max:2 - num_turns/mean:2.0 - timing_s/start_profile:7.016793824732304e-05 - timing_s/agent_loop/generate_sequences/min:13.43511969037354 - timing_s/agent_loop/generate_sequences/max:88.44660504208878 - timing_s/agent_loop/generate_sequences/mean:49.066002606176696 - timing_s/agent_loop/tool_calls/min:0.0 - timing_s/agent_loop/tool_calls/max:0.0 - timing_s/agent_loop/tool_calls/mean:0.0 - timing_s/agent_loop/slowest/generate_sequences:88.44660504208878 - timing_s/agent_loop/slowest/tool_calls:0.0 - timing_s/agent_loop/slowest/prompt_length:207 - timing_s/agent_loop/slowest/response_length:2048 - timing_s/gen:104.7592474441044 - timing_s/reward:0.0001287069171667099 - timing_s/old_log_prob:106.91188880288973 - timing_s/ref:103.36600615503266 - timing_s/adv:0.037929192185401917 - timing_s/update_actor:358.79899079096504 - timing_s/step:674.1905408171006 - timing_s/testing:51.418406423181295 - timing_s/stop_profile:3.407895565032959e-05 - timing_per_token_ms/update_actor:0.11832256867245036 - timing_per_token_ms/adv:1.2508060396586811e-05 - timing_per_token_ms/ref:0.034087418514510935 - timing_per_token_ms/gen:0.04547345623934264 - perf/total_num_tokens:3032380 - perf/time_per_step:674.1905408171006 - perf/throughput:562.2260726776213
[36m(TaskRunner pid=169079)[0m step:51 - actor/entropy:0.2988835871219635 - perf/mfu/actor_infer:0 - actor/kl_loss:0.013789556985564904 - actor/kl_coef:0.009999999999999998 - actor/pg_clipfrac:0.0010598335654459186 - actor/ppo_kl:-6.4656984382283e-08 - actor/pg_clipfrac_lower:0.0 - actor/pg_loss:0.0629092208186214 - actor/grad_norm:0.11137480192779217 - perf/mfu/actor:0.0 - perf/max_memory_allocated_gb:89.52922439575195 - perf/max_memory_reserved_gb:92.759765625 - perf/cpu_memory_used_gb:494.53380966186523 - actor/lr:1e-06 - training/global_step:51 - training/epoch:12 - critic/score/mean:0.5382422208786011 - critic/score/max:0.8999999761581421 - critic/score/min:0.0 - critic/rewards/mean:0.5382422208786011 - critic/rewards/max:0.8999999761581421 - critic/rewards/min:0.0 - critic/advantages/mean:-0.06308741867542267 - critic/advantages/max:1.7888498306274414 - critic/advantages/min:-1.7888498306274414 - critic/returns/mean:-0.06308741867542267 - critic/returns/max:1.7888498306274414 - critic/returns/min:-1.7888498306274414 - response_length/mean:858.693359375 - response_length/max:2048.0 - response_length/min:57.0 - response_length/clip_ratio:0.15000000596046448 - response_length_non_aborted/mean:858.693359375 - response_length_non_aborted/max:2048.0 - response_length_non_aborted/min:57.0 - response_length_non_aborted/clip_ratio:0.15000000596046448 - response/aborted_ratio:0.0 - prompt_length/mean:282.548828125 - prompt_length/max:842.0 - prompt_length/min:190.0 - prompt_length/clip_ratio:0.0 - num_turns/min:2 - num_turns/max:2 - num_turns/mean:2.0 - timing_s/start_profile:3.2220035791397095e-05 - timing_s/agent_loop/generate_sequences/min:10.815009289886802 - timing_s/agent_loop/generate_sequences/max:86.1309304330498 - timing_s/agent_loop/generate_sequences/mean:46.739563648551936 - timing_s/agent_loop/tool_calls/min:0.0 - timing_s/agent_loop/tool_calls/max:0.0 - timing_s/agent_loop/tool_calls/mean:0.0 - timing_s/agent_loop/slowest/generate_sequences:86.1309304330498 - timing_s/agent_loop/slowest/tool_calls:0.0 - timing_s/agent_loop/slowest/prompt_length:326 - timing_s/agent_loop/slowest/response_length:2048 - timing_s/gen:102.89573998679407 - timing_s/reward:0.00011312682181596756 - timing_s/old_log_prob:103.98176807700656 - timing_s/ref:101.24420686112717 - timing_s/adv:0.12856919108889997 - timing_s/update_actor:350.56641348009 - timing_s/step:659.1317091269884 - timing_s/stop_profile:3.119884058833122e-05 - timing_per_token_ms/update_actor:0.11999206370528617 - timing_per_token_ms/adv:4.400673303106537e-05 - timing_per_token_ms/ref:0.03465392248753317 - timing_per_token_ms/gen:0.04680791809266626 - perf/total_num_tokens:2921580 - perf/time_per_step:659.1317091269884 - perf/throughput:554.0584604611109[36m(TaskRunner pid=169079)[0m 
Training Progress:  85%|████████▌ | 51/60 [10:12:14<1:41:08, 674.24s/it]
[36m(TaskRunner pid=169079)[0m 
Training Progress:  87%|████████▋ | 52/60 [10:23:09<1:29:07, 668.40s/it]
[36m(TaskRunner pid=169079)[0m 
Training Progress:  88%|████████▊ | 53/60 [10:34:27<1:18:18, 671.22s/it]

[36m(TaskRunner pid=169079)[0m step:52 - actor/entropy:0.29725420475006104 - perf/mfu/actor_infer:0 - actor/kl_loss:0.013687654645520382 - actor/kl_coef:0.009999999999999998 - actor/pg_clipfrac:0.0011204478694139017 - actor/ppo_kl:9.446089835077471e-06 - actor/pg_clipfrac_lower:0.0 - actor/pg_loss:0.060701302805845236 - actor/grad_norm:0.12658276990087486 - perf/mfu/actor:0.0 - perf/max_memory_allocated_gb:89.52922439575195 - perf/max_memory_reserved_gb:92.83984375 - perf/cpu_memory_used_gb:494.54017639160156 - actor/lr:1e-06 - training/global_step:52 - training/epoch:12 - critic/score/mean:0.5322656035423279 - critic/score/max:0.8999999761581421 - critic/score/min:0.0 - critic/rewards/mean:0.5322656035423279 - critic/rewards/max:0.8999999761581421 - critic/rewards/min:0.0 - critic/advantages/mean:-0.061544641852378845 - critic/advantages/max:1.7888498306274414 - critic/advantages/min:-1.7888498306274414 - critic/returns/mean:-0.061544641852378845 - critic/returns/max:1.7888498306274414 - critic/returns/min:-1.7888498306274414 - response_length/mean:863.416015625 - response_length/max:2048.0 - response_length/min:63.0 - response_length/clip_ratio:0.15273436903953552 - response_length_non_aborted/mean:863.416015625 - response_length_non_aborted/max:2048.0 - response_length_non_aborted/min:63.0 - response_length_non_aborted/clip_ratio:0.15273436903953552 - response/aborted_ratio:0.0 - prompt_length/mean:278.619140625 - prompt_length/max:664.0 - prompt_length/min:190.0 - prompt_length/clip_ratio:0.0 - num_turns/min:2 - num_turns/max:2 - num_turns/mean:2.0 - timing_s/start_profile:6.838911212980747e-05 - timing_s/agent_loop/generate_sequences/min:12.170709997415543 - timing_s/agent_loop/generate_sequences/max:84.63076026178896 - timing_s/agent_loop/generate_sequences/mean:47.06557195406767 - timing_s/agent_loop/tool_calls/min:0.0 - timing_s/agent_loop/tool_calls/max:0.0 - timing_s/agent_loop/tool_calls/mean:0.0 - timing_s/agent_loop/slowest/generate_sequences:84.63076026178896 - timing_s/agent_loop/slowest/tool_calls:0.0 - timing_s/agent_loop/slowest/prompt_length:306 - timing_s/agent_loop/slowest/response_length:2048 - timing_s/gen:99.96657236409374 - timing_s/reward:0.00013317703269422054 - timing_s/old_log_prob:102.46235514897853 - timing_s/ref:100.03232603683136 - timing_s/adv:0.1184233040548861 - timing_s/update_actor:351.5107315701898 - timing_s/step:654.4099856119137 - timing_s/stop_profile:2.8198817744851112e-05 - timing_per_token_ms/update_actor:0.12023174485317462 - timing_per_token_ms/adv:4.050584861006978e-05 - timing_per_token_ms/ref:0.034215345424605664 - timing_per_token_ms/gen:0.04522668287714983 - perf/total_num_tokens:2923610 - perf/time_per_step:654.4099856119137 - perf/throughput:558.4438777447451
[36m(TaskRunner pid=169079)[0m step:53 - actor/entropy:0.2980196475982666 - perf/mfu/actor_infer:0 - actor/kl_loss:0.014213073411321437 - actor/kl_coef:0.009999999999999998 - actor/pg_clipfrac:0.0010507646001397834 - actor/ppo_kl:2.837609987306099e-06 - actor/pg_clipfrac_lower:9.008206440987785e-07 - actor/pg_loss:0.06669891048990063 - actor/grad_norm:0.10259804395780497 - perf/mfu/actor:0.0 - perf/max_memory_allocated_gb:89.61420822143555 - perf/max_memory_reserved_gb:92.83984375 - perf/cpu_memory_used_gb:495.685359954834 - actor/lr:1e-06 - training/global_step:53 - training/epoch:13 - critic/score/mean:0.5582812428474426 - critic/score/max:0.8999999761581421 - critic/score/min:0.0 - critic/rewards/mean:0.5582812428474426 - critic/rewards/max:0.8999999761581421 - critic/rewards/min:0.0 - critic/advantages/mean:-0.0676993876695633 - critic/advantages/max:1.7888498306274414 - critic/advantages/min:-1.7888498306274414 - critic/returns/mean:-0.0676993876695633 - critic/returns/max:1.7888498306274414 - critic/returns/min:-1.7888498306274414 - response_length/mean:837.7980346679688 - response_length/max:2048.0 - response_length/min:73.0 - response_length/clip_ratio:0.13242188096046448 - response_length_non_aborted/mean:837.7980346679688 - response_length_non_aborted/max:2048.0 - response_length_non_aborted/min:73.0 - response_length_non_aborted/clip_ratio:0.13242188096046448 - response/aborted_ratio:0.0 - prompt_length/mean:287.88671875 - prompt_length/max:600.0 - prompt_length/min:191.0 - prompt_length/clip_ratio:0.0 - num_turns/min:2 - num_turns/max:2 - num_turns/mean:2.0 - timing_s/start_profile:0.00020835595205426216 - timing_s/agent_loop/generate_sequences/min:12.412948234006763 - timing_s/agent_loop/generate_sequences/max:82.06338075175881 - timing_s/agent_loop/generate_sequences/mean:45.50855370633708 - timing_s/agent_loop/tool_calls/min:0.0 - timing_s/agent_loop/tool_calls/max:0.0 - timing_s/agent_loop/tool_calls/mean:0.0 - timing_s/agent_loop/slowest/generate_sequences:82.06338075175881 - timing_s/agent_loop/slowest/tool_calls:0.0 - timing_s/agent_loop/slowest/prompt_length:358 - timing_s/agent_loop/slowest/response_length:2048 - timing_s/gen:100.28901890898123 - timing_s/reward:0.0001190470065921545 - timing_s/old_log_prob:109.71325408597477 - timing_s/ref:104.02840383793227 - timing_s/adv:0.08152536279521883 - timing_s/update_actor:349.49168952112086 - timing_s/step:663.9144620089792 - timing_s/stop_profile:3.321911208331585e-05 - timing_per_token_ms/update_actor:0.12127746185086677 - timing_per_token_ms/adv:2.8290197943827533e-05 - timing_per_token_ms/ref:0.03609900079497871 - timing_per_token_ms/gen:0.04675995385456633 - perf/total_num_tokens:2881753 - perf/time_per_step:663.9144620089792 - perf/throughput:542.5685771477113
[36m(TaskRunner pid=169079)[0m step:54 - actor/entropy:0.30428799986839294 - perf/mfu/actor_infer:0 - actor/kl_loss:0.01427946457794557 - actor/kl_coef:0.009999999999999998 - actor/pg_clipfrac:0.001051886182944549 - actor/ppo_kl:-2.553089844568035e-05 - actor/pg_clipfrac_lower:9.132326037312548e-07 - actor/pg_loss:0.07316614847804885 - actor/grad_norm:0.158141612024179 - perf/mfu/actor:0.0 - perf/max_memory_allocated_gb:89.61420822143555 - perf/max_memory_reserved_gb:92.87890625 - perf/cpu_memory_used_gb:495.04867935180664 - actor/lr:1e-06 - training/global_step:54 - training/epoch:13 - critic/score/mean:0.5238281488418579 - critic/score/max:0.8999999761581421 - critic/score/min:0.0 - critic/rewards/mean:0.5238281488418579 - critic/rewards/max:0.8999999761581421 - critic/rewards/min:0.0 - critic/advantages/mean:-0.07406622171401978 - critic/advantages/max:1.7888498306274414 - critic/advantages/min:-1.7888498306274414 - critic/returns/mean:-0.07406622171401978 - critic/returns/max:1.7888498306274414 - critic/returns/min:-1.7888498306274414 - response_length/mean:869.2281494140625 - response_length/max:2048.0 - response_length/min:74.0 - response_length/clip_ratio:0.15351562201976776 - response_length_non_aborted/mean:869.2281494140625 - response_length_non_aborted/max:2048.0 - response_length_non_aborted/min:74.0 - response_length_non_aborted/clip_ratio:0.15351562201976776 - response/aborted_ratio:0.0 - prompt_length/mean:277.41796875 - prompt_length/max:842.0 - prompt_length/min:190.0 - prompt_length/clip_ratio:0.0 - num_turns/min:2 - num_turns/max:2 - num_turns/mean:2.0 - timing_s/start_profile:8.972897194325924e-05 - timing_s/agent_loop/generate_sequences/min:11.982065963093191 - timing_s/agent_loop/generate_sequences/max:84.95069319102913 - timing_s/agent_loop/generate_sequences/mean:47.04642070299624 - timing_s/agent_loop/tool_calls/min:0.0 - timing_s/agent_loop/tool_calls/max:0.0 - timing_s/agent_loop/tool_calls/mean:0.0 - timing_s/agent_loop/slowest/generate_sequences:84.95069319102913 - timing_s/agent_loop/slowest/tool_calls:0.0 - timing_s/agent_loop/slowest/prompt_length:216 - timing_s/agent_loop/slowest/response_length:2048 - timing_s/gen:100.29599137604237 - timing_s/reward:0.00012933695688843727 - timing_s/old_log_prob:101.98508574604057 - timing_s/ref:98.23756638006307 - timing_s/adv:0.059540291083976626 - timing_s/update_actor:354.84868945297785 - timing_s/step:655.7287191420328 - timing_s/stop_profile:3.206986002624035e-05 - timing_per_token_ms/update_actor:0.12088539792103528 - timing_per_token_ms/adv:2.0283439093762115e-05 - timing_per_token_ms/ref:0.033466341163482585 - timing_per_token_ms/gen:0.045072312439575685 - perf/total_num_tokens:2935414 - perf/time_per_step:655.7287191420328 - perf/throughput:559.5709617234602[36m(TaskRunner pid=169079)[0m 
Training Progress:  90%|█████████ | 54/60 [10:45:23<1:06:40, 666.79s/it]
[36m(TaskRunner pid=169079)[0m 
Training Progress:  92%|█████████▏| 55/60 [10:57:08<56:30, 678.18s/it]  
[36m(TaskRunner pid=169079)[0m 
Training Progress:  93%|█████████▎| 56/60 [11:08:15<44:59, 674.96s/it]

[36m(TaskRunner pid=169079)[0m test_gen_batch meta info: {'eos_token_id': 151645, 'pad_token_id': 151643, 'recompute_log_prob': False, 'do_sample': False, 'validate': True, 'global_steps': 55}
[36m(TaskRunner pid=169079)[0m validation generation end
[36m(TaskRunner pid=169079)[0m step:55 - actor/entropy:0.29371118545532227 - perf/mfu/actor_infer:0 - actor/kl_loss:0.01403562143171406 - actor/kl_coef:0.009999999999999998 - actor/pg_clipfrac:0.0011050274565527847 - actor/ppo_kl:2.7778601081677488e-05 - actor/pg_clipfrac_lower:4.447195603312283e-07 - actor/pg_loss:0.05717120219698165 - actor/grad_norm:0.10895853072155282 - perf/mfu/actor:0.0 - perf/max_memory_allocated_gb:89.61420822143555 - perf/max_memory_reserved_gb:92.947265625 - perf/cpu_memory_used_gb:494.8880271911621 - actor/lr:1e-06 - val-aux/hiyouga/geometry3k/reward/mean@1:0.545091499703101 - val-core/hiyouga/geometry3k/acc/mean@1:0.5450915141430949 - val-aux/num_turns/min:2 - val-aux/num_turns/max:2 - val-aux/num_turns/mean:2.0 - training/global_step:55 - training/epoch:13 - critic/score/mean:0.5421093702316284 - critic/score/max:0.8999999761581421 - critic/score/min:0.0 - critic/rewards/mean:0.5421093702316284 - critic/rewards/max:0.8999999761581421 - critic/rewards/min:0.0 - critic/advantages/mean:-0.05712871998548508 - critic/advantages/max:1.7888498306274414 - critic/advantages/min:-1.7888498306274414 - critic/returns/mean:-0.05712871998548508 - critic/returns/max:1.7888498306274414 - critic/returns/min:-1.7888498306274414 - response_length/mean:853.8504028320312 - response_length/max:2048.0 - response_length/min:51.0 - response_length/clip_ratio:0.15000000596046448 - response_length_non_aborted/mean:853.8504028320312 - response_length_non_aborted/max:2048.0 - response_length_non_aborted/min:51.0 - response_length_non_aborted/clip_ratio:0.15000000596046448 - response/aborted_ratio:0.0 - prompt_length/mean:278.552734375 - prompt_length/max:842.0 - prompt_length/min:190.0 - prompt_length/clip_ratio:0.0 - num_turns/min:2 - num_turns/max:2 - num_turns/mean:2.0 - timing_s/start_profile:3.726896829903126e-05 - timing_s/agent_loop/generate_sequences/min:9.355572804808617 - timing_s/agent_loop/generate_sequences/max:85.83749804785475 - timing_s/agent_loop/generate_sequences/mean:46.15169909118422 - timing_s/agent_loop/tool_calls/min:0.0 - timing_s/agent_loop/tool_calls/max:0.0 - timing_s/agent_loop/tool_calls/mean:0.0 - timing_s/agent_loop/slowest/generate_sequences:85.83749804785475 - timing_s/agent_loop/slowest/tool_calls:0.0 - timing_s/agent_loop/slowest/prompt_length:208 - timing_s/agent_loop/slowest/response_length:2048 - timing_s/gen:101.23956294404343 - timing_s/reward:0.00013267784379422665 - timing_s/old_log_prob:102.92709497292526 - timing_s/ref:99.82617637398653 - timing_s/adv:0.6732763040345162 - timing_s/update_actor:346.6563936928287 - timing_s/step:651.6319017959759 - timing_s/testing:52.83264739392325 - timing_s/stop_profile:3.691902384161949e-05 - timing_per_token_ms/update_actor:0.1195799011825062 - timing_per_token_ms/adv:0.00023224817245491344 - timing_per_token_ms/ref:0.03443526363112826 - timing_per_token_ms/gen:0.046315730143391555 - perf/total_num_tokens:2898952 - perf/time_per_step:651.6319017959759 - perf/throughput:556.0946279659843
[36m(TaskRunner pid=169079)[0m step:56 - actor/entropy:0.30604541301727295 - perf/mfu/actor_infer:0 - actor/kl_loss:0.014372509361787156 - actor/kl_coef:0.009999999999999998 - actor/pg_clipfrac:0.0009880975010493965 - actor/ppo_kl:6.3550550878842064e-06 - actor/pg_clipfrac_lower:0.0 - actor/pg_loss:0.06778807322121133 - actor/grad_norm:0.12295700415297392 - perf/mfu/actor:0.0 - perf/max_memory_allocated_gb:89.67712497711182 - perf/max_memory_reserved_gb:93.228515625 - perf/cpu_memory_used_gb:494.3472900390625 - actor/lr:1e-06 - training/global_step:56 - training/epoch:13 - critic/score/mean:0.5385937094688416 - critic/score/max:0.8999999761581421 - critic/score/min:0.0 - critic/rewards/mean:0.5385937094688416 - critic/rewards/max:0.8999999761581421 - critic/rewards/min:0.0 - critic/advantages/mean:-0.06820357590913773 - critic/advantages/max:1.7888498306274414 - critic/advantages/min:-1.7888498306274414 - critic/returns/mean:-0.06820357590913773 - critic/returns/max:1.7888498306274414 - critic/returns/min:-1.7888498306274414 - response_length/mean:880.6422119140625 - response_length/max:2048.0 - response_length/min:76.0 - response_length/clip_ratio:0.16328124701976776 - response_length_non_aborted/mean:880.6422119140625 - response_length_non_aborted/max:2048.0 - response_length_non_aborted/min:76.0 - response_length_non_aborted/clip_ratio:0.16328124701976776 - response/aborted_ratio:0.0 - prompt_length/mean:277.79296875 - prompt_length/max:596.0 - prompt_length/min:189.0 - prompt_length/clip_ratio:0.0 - num_turns/min:2 - num_turns/max:2 - num_turns/mean:2.0 - timing_s/start_profile:3.837910480797291e-05 - timing_s/agent_loop/generate_sequences/min:11.50701492652297 - timing_s/agent_loop/generate_sequences/max:86.38151053711772 - timing_s/agent_loop/generate_sequences/mean:47.30259258336819 - timing_s/agent_loop/tool_calls/min:0.0 - timing_s/agent_loop/tool_calls/max:0.0 - timing_s/agent_loop/tool_calls/mean:0.0 - timing_s/agent_loop/slowest/generate_sequences:86.38151053711772 - timing_s/agent_loop/slowest/tool_calls:0.0 - timing_s/agent_loop/slowest/prompt_length:396 - timing_s/agent_loop/slowest/response_length:2048 - timing_s/gen:102.66150699788705 - timing_s/reward:0.00012410711497068405 - timing_s/old_log_prob:106.00039016199298 - timing_s/ref:101.66018608491868 - timing_s/adv:0.08484911918640137 - timing_s/update_actor:355.669369810028 - timing_s/step:666.3793595470488 - timing_s/stop_profile:2.968008629977703e-05 - timing_per_token_ms/update_actor:0.11993191576798037 - timing_per_token_ms/adv:2.8611171720202214e-05 - timing_per_token_ms/ref:0.0342798731333145 - timing_per_token_ms/gen:0.04553739502861329 - perf/total_num_tokens:2965594 - perf/time_per_step:666.3793595470488 - perf/throughput:556.2886135188395
[36m(TaskRunner pid=169079)[0m step:57 - actor/entropy:0.29779115319252014 - perf/mfu/actor_infer:0 - actor/kl_loss:0.014526692689829023 - actor/kl_coef:0.009999999999999998 - actor/pg_clipfrac:0.0011742649014016278 - actor/ppo_kl:2.9547301882988995e-05 - actor/pg_clipfrac_lower:4.246565745507311e-07 - actor/pg_loss:0.06942152621366383 - actor/grad_norm:0.12700911923975539 - perf/mfu/actor:0.0 - perf/max_memory_allocated_gb:89.67712497711182 - perf/max_memory_reserved_gb:93.228515625 - perf/cpu_memory_used_gb:495.47748947143555 - actor/lr:1e-06 - training/global_step:57 - training/epoch:14 - critic/score/mean:0.5357812643051147 - critic/score/max:0.8999999761581421 - critic/score/min:0.0 - critic/rewards/mean:0.5357812643051147 - critic/rewards/max:0.8999999761581421 - critic/rewards/min:0.0 - critic/advantages/mean:-0.06919702142477036 - critic/advantages/max:1.7888498306274414 - critic/advantages/min:-1.7888498306274414 - critic/returns/mean:-0.06919702142477036 - critic/returns/max:1.7888498306274414 - critic/returns/min:-1.7888498306274414 - response_length/mean:880.619140625 - response_length/max:2048.0 - response_length/min:99.0 - response_length/clip_ratio:0.15195313096046448 - response_length_non_aborted/mean:880.619140625 - response_length_non_aborted/max:2048.0 - response_length_non_aborted/min:99.0 - response_length_non_aborted/clip_ratio:0.15195313096046448 - response/aborted_ratio:0.0 - prompt_length/mean:285.603515625 - prompt_length/max:842.0 - prompt_length/min:190.0 - prompt_length/clip_ratio:0.0 - num_turns/min:2 - num_turns/max:2 - num_turns/mean:2.0 - timing_s/start_profile:0.00023875501938164234 - timing_s/agent_loop/generate_sequences/min:13.244728844845667 - timing_s/agent_loop/generate_sequences/max:88.32368857297115 - timing_s/agent_loop/generate_sequences/mean:47.86978208910168 - timing_s/agent_loop/tool_calls/min:0.0 - timing_s/agent_loop/tool_calls/max:0.0 - timing_s/agent_loop/tool_calls/mean:0.0 - timing_s/agent_loop/slowest/generate_sequences:88.32368857297115 - timing_s/agent_loop/slowest/tool_calls:0.0 - timing_s/agent_loop/slowest/prompt_length:363 - timing_s/agent_loop/slowest/response_length:2048 - timing_s/gen:106.41620500409044 - timing_s/reward:0.00016647693701088428 - timing_s/old_log_prob:106.81286996114068 - timing_s/ref:102.66321289399639 - timing_s/adv:0.20515523292124271 - timing_s/update_actor:362.3520709259901 - timing_s/step:678.7630571539048 - timing_s/stop_profile:2.736900933086872e-05 - timing_per_token_ms/update_actor:0.12136942885383503 - timing_per_token_ms/adv:6.871652032344097e-05 - timing_per_token_ms/ref:0.03438693059322679 - timing_per_token_ms/gen:0.047204095575551844 - perf/total_num_tokens:2985530 - perf/time_per_step:678.7630571539048 - perf/throughput:549.8107860566452[36m(TaskRunner pid=169079)[0m 
Training Progress:  95%|█████████▌| 57/60 [11:19:47<33:59, 679.89s/it]
[36m(TaskRunner pid=169079)[0m 
Training Progress:  97%|█████████▋| 58/60 [11:30:50<22:29, 674.81s/it]
[36m(TaskRunner pid=169079)[0m 
Training Progress:  98%|█████████▊| 59/60 [11:41:42<11:08, 668.15s/it]
[36m(WorkerDict pid=113552, ip=node2)[0m WARNING:2026-01-07 16:42:56,532:Rank 2 common state dict differs from rank 0 common state dict. Keys only on rank 0: [], Keys only on 2: [('optimizer', 'param_state', 97), ('optimizer', 'param_state', 98), ('optimizer', 'param_state', 99), ('optimizer', 'param_state', 100), ('optimizer', 'param_state', 101), ('optimizer', 'param_state', 102), ('optimizer', 'param_state', 103), ('optimizer', 'param_state', 104), ('optimizer', 'param_state', 105), ('optimizer', 'param_state', 106), ('optimizer', 'param_state', 107), ('optimizer', 'param_state', 108), ('optimizer', 'param_state', 109), ('optimizer', 'param_state', 110), ('optimizer', 'param_state', 111), ('optimizer', 'param_state', 112), ('optimizer', 'param_state', 113), ('optimizer', 'param_state', 114), ('optimizer', 'param_state', 115), ('optimizer', 'param_state', 116), ('optimizer', 'param_state', 117), ('optimizer', 'param_state', 118), ('optimizer', 'param_state', 119), ('optimizer', 'param_state', 120), ('optimizer', 'param_state', 121), ('optimizer', 'param_state', 122), ('optimizer', 'param_state', 123), ('optimizer', 'param_state', 124), ('optimizer', 'param_state', 125), ('optimizer', 'param_state', 126), ('optimizer', 'param_state', 127), ('optimizer', 'param_state', 128), ('optimizer', 'param_state', 129), ('optimizer', 'param_state', 130), ('optimizer', 'param_state', 131), ('optimizer', 'param_state', 132), ('optimizer', 'param_state', 133), ('optimizer', 'param_state', 134), ('optimizer', 'param_state', 135), ('optimizer', 'param_state', 136), ('optimizer', 'param_state', 137), ('optimizer', 'param_state', 138), ('optimizer', 'param_state', 139), ('optimizer', 'param_state', 140), ('optimizer', 'param_state', 141), ('optimizer', 'param_state', 142), ('optimizer', 'param_state', 143), ('optimizer', 'param_state', 144), ('optimizer', 'param_state', 145), ('optimizer', 'param_state', 146), ('optimizer', 'param_state', 147), ('optimizer', 'param_state', 148), ('optimizer', 'param_state', 149), ('optimizer', 'param_state', 150), ('optimizer', 'param_state', 151), ('optimizer', 'param_state', 152), ('optimizer', 'param_state', 153), ('optimizer', 'param_state', 154), ('optimizer', 'param_state', 155), ('optimizer', 'param_state', 156), ('optimizer', 'param_state', 157), ('optimizer', 'param_state', 158), ('optimizer', 'param_state', 159), ('optimizer', 'param_state', 160), ('optimizer', 'param_state', 161), ('optimizer', 'param_state', 162), ('optimizer', 'param_state', 163), ('optimizer', 'param_state', 164), ('optimizer', 'param_state', 165), ('optimizer', 'param_state', 166), ('optimizer', 'param_state', 167), ('optimizer', 'param_state', 168), ('optimizer', 'param_state', 169), ('optimizer', 'param_state', 170), ('optimizer', 'param_state', 171), ('optimizer', 'param_state', 172), ('optimizer', 'param_state', 173), ('optimizer', 'param_state', 174), ('optimizer', 'param_state', 175), ('optimizer', 'param_state', 176), ('optimizer', 'param_state', 177), ('optimizer', 'param_state', 178), ('optimizer', 'param_state', 179), ('optimizer', 'param_state', 180), ('optimizer', 'param_state', 181), ('optimizer', 'param_state', 182), ('optimizer', 'param_state', 183), ('optimizer', 'param_state', 184), ('optimizer', 'param_state', 185), ('optimizer', 'param_state', 186), ('optimizer', 'param_state', 187), ('optimizer', 'param_state', 188), ('optimizer', 'param_state', 189), ('optimizer', 'param_state', 190), ('optimizer', 'param_state', 191), ('optimizer', 'param_state', 192), ('optimizer', 'param_state', 193), ('optimizer', 'param_state', 194), ('optimizer', 'param_state', 195), ('optimizer', 'param_state', 196), ('optimizer', 'param_state', 197), ('optimizer', 'param_state', 198), ('optimizer', 'param_state', 199), ('optimizer', 'param_state', 200), ('optimizer', 'param_state', 201), ('optimizer', 'param_state', 202), ('optimizer', 'param_state', 203), ('optimizer', 'param_state', 204), ('optimizer', 'param_state', 205), ('optimizer', 'param_state', 206), ('optimizer', 'param_state', 207), ('optimizer', 'param_state', 208), ('optimizer', 'param_state', 209), ('optimizer', 'param_state', 210), ('optimizer', 'param_state', 211), ('optimizer', 'param_state', 212), ('optimizer', 'param_state', 213), ('optimizer', 'param_state', 214), ('optimizer', 'param_state', 215), ('optimizer', 'param_state', 216), ('optimizer', 'param_state', 217), ('optimizer', 'param_state', 218), ('optimizer', 'param_state', 219), ('optimizer', 'param_state', 220), ('optimizer', 'param_state', 221), ('optimizer', 'param_state', 222), ('optimizer', 'param_state', 223), ('optimizer', 'param_state', 224), ('optimizer', 'param_state', 225), ('optimizer', 'param_state', 226), ('optimizer', 'param_state', 227), ('optimizer', 'param_state', 228), ('optimizer', 'param_state', 229), ('optimizer', 'param_state', 230), ('optimizer', 'param_state', 231), ('optimizer', 'param_state', 232), ('optimizer', 'param_state', 233), ('optimizer', 'param_state', 234), ('optimizer', 'param_state', 235), ('optimizer', 'param_state', 236), ('optimizer', 'param_state', 237), ('optimizer', 'param_state', 238), ('optimizer', 'param_state', 239), ('optimizer', 'param_state', 240), ('optimizer', 'param_state', 241), ('optimizer', 'param_state', 242), ('optimizer', 'param_state', 243), ('optimizer', 'param_state', 244), ('optimizer', 'param_state', 245), ('optimizer', 'param_state', 246), ('optimizer', 'param_state', 247), ('optimizer', 'param_state', 248), ('optimizer', 'param_state', 249), ('optimizer', 'param_state', 250), ('optimizer', 'param_state', 251), ('optimizer', 'param_state', 252), ('optimizer', 'param_state', 253), ('optimizer', 'param_state', 254), ('optimizer', 'param_state', 255), ('optimizer', 'param_state', 256), ('optimizer', 'param_state', 257), ('optimizer', 'param_state', 258), ('optimizer', 'param_state', 259), ('optimizer', 'param_state', 260), ('optimizer', 'param_state', 261), ('optimizer', 'param_state', 262), ('optimizer', 'param_state', 263), ('optimizer', 'param_state', 264), ('optimizer', 'param_state', 265), ('optimizer', 'param_state', 266), ('optimizer', 'param_state', 267), ('optimizer', 'param_state', 268), ('optimizer', 'param_state', 269), ('optimizer', 'param_state', 270), ('optimizer', 'param_state', 271), ('optimizer', 'param_state', 272), ('optimizer', 'param_state', 273), ('optimizer', 'param_state', 274), ('optimizer', 'param_state', 275), ('optimizer', 'param_state', 276), ('optimizer', 'param_state', 277), ('optimizer', 'param_state', 278), ('optimizer', 'param_state', 279), ('optimizer', 'param_state', 280), ('optimizer', 'param_state', 281), ('optimizer', 'param_state', 282), ('optimizer', 'param_state', 283), ('optimizer', 'param_state', 284), ('optimizer', 'param_state', 285), ('optimizer', 'param_state', 286), ('optimizer', 'param_state', 287), ('optimizer', 'param_state', 288), ('optimizer', 'param_state', 289), ('optimizer', 'param_state', 290), ('optimizer', 'param_state', 291), ('optimizer', 'param_state', 292), ('optimizer', 'param_state', 293), ('optimizer', 'param_state', 294), ('optimizer', 'param_state', 295), ('optimizer', 'param_state', 296), ('optimizer', 'param_state', 297), ('optimizer', 'param_state', 298), ('optimizer', 'param_state', 299), ('optimizer', 'param_state', 300), ('optimizer', 'param_state', 301), ('optimizer', 'param_state', 302), ('optimizer', 'param_state', 303), ('optimizer', 'param_state', 304), ('optimizer', 'param_state', 305), ('optimizer', 'param_state', 306), ('optimizer', 'param_state', 307), ('optimizer', 'param_state', 308), ('optimizer', 'param_state', 309), ('optimizer', 'param_state', 310), ('optimizer', 'param_state', 311), ('optimizer', 'param_state', 312), ('optimizer', 'param_state', 313), ('optimizer', 'param_state', 314), ('optimizer', 'param_state', 315), ('optimizer', 'param_state', 316), ('optimizer', 'param_state', 317), ('optimizer', 'param_state', 318), ('optimizer', 'param_state', 319), ('optimizer', 'param_state', 320), ('optimizer', 'param_state', 321), ('optimizer', 'param_state', 322), ('optimizer', 'param_state', 323), ('optimizer', 'param_state', 324), ('optimizer', 'param_state', 325), ('optimizer', 'param_state', 326), ('optimizer', 'param_state', 327), ('optimizer', 'param_state', 328), ('optimizer', 'param_state', 329), ('optimizer', 'param_state', 330), ('optimizer', 'param_state', 331), ('optimizer', 'param_state', 332), ('optimizer', 'param_state', 333), ('optimizer', 'param_state', 334), ('optimizer', 'param_state', 335), ('optimizer', 'param_state', 336), ('optimizer', 'param_state', 337), ('optimizer', 'param_state', 338), ('optimizer', 'param_state', 339), ('optimizer', 'param_state', 340), ('optimizer', 'param_state', 341), ('optimizer', 'param_state', 342), ('optimizer', 'param_state', 343), ('optimizer', 'param_state', 344), ('optimizer', 'param_state', 345), ('optimizer', 'param_state', 346), ('optimizer', 'param_state', 347), ('optimizer', 'param_state', 348), ('optimizer', 'param_state', 349), ('optimizer', 'param_state', 350), ('optimizer', 'param_state', 351), ('optimizer', 'param_state', 352), ('optimizer', 'param_state', 353), ('optimizer', 'param_state', 354), ('optimizer', 'param_state', 355), ('optimizer', 'param_state', 356), ('optimizer', 'param_state', 357), ('optimizer', 'param_state', 358), ('optimizer', 'param_state', 359), ('optimizer', 'param_state', 360), ('optimizer', 'param_state', 361), ('optimizer', 'param_state', 362), ('optimizer', 'param_state', 363), ('optimizer', 'param_state', 364), ('optimizer', 'param_state', 365), ('optimizer', 'param_state', 366), ('optimizer', 'param_state', 367), ('optimizer', 'param_state', 368), ('optimizer', 'param_state', 369), ('optimizer', 'param_state', 370), ('optimizer', 'param_state', 371), ('optimizer', 'param_state', 372), ('optimizer', 'param_state', 373), ('optimizer', 'param_state', 374), ('optimizer', 'param_state', 375), ('optimizer', 'param_state', 376), ('optimizer', 'param_state', 377), ('optimizer', 'param_state', 378), ('optimizer', 'param_state', 379), ('optimizer', 'param_state', 380), ('optimizer', 'param_state', 381), ('optimizer', 'param_state', 382), ('optimizer', 'param_state', 383), ('optimizer', 'param_state', 384), ('optimizer', 'param_state', 385), ('optimizer', 'param_state', 386), ('optimizer', 'param_state', 387), ('optimizer', 'param_state', 388), ('optimizer', 'param_state', 389), ('optimizer', 'param_state', 390), ('optimizer', 'param_state', 391), ('optimizer', 'param_state', 392), ('optimizer', 'param_state', 393), ('optimizer', 'param_state', 394), ('optimizer', 'param_state', 395), ('optimizer', 'param_state', 396), ('optimizer', 'param_state', 397), ('optimizer', 'param_state', 398), ('optimizer', 'param_state', 399)], Mismatched keys: []
[36m(WorkerDict pid=113557, ip=node2)[0m WARNING:2026-01-07 16:42:56,532:Rank 4 common state dict differs from rank 0 common state dict. Keys only on rank 0: [('optimizer', 'param_state', 60), ('optimizer', 'param_state', 61), ('optimizer', 'param_state', 62), ('optimizer', 'param_state', 63), ('optimizer', 'param_state', 64), ('optimizer', 'param_state', 65), ('optimizer', 'param_state', 66), ('optimizer', 'param_state', 67), ('optimizer', 'param_state', 68), ('optimizer', 'param_state', 69), ('optimizer', 'param_state', 70), ('optimizer', 'param_state', 71), ('optimizer', 'param_state', 72), ('optimizer', 'param_state', 73), ('optimizer', 'param_state', 74), ('optimizer', 'param_state', 75), ('optimizer', 'param_state', 76), ('optimizer', 'param_state', 77), ('optimizer', 'param_state', 78), ('optimizer', 'param_state', 79), ('optimizer', 'param_state', 80), ('optimizer', 'param_state', 81), ('optimizer', 'param_state', 82), ('optimizer', 'param_state', 83), ('optimizer', 'param_state', 84), ('optimizer', 'param_state', 85), ('optimizer', 'param_state', 86), ('optimizer', 'param_state', 87), ('optimizer', 'param_state', 88), ('optimizer', 'param_state', 89), ('optimizer', 'param_state', 90), ('optimizer', 'param_state', 91), ('optimizer', 'param_state', 92), ('optimizer', 'param_state', 93), ('optimizer', 'param_state', 94), ('optimizer', 'param_state', 95), ('optimizer', 'param_state', 96)], Keys only on 4: [], Mismatched keys: []
[36m(WorkerDict pid=113565, ip=node2)[0m WARNING:2026-01-07 16:42:56,531:Rank 6 common state dict differs from rank 0 common state dict. Keys only on rank 0: [('optimizer', 'param_state', 87), ('optimizer', 'param_state', 88), ('optimizer', 'param_state', 89), ('optimizer', 'param_state', 90), ('optimizer', 'param_state', 91), ('optimizer', 'param_state', 92), ('optimizer', 'param_state', 93), ('optimizer', 'param_state', 94), ('optimizer', 'param_state', 95), ('optimizer', 'param_state', 96)], Keys only on 6: [], Mismatched keys: []
[36m(WorkerDict pid=113550, ip=node2)[0m INFO:2026-01-07 16:49:02,428:[Rank 0] Saving HF model checkpoint to /workspace/recipe/exp/checkpoint/qwen3_vl_8b_megatron_/global_step_60/actor with bridge
[36m(WorkerDict pid=113553, ip=node2)[0m WARNING:2026-01-07 16:42:56,532:Rank 3 common state dict differs from rank 0 common state dict. Keys only on rank 0: [], Keys only on 3: [('optimizer', 'param_state', 97), ('optimizer', 'param_state', 98), ('optimizer', 'param_state', 99), ('optimizer', 'param_state', 100), ('optimizer', 'param_state', 101), ('optimizer', 'param_state', 102), ('optimizer', 'param_state', 103), ('optimizer', 'param_state', 104), ('optimizer', 'param_state', 105), ('optimizer', 'param_state', 106), ('optimizer', 'param_state', 107), ('optimizer', 'param_state', 108), ('optimizer', 'param_state', 109), ('optimizer', 'param_state', 110), ('optimizer', 'param_state', 111), ('optimizer', 'param_state', 112), ('optimizer', 'param_state', 113), ('optimizer', 'param_state', 114), ('optimizer', 'param_state', 115), ('optimizer', 'param_state', 116), ('optimizer', 'param_state', 117), ('optimizer', 'param_state', 118), ('optimizer', 'param_state', 119), ('optimizer', 'param_state', 120), ('optimizer', 'param_state', 121), ('optimizer', 'param_state', 122), ('optimizer', 'param_state', 123), ('optimizer', 'param_state', 124), ('optimizer', 'param_state', 125), ('optimizer', 'param_state', 126), ('optimizer', 'param_state', 127), ('optimizer', 'param_state', 128), ('optimizer', 'param_state', 129), ('optimizer', 'param_state', 130), ('optimizer', 'param_state', 131), ('optimizer', 'param_state', 132), ('optimizer', 'param_state', 133), ('optimizer', 'param_state', 134), ('optimizer', 'param_state', 135), ('optimizer', 'param_state', 136), ('optimizer', 'param_state', 137), ('optimizer', 'param_state', 138), ('optimizer', 'param_state', 139), ('optimizer', 'param_state', 140), ('optimizer', 'param_state', 141), ('optimizer', 'param_state', 142), ('optimizer', 'param_state', 143), ('optimizer', 'param_state', 144), ('optimizer', 'param_state', 145), ('optimizer', 'param_state', 146), ('optimizer', 'param_state', 147), ('optimizer', 'param_state', 148), ('optimizer', 'param_state', 149), ('optimizer', 'param_state', 150), ('optimizer', 'param_state', 151), ('optimizer', 'param_state', 152), ('optimizer', 'param_state', 153), ('optimizer', 'param_state', 154), ('optimizer', 'param_state', 155), ('optimizer', 'param_state', 156), ('optimizer', 'param_state', 157), ('optimizer', 'param_state', 158), ('optimizer', 'param_state', 159), ('optimizer', 'param_state', 160), ('optimizer', 'param_state', 161), ('optimizer', 'param_state', 162), ('optimizer', 'param_state', 163), ('optimizer', 'param_state', 164), ('optimizer', 'param_state', 165), ('optimizer', 'param_state', 166), ('optimizer', 'param_state', 167), ('optimizer', 'param_state', 168), ('optimizer', 'param_state', 169), ('optimizer', 'param_state', 170), ('optimizer', 'param_state', 171), ('optimizer', 'param_state', 172), ('optimizer', 'param_state', 173), ('optimizer', 'param_state', 174), ('optimizer', 'param_state', 175), ('optimizer', 'param_state', 176), ('optimizer', 'param_state', 177), ('optimizer', 'param_state', 178), ('optimizer', 'param_state', 179), ('optimizer', 'param_state', 180), ('optimizer', 'param_state', 181), ('optimizer', 'param_state', 182), ('optimizer', 'param_state', 183), ('optimizer', 'param_state', 184), ('optimizer', 'param_state', 185), ('optimizer', 'param_state', 186), ('optimizer', 'param_state', 187), ('optimizer', 'param_state', 188), ('optimizer', 'param_state', 189), ('optimizer', 'param_state', 190), ('optimizer', 'param_state', 191), ('optimizer', 'param_state', 192), ('optimizer', 'param_state', 193), ('optimizer', 'param_state', 194), ('optimizer', 'param_state', 195), ('optimizer', 'param_state', 196), ('optimizer', 'param_state', 197), ('optimizer', 'param_state', 198), ('optimizer', 'param_state', 199), ('optimizer', 'param_state', 200), ('optimizer', 'param_state', 201), ('optimizer', 'param_state', 202), ('optimizer', 'param_state', 203), ('optimizer', 'param_state', 204), ('optimizer', 'param_state', 205), ('optimizer', 'param_state', 206), ('optimizer', 'param_state', 207), ('optimizer', 'param_state', 208), ('optimizer', 'param_state', 209), ('optimizer', 'param_state', 210), ('optimizer', 'param_state', 211), ('optimizer', 'param_state', 212), ('optimizer', 'param_state', 213), ('optimizer', 'param_state', 214), ('optimizer', 'param_state', 215), ('optimizer', 'param_state', 216), ('optimizer', 'param_state', 217), ('optimizer', 'param_state', 218), ('optimizer', 'param_state', 219), ('optimizer', 'param_state', 220), ('optimizer', 'param_state', 221), ('optimizer', 'param_state', 222), ('optimizer', 'param_state', 223), ('optimizer', 'param_state', 224), ('optimizer', 'param_state', 225), ('optimizer', 'param_state', 226), ('optimizer', 'param_state', 227), ('optimizer', 'param_state', 228), ('optimizer', 'param_state', 229), ('optimizer', 'param_state', 230), ('optimizer', 'param_state', 231), ('optimizer', 'param_state', 232), ('optimizer', 'param_state', 233), ('optimizer', 'param_state', 234), ('optimizer', 'param_state', 235), ('optimizer', 'param_state', 236), ('optimizer', 'param_state', 237), ('optimizer', 'param_state', 238), ('optimizer', 'param_state', 239), ('optimizer', 'param_state', 240), ('optimizer', 'param_state', 241), ('optimizer', 'param_state', 242), ('optimizer', 'param_state', 243), ('optimizer', 'param_state', 244), ('optimizer', 'param_state', 245), ('optimizer', 'param_state', 246), ('optimizer', 'param_state', 247), ('optimizer', 'param_state', 248), ('optimizer', 'param_state', 249), ('optimizer', 'param_state', 250), ('optimizer', 'param_state', 251), ('optimizer', 'param_state', 252), ('optimizer', 'param_state', 253), ('optimizer', 'param_state', 254), ('optimizer', 'param_state', 255), ('optimizer', 'param_state', 256), ('optimizer', 'param_state', 257), ('optimizer', 'param_state', 258), ('optimizer', 'param_state', 259), ('optimizer', 'param_state', 260), ('optimizer', 'param_state', 261), ('optimizer', 'param_state', 262), ('optimizer', 'param_state', 263), ('optimizer', 'param_state', 264), ('optimizer', 'param_state', 265), ('optimizer', 'param_state', 266), ('optimizer', 'param_state', 267), ('optimizer', 'param_state', 268), ('optimizer', 'param_state', 269), ('optimizer', 'param_state', 270), ('optimizer', 'param_state', 271), ('optimizer', 'param_state', 272), ('optimizer', 'param_state', 273), ('optimizer', 'param_state', 274), ('optimizer', 'param_state', 275), ('optimizer', 'param_state', 276), ('optimizer', 'param_state', 277), ('optimizer', 'param_state', 278), ('optimizer', 'param_state', 279), ('optimizer', 'param_state', 280), ('optimizer', 'param_state', 281), ('optimizer', 'param_state', 282), ('optimizer', 'param_state', 283), ('optimizer', 'param_state', 284), ('optimizer', 'param_state', 285), ('optimizer', 'param_state', 286), ('optimizer', 'param_state', 287), ('optimizer', 'param_state', 288), ('optimizer', 'param_state', 289), ('optimizer', 'param_state', 290), ('optimizer', 'param_state', 291), ('optimizer', 'param_state', 292), ('optimizer', 'param_state', 293), ('optimizer', 'param_state', 294), ('optimizer', 'param_state', 295), ('optimizer', 'param_state', 296), ('optimizer', 'param_state', 297), ('optimizer', 'param_state', 298), ('optimizer', 'param_state', 299), ('optimizer', 'param_state', 300), ('optimizer', 'param_state', 301), ('optimizer', 'param_state', 302), ('optimizer', 'param_state', 303), ('optimizer', 'param_state', 304), ('optimizer', 'param_state', 305), ('optimizer', 'param_state', 306), ('optimizer', 'param_state', 307), ('optimizer', 'param_state', 308), ('optimizer', 'param_state', 309), ('optimizer', 'param_state', 310), ('optimizer', 'param_state', 311), ('optimizer', 'param_state', 312), ('optimizer', 'param_state', 313), ('optimizer', 'param_state', 314), ('optimizer', 'param_state', 315), ('optimizer', 'param_state', 316), ('optimizer', 'param_state', 317), ('optimizer', 'param_state', 318), ('optimizer', 'param_state', 319), ('optimizer', 'param_state', 320), ('optimizer', 'param_state', 321), ('optimizer', 'param_state', 322), ('optimizer', 'param_state', 323), ('optimizer', 'param_state', 324), ('optimizer', 'param_state', 325), ('optimizer', 'param_state', 326), ('optimizer', 'param_state', 327), ('optimizer', 'param_state', 328), ('optimizer', 'param_state', 329), ('optimizer', 'param_state', 330), ('optimizer', 'param_state', 331), ('optimizer', 'param_state', 332), ('optimizer', 'param_state', 333), ('optimizer', 'param_state', 334), ('optimizer', 'param_state', 335), ('optimizer', 'param_state', 336), ('optimizer', 'param_state', 337), ('optimizer', 'param_state', 338), ('optimizer', 'param_state', 339), ('optimizer', 'param_state', 340), ('optimizer', 'param_state', 341), ('optimizer', 'param_state', 342), ('optimizer', 'param_state', 343), ('optimizer', 'param_state', 344), ('optimizer', 'param_state', 345), ('optimizer', 'param_state', 346), ('optimizer', 'param_state', 347), ('optimizer', 'param_state', 348), ('optimizer', 'param_state', 349), ('optimizer', 'param_state', 350), ('optimizer', 'param_state', 351), ('optimizer', 'param_state', 352), ('optimizer', 'param_state', 353), ('optimizer', 'param_state', 354), ('optimizer', 'param_state', 355), ('optimizer', 'param_state', 356), ('optimizer', 'param_state', 357), ('optimizer', 'param_state', 358), ('optimizer', 'param_state', 359), ('optimizer', 'param_state', 360), ('optimizer', 'param_state', 361), ('optimizer', 'param_state', 362), ('optimizer', 'param_state', 363), ('optimizer', 'param_state', 364), ('optimizer', 'param_state', 365), ('optimizer', 'param_state', 366), ('optimizer', 'param_state', 367), ('optimizer', 'param_state', 368), ('optimizer', 'param_state', 369), ('optimizer', 'param_state', 370), ('optimizer', 'param_state', 371), ('optimizer', 'param_state', 372), ('optimizer', 'param_state', 373), ('optimizer', 'param_state', 374), ('optimizer', 'param_state', 375), ('optimizer', 'param_state', 376), ('optimizer', 'param_state', 377), ('optimizer', 'param_state', 378), ('optimizer', 'param_state', 379), ('optimizer', 'param_state', 380), ('optimizer', 'param_state', 381), ('optimizer', 'param_state', 382), ('optimizer', 'param_state', 383), ('optimizer', 'param_state', 384), ('optimizer', 'param_state', 385), ('optimizer', 'param_state', 386), ('optimizer', 'param_state', 387), ('optimizer', 'param_state', 388), ('optimizer', 'param_state', 389), ('optimizer', 'param_state', 390), ('optimizer', 'param_state', 391), ('optimizer', 'param_state', 392), ('optimizer', 'param_state', 393), ('optimizer', 'param_state', 394), ('optimizer', 'param_state', 395), ('optimizer', 'param_state', 396), ('optimizer', 'param_state', 397), ('optimizer', 'param_state', 398), ('optimizer', 'param_state', 399)], Mismatched keys: []
[36m(WorkerDict pid=113561, ip=node2)[0m WARNING:2026-01-07 16:42:56,532:Rank 5 common state dict differs from rank 0 common state dict. Keys only on rank 0: [('optimizer', 'param_state', 60), ('optimizer', 'param_state', 61), ('optimizer', 'param_state', 62), ('optimizer', 'param_state', 63), ('optimizer', 'param_state', 64), ('optimizer', 'param_state', 65), ('optimizer', 'param_state', 66), ('optimizer', 'param_state', 67), ('optimizer', 'param_state', 68), ('optimizer', 'param_state', 69), ('optimizer', 'param_state', 70), ('optimizer', 'param_state', 71), ('optimizer', 'param_state', 72), ('optimizer', 'param_state', 73), ('optimizer', 'param_state', 74), ('optimizer', 'param_state', 75), ('optimizer', 'param_state', 76), ('optimizer', 'param_state', 77), ('optimizer', 'param_state', 78), ('optimizer', 'param_state', 79), ('optimizer', 'param_state', 80), ('optimizer', 'param_state', 81), ('optimizer', 'param_state', 82), ('optimizer', 'param_state', 83), ('optimizer', 'param_state', 84), ('optimizer', 'param_state', 85), ('optimizer', 'param_state', 86), ('optimizer', 'param_state', 87), ('optimizer', 'param_state', 88), ('optimizer', 'param_state', 89), ('optimizer', 'param_state', 90), ('optimizer', 'param_state', 91), ('optimizer', 'param_state', 92), ('optimizer', 'param_state', 93), ('optimizer', 'param_state', 94), ('optimizer', 'param_state', 95), ('optimizer', 'param_state', 96)], Keys only on 5: [], Mismatched keys: []
[36m(WorkerDict pid=113598, ip=node2)[0m WARNING:2026-01-07 16:42:56,531:Rank 7 common state dict differs from rank 0 common state dict. Keys only on rank 0: [('optimizer', 'param_state', 87), ('optimizer', 'param_state', 88), ('optimizer', 'param_state', 89), ('optimizer', 'param_state', 90), ('optimizer', 'param_state', 91), ('optimizer', 'param_state', 92), ('optimizer', 'param_state', 93), ('optimizer', 'param_state', 94), ('optimizer', 'param_state', 95), ('optimizer', 'param_state', 96)], Keys only on 7: [], Mismatched keys: []
[36m(WorkerDict pid=113550, ip=node2)[0m INFO:2026-01-07 16:51:43,873:[Rank 0] Saved bridge checkpoint to /workspace/recipe/exp/checkpoint/qwen3_vl_8b_megatron_/global_step_60/actor/huggingface
[36m(WorkerDict pid=113598, ip=node2)[0m INFO:2026-01-07 16:49:02,428:[Rank 7] Saving HF model checkpoint to /workspace/recipe/exp/checkpoint/qwen3_vl_8b_megatron_/global_step_60/actor with bridge[32m [repeated 7x across cluster][0m
[36m(WorkerDict pid=113551, ip=node2)[0m INFO:2026-01-07 16:51:43,873:[Rank 1] Dist checkpointing save completed for /workspace/recipe/exp/checkpoint/qwen3_vl_8b_megatron_/global_step_60/actor/dist_ckpt

[36m(TaskRunner pid=169079)[0m step:58 - actor/entropy:0.30587324500083923 - perf/mfu/actor_infer:0 - actor/kl_loss:0.014805724570113752 - actor/kl_coef:0.009999999999999998 - actor/pg_clipfrac:0.0010920076248213365 - actor/ppo_kl:-4.5350699657041734e-06 - actor/pg_clipfrac_lower:8.781931278968436e-07 - actor/pg_loss:0.07041854329355475 - actor/grad_norm:0.10624549520102636 - perf/mfu/actor:0.0 - perf/max_memory_allocated_gb:89.67712497711182 - perf/max_memory_reserved_gb:93.228515625 - perf/cpu_memory_used_gb:494.9170455932617 - actor/lr:1e-06 - training/global_step:58 - training/epoch:14 - critic/score/mean:0.5378905534744263 - critic/score/max:0.8999999761581421 - critic/score/min:0.0 - critic/rewards/mean:0.5378905534744263 - critic/rewards/max:0.8999999761581421 - critic/rewards/min:0.0 - critic/advantages/mean:-0.07127541303634644 - critic/advantages/max:1.7888498306274414 - critic/advantages/min:-1.7888498306274414 - critic/returns/mean:-0.07127541303634644 - critic/returns/max:1.7888498306274414 - critic/returns/min:-1.7888498306274414 - response_length/mean:871.9671630859375 - response_length/max:2048.0 - response_length/min:79.0 - response_length/clip_ratio:0.16015625 - response_length_non_aborted/mean:871.9671630859375 - response_length_non_aborted/max:2048.0 - response_length_non_aborted/min:79.0 - response_length_non_aborted/clip_ratio:0.16015625 - response/aborted_ratio:0.0 - prompt_length/mean:278.51953125 - prompt_length/max:669.0 - prompt_length/min:189.0 - prompt_length/clip_ratio:0.0 - num_turns/min:2 - num_turns/max:2 - num_turns/mean:2.0 - timing_s/start_profile:7.34690111130476e-05 - timing_s/agent_loop/generate_sequences/min:11.634633339010179 - timing_s/agent_loop/generate_sequences/max:85.22953045903705 - timing_s/agent_loop/generate_sequences/mean:46.88372037909603 - timing_s/agent_loop/tool_calls/min:0.0 - timing_s/agent_loop/tool_calls/max:0.0 - timing_s/agent_loop/tool_calls/mean:0.0 - timing_s/agent_loop/slowest/generate_sequences:85.22953045903705 - timing_s/agent_loop/slowest/tool_calls:0.0 - timing_s/agent_loop/slowest/prompt_length:249 - timing_s/agent_loop/slowest/response_length:2048 - timing_s/gen:100.86034715012647 - timing_s/reward:0.00010640802793204784 - timing_s/old_log_prob:104.3979198851157 - timing_s/ref:100.70126339304261 - timing_s/adv:0.08898458001203835 - timing_s/update_actor:356.07109769806266 - timing_s/step:662.4288095619995 - timing_s/stop_profile:2.8959009796380997e-05 - timing_per_token_ms/update_actor:0.12089689543693893 - timing_per_token_ms/adv:3.021295335331526e-05 - timing_per_token_ms/ref:0.034191121350489094 - timing_per_token_ms/gen:0.045183550104077916 - perf/total_num_tokens:2945246 - perf/time_per_step:662.4288095619995 - perf/throughput:555.7665136023085
[36m(TaskRunner pid=169079)[0m step:59 - actor/entropy:0.2993369698524475 - perf/mfu/actor_infer:0 - actor/kl_loss:0.015076939780474379 - actor/kl_coef:0.009999999999999998 - actor/pg_clipfrac:0.0010144270196546581 - actor/ppo_kl:2.3229233020811526e-05 - actor/pg_clipfrac_lower:1.3403473173404176e-06 - actor/pg_loss:0.06361436806069792 - actor/grad_norm:0.11038125754949 - perf/mfu/actor:0.0 - perf/max_memory_allocated_gb:89.67712497711182 - perf/max_memory_reserved_gb:93.228515625 - perf/cpu_memory_used_gb:495.10575103759766 - actor/lr:1e-06 - training/global_step:59 - training/epoch:14 - critic/score/mean:0.5709375143051147 - critic/score/max:0.8999999761581421 - critic/score/min:0.0 - critic/rewards/mean:0.5709375143051147 - critic/rewards/max:0.8999999761581421 - critic/rewards/min:0.0 - critic/advantages/mean:-0.06482336670160294 - critic/advantages/max:1.7888498306274414 - critic/advantages/min:-1.7888498306274414 - critic/returns/mean:-0.06482336670160294 - critic/returns/max:1.7888498306274414 - critic/returns/min:-1.7888498306274414 - response_length/mean:861.3937377929688 - response_length/max:2048.0 - response_length/min:40.0 - response_length/clip_ratio:0.15078124403953552 - response_length_non_aborted/mean:861.3937377929688 - response_length_non_aborted/max:2048.0 - response_length_non_aborted/min:40.0 - response_length_non_aborted/clip_ratio:0.15078124403953552 - response/aborted_ratio:0.0 - prompt_length/mean:275.1875 - prompt_length/max:664.0 - prompt_length/min:190.0 - prompt_length/clip_ratio:0.0 - num_turns/min:2 - num_turns/max:2 - num_turns/mean:2.0 - timing_s/start_profile:3.5049160942435265e-05 - timing_s/agent_loop/generate_sequences/min:9.282641872065142 - timing_s/agent_loop/generate_sequences/max:83.32315960596316 - timing_s/agent_loop/generate_sequences/mean:46.50471412342513 - timing_s/agent_loop/tool_calls/min:0.0 - timing_s/agent_loop/tool_calls/max:0.0 - timing_s/agent_loop/tool_calls/mean:0.0 - timing_s/agent_loop/slowest/generate_sequences:83.32315960596316 - timing_s/agent_loop/slowest/tool_calls:0.0 - timing_s/agent_loop/slowest/prompt_length:452 - timing_s/agent_loop/slowest/response_length:2048 - timing_s/gen:99.0678740630392 - timing_s/reward:0.00013337796553969383 - timing_s/old_log_prob:100.95805447897874 - timing_s/ref:99.2933106389828 - timing_s/adv:0.14475559908896685 - timing_s/update_actor:352.589390873909 - timing_s/step:652.3625591779128 - timing_s/stop_profile:3.181910142302513e-05 - timing_per_token_ms/update_actor:0.12117939725833125 - timing_per_token_ms/adv:4.9750210021613215e-05 - timing_per_token_ms/ref:0.034125540491146286 - timing_per_token_ms/gen:0.04492531819028718 - perf/total_num_tokens:2909648 - perf/time_per_step:652.3625591779128 - perf/throughput:557.5212661780148
[36m(TaskRunner pid=169079)[0m test_gen_batch meta info: {'eos_token_id': 151645, 'pad_token_id': 151643, 'recompute_log_prob': False, 'do_sample': False, 'validate': True, 'global_steps': 60}
[36m(TaskRunner pid=169079)[0m validation generation end
[36m(TaskRunner pid=169079)[0m local_global_step_folder: /workspace/recipe/exp/checkpoint/qwen3_vl_8b_megatron_/global_step_60
[36m(WorkerDict pid=113550, ip=node2)[0m Qwen3VLTransformerConfig(tensor_model_parallel_size=2, pipeline_model_parallel_comm_backend=None, pipeline_model_parallel_size=2, virtual_pipeline_model_parallel_size=None, sequence_parallel=True, context_parallel_size=2, hierarchical_context_parallel_sizes=None, expert_model_parallel_size=1, expert_tensor_parallel_size=2, moe_extended_tp=False, perform_initialization=True, use_cpu_initialization=False, fp16=False, bf16=True, params_dtype=torch.bfloat16, timers=None, finalize_model_grads_func=<function finalize_model_grads at 0x7f4af46d6020>, grad_scale_func=<bound method MegatronOptimizer.scale_loss of <megatron.core.optimizer.optimizer.ChainedOptimizer object at 0x7f49f81a4380>>, no_sync_func=None, grad_sync_func=None, param_sync_func=None, deterministic_mode=False, enable_autocast=False, autocast_dtype=torch.bfloat16, num_microbatches_with_partial_activation_checkpoints=None, gradient_accumulation_fusion=True, async_tensor_model_parallel_allreduce=True, use_te_rng_tracker=False, tp_comm_overlap=False, tp_comm_bulk_wgrad=True, tp_comm_bulk_dgrad=True, tp_comm_overlap_ag=True, tp_comm_overlap_rs=True, tp_comm_overlap_rs_dgrad=False, tp_comm_split_ag=True, tp_comm_atomic_ag=False, tp_comm_split_rs=True, tp_comm_atomic_rs=False, cross_entropy_loss_fusion=False, cross_entropy_fusion_impl='native', tp_comm_overlap_disable_qkv=False, tp_comm_overlap_disable_fc1=False, tp_comm_bootstrap_backend='nccl', overlap_moe_expert_parallel_comm=False, delay_wgrad_compute=False, pipeline_dtype=torch.bfloat16, variable_seq_lengths=True, overlap_p2p_comm=False, batch_p2p_comm=False, batch_p2p_sync=True, use_ring_exchange_p2p=False, deallocate_pipeline_outputs=True, defer_embedding_wgrad_compute=False, wgrad_deferral_limit=0, overlap_p2p_comm_warmup_flush=False, microbatch_group_size_per_vp_stage=2, cpu_offloading=False, cpu_offloading_num_layers=0, _cpu_offloading_context=None, cpu_offloading_activations=True, cpu_offloading_weights=True, barrier_with_L1_time=True, num_layers=36, mtp_num_layers=None, mtp_loss_scaling_factor=None, num_layers_in_first_pipeline_stage=None, num_layers_in_last_pipeline_stage=None, pipeline_model_parallel_layout=None, account_for_embedding_in_pipeline_split=True, account_for_loss_in_pipeline_split=True, hidden_size=4096, num_attention_heads=32, attention_backend=<AttnBackend.flash: 1>, softmax_scale=None, num_query_groups=8, ffn_hidden_size=12288, kv_channels=128, hidden_dropout=0.0, attention_dropout=0.0, fp32_residual_connection=False, apply_residual_connection_post_layernorm=False, layernorm_epsilon=1e-06, layernorm_zero_centered_gamma=False, add_bias_linear=False, add_qkv_bias=False, gated_linear_unit=True, activation_func=<function silu at 0x7f7e503b56c0>, activation_func_fp8_input_store=False, num_moe_experts=None, rotary_interleaved=False, window_size=None, normalization='RMSNorm', qk_layernorm=True, test_mode=False, calculate_per_token_loss=False, multi_latent_attention=False, no_rope_freq=None, moe_deepep_num_sms=20, init_method=functools.partial(<function normal_ at 0x7f7e50236020>, mean=0.0, std=0.02), output_layer_init_method=functools.partial(<function normal_ at 0x7f7e50236020>, mean=0.0, std=0.0023570226039551587), init_method_std=0.02, embedding_init_method=functools.partial(<function normal_ at 0x7f7e50236020>, mean=0.0, std=0.02), embedding_init_method_std=0.02, init_model_with_meta_device=False, apply_query_key_layer_scaling=False, attention_softmax_in_fp32=True, disable_bf16_reduced_precision_matmul=False, bias_activation_fusion=True, masked_softmax_fusion=False, persist_layer_norm=True, memory_efficient_layer_norm=False, bias_dropout_fusion=True, apply_rope_fusion=False, use_fused_weighted_squared_relu=False, recompute_granularity='full', recompute_method='uniform', recompute_num_layers=1, distribute_saved_activations=False, recompute_modules=['core_attn'], fp8=None, fp8_recipe='delayed', fp8_param=False, fp8_margin=0, fp8_interval=1, fp8_amax_history_len=1, fp8_amax_compute_algo='most_recent', fp8_wgrad=True, fp8_dot_product_attention=False, fp8_multi_head_attention=False, tp_only_amax_red=False, first_last_layers_bf16=False, num_layers_at_start_in_bf16=1, num_layers_at_end_in_bf16=1, use_kitchen=False, moe_shared_expert_intermediate_size=None, moe_shared_expert_overlap=False, moe_layer_freq=1, moe_ffn_hidden_size=None, moe_router_load_balancing_type='aux_loss', moe_router_topk=2, moe_router_topk_limited_devices=None, moe_router_padding_for_fp8=False, moe_router_num_groups=None, moe_router_group_topk=None, moe_router_pre_softmax=False, moe_router_topk_scaling_factor=None, moe_router_score_function='softmax', moe_router_dtype='fp32', moe_router_enable_expert_bias=False, moe_router_bias_update_rate=0.001, moe_router_force_load_balancing=False, moe_grouped_gemm=False, moe_use_legacy_grouped_gemm=False, moe_aux_loss_coeff=0.0, moe_z_loss_coeff=None, moe_input_jitter_eps=None, moe_token_dropping=False, moe_token_dispatcher_type='flex', moe_enable_deepep=True, moe_per_layer_logging=False, moe_expert_capacity_factor=None, moe_pad_expert_input_to_capacity=False, moe_token_drop_policy='probs', moe_layer_recompute=False, moe_permute_fusion=True, moe_router_fusion=False, moe_apply_probs_on_input=False, cp_comm_type='p2p', enable_cuda_graph=False, cuda_graph_use_single_mempool=False, cuda_graph_retain_backward_graph=False, cuda_graph_warmup_steps=3, external_cuda_graph=False, cuda_graph_scope='full', clone_scatter_output_in_embedding=True, disable_parameter_transpose_cache=False, config_logger_dir='', flash_decode=False, inference_rng_tracker=False, symmetric_ar_type=None, mrope_section=[24, 20, 20], is_hybrid_model=False, mamba_state_dim=128, mamba_head_dim=64, mamba_num_groups=8, mamba_num_heads=None, use_mamba_mem_eff_path=True, mlp_chunks_for_prefill=1, heterogeneous_block_specs=False, hetereogenous_dist_checkpoint=False, quant_recipe=None, transformer_impl='transformer_engine', patch_size=16, temporal_patch_size=2, in_channels=3, spatial_merge_size=2, num_position_embeddings=2304, out_hidden_size=4096, apply_rotary_pos_emb_in_fp32=False, deepstack_visual_indexes=[8, 16, 24])[36m(WorkerDict pid=113550, ip=node2)[0m INFO:2026-01-07 16:51:44,674:[Rank 0] Saved Huggingface config and tokenizer to /workspace/recipe/exp/checkpoint/qwen3_vl_8b_megatron_/global_step_60/actor/huggingface
[36m(TaskRunner pid=169079)[0m 
Training Progress: 100%|██████████| 60/60 [12:02:25<00:00, 840.53s/it]
Training Progress: 100%|██████████| 60/60 [12:02:25<00:00, 722.43s/it]
[36m(TaskRunner pid=169079)[0m wandb: 
[36m(TaskRunner pid=169079)[0m wandb: Run history:
[36m(TaskRunner pid=169079)[0m wandb:           actor/entropy ██▇▇▆▅▆▅▄▄▃▃▃▃▃▃▂▂▃▂▁▁▂▂▁▁▁▁▁▁▂▂▁▂▁▂▁▂▂▁
[36m(TaskRunner pid=169079)[0m wandb:         actor/grad_norm ▁▁▁▃▁▂▂▂▂▂▃▂▂▃▃▃▄▃▃▆▄▄▂▆▆▃▃▃▃▂▃▃▃▃▃▂█▃▅▂
[36m(TaskRunner pid=169079)[0m wandb:           actor/kl_coef ▁▁▁▁▁▁▁▁▁▁▁▁▁▁▁▁▁▁▁▁▁▁▁▁▁▁▁▁▁▁▁▁▁▁▁▁▁▁▁▁
[36m(TaskRunner pid=169079)[0m wandb:           actor/kl_loss ▁▁▁▁▁▂▂▂▂▃▃▄▄▄▄▅▅▅▆▆▆▆▇▆▇▇▇▇▇▇▇▇▇▇▇█▇███
[36m(TaskRunner pid=169079)[0m wandb:                actor/lr ▁▁▁▁▁▁▁▁▁▁▁▁▁▁▁▁▁▁▁▁▁▁▁▁▁▁▁▁▁▁▁▁▁▁▁▁▁▁▁▁
[36m(TaskRunner pid=169079)[0m wandb:       actor/pg_clipfrac ▁▂▃▂▃▃▄▄▄▅▅▆▄▆▆▆▄▇▆▇▆▅█▆▆▆▇▇▇▇▅▆▆▆▇▇▆█▇▆
[36m(TaskRunner pid=169079)[0m wandb: actor/pg_clipfrac_lower ▃▃▁▁▅▃▃▃▃▁▁▁▁▁▁▁▄▄▁▆▁▁▃▁▄▁▁█▁▁▃▁▃▁▁▆▃▁▆▄
[36m(TaskRunner pid=169079)[0m wandb:           actor/pg_loss ▃▄▄█▆▄▄▆▆▃▆▅▄▅▅▆▂▄▅▆▃▄▂▄▁▅▅▃▃▅▅▄▃▂▃▄▂▄▅▂
[36m(TaskRunner pid=169079)[0m wandb:            actor/ppo_kl ▅▂▅▅▁▆▃▅▃▇▄█▆▇▆▄▂▆▆▂▇▄▆▇▂▄▆▄▂▆▄█▂▄▄▁▄▆▃▅
[36m(TaskRunner pid=169079)[0m wandb:   critic/advantages/max ▁▁▁▁▁▁▁▁▁▁▁▁▁▁▁▁▁▁▁▁▁▁▁▁▁▁▁▁▁▁▁▁▁▁▁▁▁▁▁▁
[36m(TaskRunner pid=169079)[0m wandb:                     +73 ...
[36m(TaskRunner pid=169079)[0m wandb: 
[36m(TaskRunner pid=169079)[0m wandb: Run summary:
[36m(TaskRunner pid=169079)[0m wandb:           actor/entropy 0.29639
[36m(TaskRunner pid=169079)[0m wandb:         actor/grad_norm 0.10397
[36m(TaskRunner pid=169079)[0m wandb:           actor/kl_coef 0.01
[36m(TaskRunner pid=169079)[0m wandb:           actor/kl_loss 0.01513
[36m(TaskRunner pid=169079)[0m wandb:                actor/lr 0.0
[36m(TaskRunner pid=169079)[0m wandb:       actor/pg_clipfrac 0.00096
[36m(TaskRunner pid=169079)[0m wandb: actor/pg_clipfrac_lower 0.0
[36m(TaskRunner pid=169079)[0m wandb:           actor/pg_loss 0.05423
[36m(TaskRunner pid=169079)[0m wandb:            actor/ppo_kl 2e-05
[36m(TaskRunner pid=169079)[0m wandb:   critic/advantages/max 1.78885
[36m(TaskRunner pid=169079)[0m wandb:                     +73 ...
[36m(TaskRunner pid=169079)[0m wandb: 
[36m(TaskRunner pid=169079)[0m wandb: You can sync this run to the cloud by running:
[36m(TaskRunner pid=169079)[0m wandb: wandb sync /workspace/wandb/offline-run-20260107_044825-cdwvjsde
[36m(TaskRunner pid=169079)[0m wandb: Find logs at: ./wandb/offline-run-20260107_044825-cdwvjsde/logs

[36m(TaskRunner pid=169079)[0m step:60 - actor/entropy:0.29639098048210144 - perf/mfu/actor_infer:0 - actor/kl_loss:0.015128247910754735 - actor/kl_coef:0.009999999999999998 - actor/pg_clipfrac:0.0009615948757946784 - actor/ppo_kl:1.6790587750232988e-05 - actor/pg_clipfrac_lower:4.853125042909903e-07 - actor/pg_loss:0.05422604845423419 - actor/grad_norm:0.10397262718707748 - perf/mfu/actor:0.0 - perf/max_memory_allocated_gb:89.67712497711182 - perf/max_memory_reserved_gb:93.515625 - perf/cpu_memory_used_gb:495.033203125 - actor/lr:1e-06 - val-aux/hiyouga/geometry3k/reward/mean@1:0.5525790203034183 - val-core/hiyouga/geometry3k/acc/mean@1:0.5525790349417637 - val-aux/num_turns/min:2 - val-aux/num_turns/max:2 - val-aux/num_turns/mean:2.0 - training/global_step:60 - training/epoch:14 - critic/score/mean:0.5716406106948853 - critic/score/max:0.8999999761581421 - critic/score/min:0.0 - critic/rewards/mean:0.5716406106948853 - critic/rewards/max:0.8999999761581421 - critic/rewards/min:0.0 - critic/advantages/mean:-0.05427701771259308 - critic/advantages/max:1.7888498306274414 - critic/advantages/min:-1.7888498306274414 - critic/returns/mean:-0.05427701771259308 - critic/returns/max:1.7888498306274414 - critic/returns/min:-1.7888498306274414 - response_length/mean:850.9929809570312 - response_length/max:2048.0 - response_length/min:40.0 - response_length/clip_ratio:0.14531250298023224 - response_length_non_aborted/mean:850.9929809570312 - response_length_non_aborted/max:2048.0 - response_length_non_aborted/min:40.0 - response_length_non_aborted/clip_ratio:0.14531250298023224 - response/aborted_ratio:0.0 - prompt_length/mean:283.435546875 - prompt_length/max:842.0 - prompt_length/min:192.0 - prompt_length/clip_ratio:0.0 - num_turns/min:2 - num_turns/max:2 - num_turns/mean:2.0 - timing_s/start_profile:8.967891335487366e-05 - timing_s/agent_loop/generate_sequences/min:9.537272991612554 - timing_s/agent_loop/generate_sequences/max:83.32954995520413 - timing_s/agent_loop/generate_sequences/mean:46.95963865380927 - timing_s/agent_loop/tool_calls/min:0.0 - timing_s/agent_loop/tool_calls/max:0.0 - timing_s/agent_loop/tool_calls/mean:0.0 - timing_s/agent_loop/slowest/generate_sequences:83.32954995520413 - timing_s/agent_loop/slowest/tool_calls:0.0 - timing_s/agent_loop/slowest/prompt_length:418 - timing_s/agent_loop/slowest/response_length:2048 - timing_s/gen:99.19948417297564 - timing_s/reward:0.00010689813643693924 - timing_s/old_log_prob:105.25757875409909 - timing_s/ref:100.84053725306876 - timing_s/adv:0.06464084098115563 - timing_s/update_actor:350.5062937629409 - timing_s/step:656.8985914960504 - timing_s/testing:52.53423475893214 - timing_s/save_checkpoint:532.8076094810385 - timing_s/stop_profile:4.696892574429512e-05 - timing_per_token_ms/update_actor:0.12069206575410903 - timing_per_token_ms/adv:2.225819270273945e-05 - timing_per_token_ms/ref:0.03472306480481766 - timing_per_token_ms/gen:0.04553480454954536 - perf/total_num_tokens:2904137 - perf/time_per_step:656.8985914960504 - perf/throughput:552.6227787659714
[36m(TaskRunner pid=169079)[0m ("Final validation metrics: {'val-aux/hiyouga/geometry3k/reward/mean@1': "
[36m(TaskRunner pid=169079)[0m  "0.5525790203034183, 'val-core/hiyouga/geometry3k/acc/mean@1': "
[36m(TaskRunner pid=169079)[0m  "0.5525790349417637, 'val-aux/num_turns/min': 2, 'val-aux/num_turns/max': 2, "
[36m(TaskRunner pid=169079)[0m  "'val-aux/num_turns/mean': 2.0}")
[36m(WorkerDict pid=113598, ip=node2)[0m INFO:2026-01-07 16:51:43,873:[Rank 7] Saved bridge checkpoint to /workspace/recipe/exp/checkpoint/qwen3_vl_8b_megatron_/global_step_60/actor/huggingface[32m [repeated 7x across cluster][0m
[36m(WorkerDict pid=113550, ip=node2)[0m INFO:2026-01-07 16:51:44,687:[Rank 0] Dist checkpointing save completed for /workspace/recipe/exp/checkpoint/qwen3_vl_8b_megatron_/global_step_60/actor/dist_ckpt[32m [repeated 7x across cluster][0m
